tf,target,edge_sign,obs_coexpr
AR,AKT1,1,0.36175673612064146
DNMT3B,AKT1,1,0.27338397320278857
ESR1,AKT1,1,0.025802720065711875
EZH2,AKT1,1,0.12677551129187206
MYC,AKT1,1,-0.40813874711328135
NCOA3,AKT1,1,0.10318802544912983
TP53,AKT1,-1,0.026119225183771744
HIF1A,AKT1,1,-0.10191643164275176
ESR1,AKT2,1,0.09852327653440812
TP53,AKT2,1,0.07507284319570343
TWIST1,AKT2,1,-0.08244859533904972
AR,ALDH1A3,1,-0.17583225769748315
DNMT3B,APC,1,-0.016007046917944946
EZH2,APC,-1,-0.016951091282779926
MYC,APC,1,0.018628919642890727
TP53,APC,1,0.06897379584963412
HIF1A,APC,-1,0.042280889289608645
ARID1A,AR,1,0.05097035494483962
E2F1,AR,-1,-0.043486070579799245
ESR1,AR,1,0.4775875669161448
EZH2,AR,1,-0.1620652123971336
FOXA1,AR,-1,0.5113406923323334
FOXM1,AR,1,-0.18127107887357075
HOXB13,AR,-1,0.05311191096895667
MYBL2,AR,1,-0.00023090367908670158
MYC,AR,1,-0.33637805869393916
NCOA3,AR,1,0.05995119381845236
NCOR1,AR,1,0.19102826081654886
SMAD3,AR,1,0.22570227174762056
SMAD4,AR,-1,-0.19519085670150518
TP53,AR,-1,0.050601291675966956
TWIST1,AR,1,-0.2464575953768376
ZEB1,AR,-1,-0.05694350663846878
HIF1A,AR,1,-0.30839674333292094
E2F4,AR,1,-0.3343945731445207
BRCA1,ASPM,1,0.3952356582426509
BRCA1,ATM,1,-0.16721965090509996
E2F1,ATM,1,-0.012996530712425153
MYC,ATM,1,0.1550548826823255
RBBP8,ATM,1,0.05943624678047313
TWIST1,ATM,1,0.10806002236127848
E2F1,AURKA,1,0.08912306279020238
ESR1,AURKA,1,-0.32236264789896074
GATA3,AURKA,1,-0.36333295138909283
MYC,AURKA,1,0.1349308478752157
TP53,AURKA,-1,0.004568165825283375
HIF1A,AURKA,1,0.12638337956746526
E2F1,AURKB,1,0.08799904047599359
FOXM1,AURKB,1,0.8781194542807687
E2F4,AURKB,1,0.3306007057113447
DNMT3B,BAG1,1,-0.09405744853576024
TP53,BAG1,-1,0.053627938436449335
E2F1,BBC3,1,0.029794138584760998
MYC,BBC3,1,0.01811882331813122
SMAD3,BBC3,1,0.0038940986200858446
SMAD4,BBC3,1,-0.08236753844413963
TP53,BBC3,1,-0.012833123602129513
AR,BCL2,1,0.2639710462314973
E2F1,BCL2,1,0.003138776537937702
ESR1,BCL2,1,0.6331110195252685
EZH2,BCL2,1,-0.342188071009464
FOXA1,BCL2,-1,0.4887853999862804
MYBL2,BCL2,1,-0.06868142042174843
MYC,BCL2,1,0.010453874442516031
NCOA3,BCL2,1,-0.1466117406838943
PGR,BCL2,1,0.4172073939051251
RUNX1,BCL2,1,0.1428261550432385
SMAD3,BCL2,-1,0.42665747131968396
SMAD4,BCL2,1,0.30692960037656886
TP53,BCL2,-1,0.08542808897968011
TWIST1,BCL2,1,-0.2568130702192581
TRPS1,BCL2,1,0.32310668842669793
TOX3,BCL2,1,0.18929827899142773
HIF1A,BCL2,1,-0.3613182131315642
E2F1,BIRC5,1,0.09714595032368112
ESR1,BIRC5,1,-0.27441073618632295
FOXM1,BIRC5,-1,0.8185606346062021
GATA3,BIRC5,1,-0.3171263529733683
MYBL2,BIRC5,1,0.07193922023103554
MYC,BIRC5,1,0.04935381332157548
RB1,BIRC5,1,-0.2700230964873115
RUNX1,BIRC5,1,-0.25210231561693774
SMAD3,BIRC5,1,-0.03226789645310159
TP53,BIRC5,-1,-0.06113155778431032
HIF1A,BIRC5,1,0.03385082339978923
E2F4,BIRC5,-1,0.26419545246726805
EP300,BIRC5,-1,-0.15033723098971566
DNMT3A,BRCA1,1,-0.1091351917569719
DNMT3B,BRCA1,1,0.22970001552094135
E2F1,BRCA1,1,0.08127450249127233
ESR1,BRCA1,1,0.16929922747952966
EZH2,BRCA1,1,0.24922112584608963
FOXA1,BRCA1,1,0.15845187046711423
MYC,BRCA1,1,-0.0735692682665373
NCOA3,BRCA1,1,0.13828676404422463
RB1,BRCA1,-1,-0.11565416570654036
TP53,BRCA1,-1,-0.016483996209051832
TOX3,BRCA1,-1,0.03777112291200079
CTBP1,BRCA1,-1,-0.02668057642552114
HIF1A,BRCA1,1,-0.14065611975368303
E2F4,BRCA1,-1,-0.1157763610504189
EP300,BRCA1,1,-0.11879050127898476
BRCA1,BRCA2,1,0.030412447226537125
ESR1,BRCA2,1,-0.11706557438785334
FOXM1,BRCA2,1,0.11171433692866703
MYC,BRCA2,1,-0.10660342002537739
TP53,BRCA2,-1,-0.023754439467804443
CTBP1,BRCA2,-1,-0.10131574225805293
ESR1,CA12,1,0.6688451370008627
ESR1,CBFB,1,-0.39028431549171655
MYC,CBFB,1,0.31956659758025996
AR,CCNB1,-1,-0.11525754672015631
BRCA1,CCNB1,1,0.44494548880785634
E2F1,CCNB1,1,0.09300050414421573
FOXM1,CCNB1,1,0.6393821269284256
MYBL2,CCNB1,1,0.09768010928649025
MYC,CCNB1,1,-0.004254949006217294
TP53,CCNB1,-1,-0.08879967323268405
E2F4,CCNB1,1,0.02147867294333581
DNMT3B,CCNB2,1,0.4865397560522275
MYBL2,CCNB2,-1,0.06259612727137244
MYC,CCNB2,1,0.163477826742062
TP53,CCNB2,-1,-0.0062179240275288955
E2F4,CCNB2,-1,0.31546599329255
EP300,CCNB2,1,-0.07680998083858813
AR,CCND1,1,0.2746232074419428
BRCA1,CCND1,1,0.25228720530875365
DNMT3A,CCND1,-1,0.002191102898374886
E2F1,CCND1,1,-0.014691750163634039
ESR1,CCND1,1,0.51887847049379
EZH2,CCND1,1,-0.06986507200545312
FOXA1,CCND1,1,0.39025454271605453
FOXM1,CCND1,1,0.02090593899254076
GATA3,CCND1,1,0.5198124596778592
HOXB13,CCND1,-1,-0.0375882738856938
HTATIP2,CCND1,-1,-0.18759226704341644
MYBL2,CCND1,1,-0.02335643091680342
MYC,CCND1,1,-0.15031186015367384
NCOA3,CCND1,1,0.012107686315624382
NCOR1,CCND1,1,0.15922093414848798
PGR,CCND1,1,0.2603762897912645
SMAD3,CCND1,1,0.4135836418512079
SMAD4,CCND1,1,-0.058940879455750224
TP53,CCND1,-1,0.00455064306958485
TRPS1,CCND1,1,0.21271576691827812
BTG2,CCND1,-1,0.04753482696140666
HIF1A,CCND1,1,-0.3622756372256296
E2F4,CCND1,1,-0.22784155268610973
EP300,CCND1,1,-0.028601426204690528
E2F1,CCNE2,1,0.07984114687539251
EZH2,CCNE2,1,0.6247513718994236
FOXM1,CCNE2,1,0.6335251441586309
MYC,CDC20,1,0.0432874976294027
TP53,CDC20,-1,-0.06573947905989644
AR,CDC6,1,-0.049047933889467245
E2F1,CDC6,1,0.016912708905456115
FOXM1,CDC6,1,0.38960102493490073
E2F4,CDC6,1,0.07484814626501185
E2F1,CDCA7,1,0.03133295997965058
MYC,CDCA7,1,0.23893882699629743
E2F4,CDCA7,1,0.4169188512550131
AR,CDH1,-1,0.04152258556329386
ARID1A,CDH1,1,0.04121403103363363
DNMT3A,CDH1,-1,-0.1058500089421236
DNMT3B,CDH1,-1,0.07677741354758161
ESR1,CDH1,1,0.08370013012450016
EZH2,CDH1,-1,0.09286107790997954
FOXC1,CDH1,-1,-0.16307886477943948
FOXM1,CDH1,1,0.050468542453863105
GATA3,CDH1,1,0.06076612125564499
HTATIP2,CDH1,1,0.1665580710855009
MYC,CDH1,1,0.016495904060115175
RB1,CDH1,1,0.07733661899230564
RUNX1,CDH1,1,-0.22352342252742355
SMAD3,CDH1,-1,-0.12258495911455888
SMAD4,CDH1,-1,-0.056653256156423505
TBX3,CDH1,-1,0.05767455838734376
TP53,CDH1,1,0.043641163062055566
TWIST1,CDH1,-1,-0.055091793627200465
ZEB1,CDH1,-1,-0.046204093063982016
CTBP1,CDH1,-1,0.24209174447177978
HIF1A,CDH1,-1,0.11704444558750637
E2F1,CDK4,1,-0.011071128541534471
ESR1,CDK4,1,-0.33173008949884086
EZH2,CDK4,1,0.31990198103446216
MYC,CDK4,1,0.26124973000962587
RUNX1,CDK4,1,-0.2096729345316953
TP53,CDK4,-1,0.05310939749130508
ZEB1,CDK4,1,-0.0042514220952517435
AR,CDK6,1,-0.44915785521585716
MYC,CDK6,1,0.3000760619906068
RUNX1,CDK6,1,-0.05280368472627103
TP53,CDK6,1,0.04250441754228898
AR,CDKN1B,1,-0.07754238289984383
BRCA1,CDKN1B,1,0.026212245114266508
E2F1,CDKN1B,1,0.003991384432198327
ESR1,CDKN1B,-1,0.16037102783294985
EZH2,CDKN1B,1,-0.19188225822654684
FOXA1,CDKN1B,1,0.1678460882609405
FOXM1,CDKN1B,-1,-0.17601601320513302
MYC,CDKN1B,-1,0.11236811838985845
PGR,CDKN1B,1,0.21686388388479938
RUNX1,CDKN1B,-1,-0.13298494096092356
SMAD3,CDKN1B,1,-0.03516548626881909
TP53,CDKN1B,1,-0.03677137515510482
HIF1A,CDKN1B,1,0.19043994280523588
E2F4,CDKN1B,1,-0.17418339865621746
DNMT3A,CDKN2A,-1,-0.071636636960962
DNMT3B,CDKN2A,1,0.07272478346784653
E2F1,CDKN2A,1,0.03635991070682738
ESR1,CDKN2A,1,-0.3081065259297182
EZH2,CDKN2A,-1,0.1678446535729301
FOXA1,CDKN2A,1,-0.3055969830996643
FOXM1,CDKN2A,-1,0.18285254074785914
GATA3,CDKN2A,1,-0.2623035727327814
MYBL2,CDKN2A,1,0.012575649899778739
MYC,CDKN2A,1,0.13091113189849665
RUNX1,CDKN2A,1,-0.1925227272717912
SMAD3,CDKN2A,1,-0.2181605149163193
TBX3,CDKN2A,-1,-0.214311423369926
TP53,CDKN2A,1,-0.09931731655517452
TWIST1,CDKN2A,-1,0.15122850517471786
ZEB1,CDKN2A,-1,0.0294726802559851
CTBP1,CDKN2A,-1,0.008913843519565473
TP53,CEP55,-1,-0.0031342434539075367
E2F1,CHEK1,1,0.0693980534553529
EZH2,CHEK1,1,0.6967953063170437
FOXM1,CHEK1,1,0.6635744812984656
MYC,CHEK1,1,0.27948928542322765
TP53,CHEK1,-1,0.052435043065640126
E2F4,CHEK1,1,0.2899664087730386
E2F1,CHEK2,1,0.013949596257978864
MYC,CHEK2,1,0.32039520664878945
PITX2,CHEK2,1,0.012373647140774942
TP53,CHEK2,-1,0.06399593442801729
DNMT3B,DNMT3A,1,-0.12765694718305448
E2F1,DNMT3A,-1,-0.015460526878525855
RB1,DNMT3A,-1,0.057111358152225046
DNMT3A,DNMT3B,1,-0.12765694718305448
HOXB13,DNMT3B,1,0.14487866083678985
ESR1,E2F1,1,0.020341633454837502
MYBL2,E2F1,-1,0.06129636677983421
MYC,E2F1,1,-0.04814514442096877
PGR,E2F1,1,0.01645925542564984
RB1,E2F1,-1,-0.056404935530906884
TP53,E2F1,-1,-0.029981153196437217
E2F4,E2F1,-1,0.01197052054756685
AR,EGFR,-1,-0.3418504856094864
BRCA1,EGFR,-1,-0.3035628176739845
ESR1,EGFR,1,-0.6260363203190377
GATA3,EGFR,1,-0.6032847782314945
MYC,EGFR,1,0.25505328079888245
PGR,EGFR,1,-0.3319053211651618
SMAD4,EGFR,-1,0.10533036994008746
TP53,EGFR,1,-0.006529264233801608
AR,ERBB2,1,0.27009849913270795
ESR1,ERBB2,1,0.03035411807072626
FOXM1,ERBB2,1,-0.023114485453833548
GATA3,ERBB2,1,0.10849499069720385
MYBL2,ERBB2,-1,0.014723275711070898
MYC,ERBB2,-1,-0.31825847999598744
NCOA3,ERBB2,1,0.2590038674409618
PGR,ERBB2,-1,-0.0634405981108856
TP53,ERBB2,1,-0.04731942706921872
TRPS1,ERBB2,1,-0.01309469071941013
HIF1A,ERBB2,1,-0.04961223036033239
EP300,ERBB2,1,0.02082086798959065
AR,ERBB3,1,0.4261939916777982
TWIST1,ERBB3,-1,-0.2842704703705542
AR,ESR1,-1,0.4775875669161448
BRCA1,ESR1,1,0.16929922747952966
DNMT3A,ESR1,1,0.09307650553869495
DNMT3B,ESR1,1,-0.2518839050662093
FOXA1,ESR1,1,0.6829650558214113
FOXM1,ESR1,1,-0.2689488461980141
GATA3,ESR1,1,0.6991538209210119
HOXB13,ESR1,1,-0.052359380772882665
HTATIP2,ESR1,1,-0.2705410803008954
MYC,ESR1,1,-0.22601759645715794
NCOA3,ESR1,1,-0.10790662934863995
NCOR1,ESR1,-1,0.3110890402473849
PGR,ESR1,1,0.4748760896664189
SMAD3,ESR1,-1,0.34917738360666883
SMAD4,ESR1,1,0.020090220815492915
TP53,ESR1,1,0.04499052796598969
TWIST1,ESR1,-1,-0.32818555338669647
ZEB1,ESR1,-1,-0.0379318251895541
HIF1A,ESR1,1,-0.3330301730173596
E2F4,ESR1,-1,-0.4688462272358858
TRPS1,EXT1,1,-0.28825138724169885
E2F1,EZH2,1,0.04263965902839354
MYC,EZH2,1,0.1281775122956634
TP53,EZH2,-1,0.04728390119221909
EP300,EZH2,1,0.060146205145786634
FOXC1,FGF19,1,0.0009488898165818098
MYC,FGF3,1,0.039413730173154804
GATA3,FGF4,1,-0.017307596737638736
MYBL2,FGF4,1,0.26600525277463777
DNMT3B,FGFR1,1,-0.1910511833253363
E2F1,FGFR1,1,-0.10280283906794495
EZH2,FGFR1,1,-0.062224022136305915
GATA3,FGFR1,1,0.07573550647348995
MYC,FGFR1,1,0.31787173596700435
RB1,FGFR1,-1,0.35133207811528505
RUNX1,FGFR1,1,-0.12776449280995197
TP53,FGFR1,1,0.0780015586875359
E2F4,FGFR1,-1,0.037885852018181836
E2F1,FGFR2,1,0.005115128920947749
TWIST1,FGFR2,1,-0.06492568792260066
E2F4,FGFR2,1,-0.0756970397126199
MYC,FGFR4,1,-0.17245544090700582
E2F1,FLT1,1,0.037831358537345997
ESR1,FLT1,-1,-0.005281992983074262
MYC,FLT1,1,0.08806075694529532
TP53,FLT1,1,0.016123185090362077
HIF1A,FLT1,1,0.04554126732818394
AR,FOXA1,1,0.5113406923323334
GATA3,FOXA1,1,0.7064426822223778
BRCA1,FOXC1,-1,-0.24713393534461128
ESR1,FOXC1,1,-0.4676329644619833
EZH2,FOXC1,-1,0.03736412758713585
FOXA1,FOXC1,1,-0.5039801858429938
GATA3,FOXC1,-1,-0.37864418022431356
E2F1,FOXM1,1,0.08217226641082462
ESR1,FOXM1,1,-0.2689488461980141
MYC,FOXM1,1,0.06445296800472398
TP53,FOXM1,-1,-0.011813831219558667
TWIST1,FOXM1,1,-0.1447617840822575
HIF1A,FOXM1,1,0.022843073453879217
E2F4,FOXM1,1,0.29579699027683165
EZH2,GATA3,-1,-0.2805897196400897
RUNX1,GATA3,1,0.18373660825945126
ZEB1,GATA3,-1,0.017126881679082093
TP53,GMPS,-1,0.05355748937780099
DNMT3B,HOXB13,-1,0.14487866083678982
EZH2,HOXB13,-1,0.08086968565635763
FOXA1,HOXB13,1,-0.055814216530671555
AR,IGF1R,1,0.3261955788101505
BRCA1,IGF1R,1,0.13608589962916037
E2F1,IGF1R,1,0.01715446228441189
ESR1,IGF1R,1,0.666648672598651
MYC,IGF1R,1,-0.08084437347316523
NCOA3,IGF1R,1,-0.20227008294961346
PGR,IGF1R,1,0.4281320530156638
PITX2,IGF1R,1,-0.18198631848870075
TP53,IGF1R,-1,0.05596132470097084
AR,IGFBP3,1,-0.234345717248573
DNMT3A,IGFBP3,-1,-0.03050076037910543
ESR1,IGFBP3,1,-0.39582464250696353
NCOA3,IGFBP3,-1,0.029940442804814216
NCOR1,IGFBP3,-1,-0.17798704633617035
RUNX1,IGFBP3,-1,0.07889597430498865
TP53,IGFBP3,1,-0.0533191009141035
HIF1A,IGFBP3,1,0.22272762496684964
EP300,IGFBP3,1,-0.046268733667462335
MYBL2,IGFBP5,1,0.026862816215671454
PGR,IGFBP5,1,0.10501600817793147
DNMT3A,JUP,1,-0.09834503267946909
DNMT3B,JUP,1,0.233104845257891
ESR1,JUP,1,0.21214395023358124
MYC,JUP,1,-0.19887183871578143
TP53,JUP,1,0.07266318278855277
GATA3,LMO1,1,-0.17256049690544437
MYBL2,LMO1,1,0.17541051814963174
GATA3,LOX,-1,-0.34965712720421166
MYBL2,LOX,1,-0.0020823639437761734
TP53,LOX,1,0.0036075894447969194
HIF1A,LOX,1,0.42112708434516505
PITX2,MAP2K4,1,-0.08726999849939658
E2F1,MCM6,1,0.07678851982947663
AR,MDM2,1,0.06664847394819762
BRCA1,MDM2,1,0.1951316953493366
E2F1,MDM2,-1,0.017724071335400063
ESR1,MDM2,1,0.19182597341152438
MYC,MDM2,1,0.08928649364155823
SMAD3,MDM2,1,0.01813808946959868
SMAD4,MDM2,1,0.02229543560941924
TP53,MDM2,1,0.07474288819753834
HIF1A,MDM2,1,0.004816888872696294
EP300,MDM2,1,0.13830367244624076
TP53,MDM4,1,0.12393393917213225
TP53,MKI67,-1,0.009953271073463514
E2F4,MKI67,1,0.23618525113546282
AR,MMP2,1,-0.06011585378971598
ESR1,MMP2,1,-0.18415397878472328
EZH2,MMP2,1,-0.24616711512695594
FOXM1,MMP2,1,-0.3055215950160545
HTATIP2,MMP2,-1,-0.10341302189225206
NCOA3,MMP2,1,-0.03600130508290013
NCOR1,MMP2,1,-0.11576693720181562
PGR,MMP2,-1,0.008807920185121935
SMAD3,MMP2,1,-0.09472178808142931
SMAD4,MMP2,1,0.033773739518697644
TP53,MMP2,1,-0.013587716368911474
TWIST1,MMP2,1,0.5920800304349401
HIF1A,MMP2,1,0.17297395662970316
MYC,MTDH,1,0.22110920875694687
E2F1,MYBL2,1,0.06129636677983421
MYC,MYBL2,1,-0.015310628657255226
NCOR1,MYBL2,1,-0.06521624644558335
E2F4,MYBL2,-1,0.0025387066150354682
AR,MYC,1,-0.33637805869393916
BRCA1,MYC,1,-0.0735692682665373
E2F1,MYC,1,-0.04814514442096877
ESR1,MYC,1,-0.22601759645715794
EZH2,MYC,-1,0.1281775122956634
FOXA1,MYC,1,-0.27126880453721014
FOXM1,MYC,1,0.06445296800472398
GATA3,MYC,1,-0.17878328626092466
HOXB13,MYC,-1,-0.07000709004613027
HTATIP2,MYC,1,0.26238269637896994
MYBL2,MYC,1,-0.015310628657255226
PGR,MYC,-1,-0.06254780449194322
RB1,MYC,-1,0.24781101161436087
RUNX1,MYC,-1,-0.2846055319662771
SMAD3,MYC,-1,-0.11974369951856446
SMAD4,MYC,-1,0.2948660615755354
TP53,MYC,-1,0.12219119142469105
HIF1A,MYC,-1,0.2916343518029367
E2F4,MYC,-1,0.23737205671619674
EP300,MYC,-1,0.20251996593326269
AR,NCOA3,1,0.059951193818452354
E2F1,NCOA3,1,0.001366482824701347
ESR1,NCOA3,1,-0.10790662934863995
GATA3,NCOA3,1,-0.21344852555901273
NCOR1,NCOA3,1,-0.2880330825907181
AR,NCOR1,1,0.19102826081654886
ESR1,NCOR1,1,0.3110890402473849
AR,NDRG1,1,-0.28231921000343
MYC,NDRG1,-1,0.24012745625494838
TP53,NDRG1,1,-0.12564687249983106
HIF1A,NDRG1,1,0.17215999249693006
TP53,NEK2,-1,-0.041809051541401486
E2F4,NEK2,1,0.055326929510915
AR,NF1,1,0.21714065528661797
FOXA1,NF1,1,0.2590512519117641
RUNX1,NF1,-1,0.2337634143866635
TP53,NF1,1,0.10862746712478269
TWIST1,NF1,-1,-0.22169803507016966
SMAD3,NOTCH3,1,0.10595602147252238
E2F1,NUSAP1,1,0.07982962083311619
E2F4,NUSAP1,1,0.16567178680306321
SMAD4,PAK1,1,-0.005061846209628915
HIF1A,PAK1,1,-0.256871626520723
ESR1,PGR,1,0.4748760896664189
NCOR1,PGR,1,0.2797212841154152
TP53,PIK3CA,-1,-0.055236457100332426
HIF1A,PIK3CA,1,0.10246427203468798
AR,PIK3R1,1,0.23110056935508191
ESR1,PIK3R1,1,0.08991889168792619
MYC,PIK3R1,1,-0.21854750991927438
TP53,PIK3R1,1,-0.06285016531058447
HIF1A,PIK3R1,1,-0.15362278910793278
AR,PLAU,-1,-0.21107910464659144
E2F1,PLAU,1,-0.00414631924512763
FOXM1,PLAU,1,0.11319095120329047
MYC,PLAU,1,0.015317077347236667
SMAD3,PLAU,1,-0.2552390664437156
TP53,PLAU,-1,-0.010105190726330985
ZEB1,PLAU,1,0.20153177539440414
HIF1A,PLAU,1,0.2976061166963845
E2F1,PLK1,1,0.029650611565128694
FOXM1,PLK1,1,0.7651720179754898
MYBL2,PLK1,1,0.04747094861328624
TP53,PLK1,-1,-0.043097574031775276
E2F4,PLK1,-1,0.35419994172482183
ESR1,PPM1D,1,-0.03773498399800208
TP53,PPM1D,1,-0.0033387184552444186
DNMT3B,PRC1,1,0.5084073298788545
TP53,PRC1,-1,0.0009596318203713717
E2F4,PRC1,1,0.21479548089310965
AR,PTEN,1,0.20077308416536524
EZH2,PTEN,1,-0.3331718822826565
MYC,PTEN,1,-0.14669423455943914
RUNX1,PTEN,1,0.27839196695342994
SMAD4,PTEN,1,0.22942205658482168
TBX3,PTEN,-1,0.24602324599250186
TP53,PTEN,1,0.01853498333808756
HIF1A,PTEN,1,-0.20025868092971288
E2F1,RACGAP1,1,0.07060523917649686
E2F1,RAD51,1,0.086630084093229
MYC,RAD51,1,-0.20889789616067422
TP53,RAD51,1,-0.18195094103044385
E2F4,RAD51,-1,0.13810513646916525
EP300,RAD51,1,-0.29901883501139226
DNMT3A,RASSF1,1,0.02032924140872564
DNMT3B,RASSF1,1,0.051872744989582886
E2F1,RASSF1,1,0.031093955896125902
EZH2,RASSF1,1,0.0553484847418271
MYC,RASSF1,1,-0.07897779111145078
TP53,RASSF1,-1,-0.025270568776150908
DNMT3A,RB1,1,0.057111358152225046
E2F1,RB1,1,-0.056404935530906884
MYBL2,RB1,1,-0.04185730353170748
NCOR1,RB1,1,0.2883805296918085
PGR,RB1,1,0.15408382726089723
TP53,RB1,-1,0.149416382420481
E2F4,RB1,-1,-0.1291961870188108
E2F4,RFC4,1,0.1362628079825724
E2F1,RRM2,1,-0.03220427792807089
E2F4,RRM2,-1,0.14711685411380468
CBFB,RUNX1,1,-0.31596368561109295
TP53,RUNX1,1,0.012390743175619988
TRPS1,RUNX1,-1,-0.0995037012394908
AR,SERPINE1,1,-0.1677158315043958
E2F1,SERPINE1,-1,-0.10620167222523777
ESR1,SERPINE1,1,-0.19459332553914174
MYC,SERPINE1,1,0.3008258333952419
PGR,SERPINE1,1,-0.11024136080688521
SMAD3,SERPINE1,1,-0.18939010643878443
SMAD4,SERPINE1,1,0.02092111003806751
TP53,SERPINE1,1,0.042287486560596305
ZEB1,SERPINE1,-1,0.29891692321511365
HIF1A,SERPINE1,1,0.3348856701031047
DNMT3A,SFRP1,1,0.051688891429830186
EZH2,SFRP1,1,-0.06545788472656618
MYC,SFRP1,-1,0.3521690664134536
RUNX1,SFRP1,1,0.046367295164406346
ESR1,SIAH2,1,0.5401959520703693
NCOR1,SIAH2,1,0.23811115076207232
AR,SLC39A6,1,0.28845387351266283
AR,SMAD3,-1,0.22570227174762056
ARID1A,SMAD3,1,-0.03212252181019113
TP53,SMAD3,1,-0.057971472742567746
HIF1A,SMAD4,1,0.12871897916179292
ESR1,STC2,1,0.5579774800523903
HIF1A,STC2,1,-0.34329504152411094
MYC,TBX3,1,-0.012807791984056578
TP53,TBX3,1,-0.0034098013630633928
AR,TGFB1,1,-0.027590380392560725
E2F1,TGFB1,1,0.03935815520298917
FOXC1,TGFB1,1,-0.007010163338891629
HTATIP2,TGFB1,1,0.03853026822819326
MYC,TGFB1,1,-0.0663335448527486
SMAD3,TGFB1,1,-0.02273616363270515
SMAD4,TGFB1,1,-0.034010936419468424
TP53,TGFB1,1,-0.025182840391255738
ZEB1,TGFB1,1,-0.02196445091644834
HIF1A,TGFB1,1,-0.0409264217542996
E2F1,TOP2A,1,0.06774422472260805
AR,TP53,1,0.050601291675966956
E2F1,TP53,1,-0.029981153196437217
ESR1,TP53,-1,0.04499052796598969
EZH2,TP53,-1,0.04728390119221909
FOXM1,TP53,-1,-0.011813831219558667
MYBL2,TP53,1,-0.020206500104883212
MYC,TP53,1,0.12219119142469105
NCOA3,TP53,1,-0.15884793578561787
RUNX1,TP53,1,0.012390743175619988
TBX3,TP53,-1,-0.0034098013630633928
TWIST1,TP53,-1,-0.03688927084252179
ZNF395,TP53,1,0.1347328567723046
HIF1A,TP53,1,0.09031447592481191
EZH2,TWIST1,-1,-0.11004376393332911
TP53,TWIST1,1,-0.03688927084252179
HIF1A,TWIST1,1,0.28235363931223156
AR,UBE2C,1,-0.22476115347273323
FOXA1,UBE2C,1,-0.3192924332901135
MYC,UBE2C,1,0.0883414796221195
NCOA3,UBE2C,1,0.3763252662636491
E2F4,UBE2C,1,0.29099973550640074
AR,VEGFA,1,-0.03404729508332707
BRCA1,VEGFA,1,0.09299526678792908
DNMT3A,VEGFA,1,-0.09963453089480702
E2F1,VEGFA,-1,0.03455538329378194
ESR1,VEGFA,1,-0.20003798027844708
FOXM1,VEGFA,1,0.27234040786110664
HTATIP2,VEGFA,-1,0.05268782850632083
MYC,VEGFA,1,-0.03743347613272775
PGR,VEGFA,-1,-0.24487992900147865
RB1,VEGFA,1,-0.1239491766150606
RUNX1,VEGFA,-1,0.020345347768107737
SMAD3,VEGFA,1,-0.11417756715299435
SMAD4,VEGFA,-1,-0.1509524939964894
TP53,VEGFA,-1,-0.09798121463982103
TWIST1,VEGFA,1,-0.031823679959728964
TRPS1,VEGFA,1,-0.15947112446900782
HIF1A,VEGFA,1,0.042074289145685784
EP300,VEGFA,1,-0.08634440784721428
DNMT3A,WIF1,1,0.015730181408967245
DNMT3B,WIF1,1,-0.07247939873153225
ESR1,WIF1,1,-0.1345796657549418
MYC,WIF1,1,0.13113726461586062
MYC,XRCC4,1,-0.03358615841308725
E2F1,ZEB1,1,-0.057132681952273
ESR1,ZEB1,1,-0.0379318251895541
GATA3,ZEB1,1,0.017126881679082096
PGR,ZEB1,1,0.1326443059082686
TWIST1,ZEB1,1,0.374991141959475
EP300,ZEB1,1,0.09073515877986474
AR,TRPS1,1,0.12920649224541728
ESR1,TRPS1,1,0.4111980652560691
MYC,CCT3,1,0.07985646472118965
TP53,BNIP3L,1,0.10985146482942329
HIF1A,BNIP3L,1,0.15066913291908937
E2F1,SIAH1,1,-0.0026681609266714125
TP53,SIAH1,1,0.05883707742240808
TP53,CDC42BPA,1,-0.021837391525199007
DNMT3B,DLC1,1,0.12904261147559268
ESR1,DLC1,1,0.1440257841525882
ESR1,RNF115,1,0.16073867898734273
MYC,NIT1,1,-0.3329366135488211
AR,CCAR2,1,0.22064442769198817
ESR1,CCAR2,1,0.1241882831287046
TP53,CCAR2,1,0.05039744111056154
E2F1,RNF2,1,0.041183705449049125
AR,BTG2,-1,0.22755409179743089
ESR1,BTG2,-1,0.358662970943677
FOXM1,BTG2,1,-0.48142383656586235
TP53,BTG2,1,0.09513629411614305
HIF1A,BTG2,1,-0.07317787655249938
CNOT7,PMP22,1,0.237916999529452
MYC,RGS2,1,0.335551913724502
PITX2,RGS2,1,0.26653585815879804
MYC,PEX19,-1,-0.021863443536292528
FOXA1,LOXL2,1,0.022080040156132495
SMAD3,ITGA11,1,-0.09865013387795239
MYC,IER3,-1,-0.025810411083956545
RUNX1,IER3,1,0.06195133969421033
TP53,IER3,1,-0.007136201906094072
ESR1,LDLR,1,-0.08695539470549618
TP53,CSNK2A2,1,-0.02585856308699955
ESR1,MICB,1,-0.06256933059319687
E2F1,DUSP1,1,-0.1138685145662106
MYC,DUSP1,-1,0.3698741005206421
PGR,DUSP1,1,0.0929663987225248
TP53,DUSP1,1,-0.00060883626694807
FOXA1,UCP2,-1,-0.04394355131811127
SMAD4,UCP2,1,-0.331250562964116
HIF1A,UCP2,1,0.01303728977551611
AR,MAPT,1,0.44362813243763666
BRCA1,HIF1A,1,-0.14065611975368303
MYC,HIF1A,-1,0.2916343518029367
TP53,HIF1A,-1,0.09031447592481191
MYC,NID1,1,0.29184013703804945
TP53,E2F4,1,-0.027761647317879626
MYC,SLC25A3,1,0.36543955491478336
ESR1,PKIB,1,0.5124245595272527
MYC,RAD50,1,-0.1694115665029519
E2F1,MCPH1,1,-0.02891725109041006
MYC,TFRC,1,0.11076967371747568
TP53,TFRC,1,-8.767247561449452e-05
HIF1A,TFRC,1,0.24846222782087765
MYC,RPS12,1,0.3123517217013659
ZBTB4,RPS12,1,-0.08802667069704757
AR,GAS6,1,-0.04233267893709711
ESR1,GAS6,1,-0.07235089216391777
EZH2,DACT3,-1,-0.4713658369933921
MYC,LBR,1,0.26810365680237613
AR,EP300,1,0.1766533799195314
BRCA1,EP300,1,-0.11879050127898476
ESR1,EP300,1,0.06242027558380064
MYC,EP300,1,0.20251996593326269
NCOA3,EP300,1,-0.04762969776087732
MYC,SHMT1,1,-0.031037586398682412
MYC,PRKCQ,1,0.15825741827144246
RUNX1,PRKCQ,1,-0.2630681806246459
RUNX1,LGALS3,1,-0.038343138835331685
HIF1A,LGALS3,1,0.25552745943103383
HIF1A,WSB1,1,0.2037044336541087
MYC,ESD,1,0.33339264882324865
TP53,CACYBP,1,0.12590934041329183
ESR1,SERINC1,1,0.27590165010478385
