patient_id,burden_universe,burden_genome,cluster,PC1
TCGA-3C-AALK,0.29330254041570436,0.1270424836601307,A,-3.572106199302392
TCGA-4H-AAAK,0.9376443418013857,0.9273459383753502,B,6.086999055609332
TCGA-5L-AAT0,0.23556581986143188,0.11257002801120448,A,-5.384262328526917
TCGA-5L-AAT1,0.953810623556582,0.9534897292250234,B,6.616723557189932
TCGA-A1-A0SE,0.3648960739030023,0.23675303454715219,A,-3.1257124907448848
TCGA-A1-A0SF,0.9330254041570438,0.8770424836601307,B,5.511697233757497
TCGA-A1-A0SG,0.17090069284064666,0.13013538748832867,A,-4.113508091807688
TCGA-A1-A0SH,0.3579676674364896,0.23336834733893558,A,-3.1312797493380318
TCGA-A2-A0CK,0.9353348729792148,0.9304971988795518,B,7.208361511561058
TCGA-A2-A0CO,0.24480369515011546,0.15301120448179273,A,-3.896965527610997
TCGA-A2-A0CR,0.16397228637413394,0.13311157796451914,A,-6.224645675725573
TCGA-A2-A0EP,0.0,0.0,A,-5.55545628722164
TCGA-A2-A0EU,1.0,1.0,B,7.686497842249327
TCGA-A2-A0SU,0.9376443418013857,0.8950746965452848,B,4.744459359543272
TCGA-A2-A0SY,0.2840646651270208,0.14635854341736695,A,-3.1095816847778326
TCGA-A2-A0T5,0.2979214780600462,0.12196545284780579,A,-2.266532284622155
TCGA-A2-A0T6,0.23094688221709006,0.18178104575163398,A,-1.7923543073488657
TCGA-A2-A0T7,0.49191685912240185,0.48891223155929037,A,-5.830951287864766
TCGA-A2-A0YC,0.3371824480369515,0.17151027077497666,A,-2.3342256535651624
TCGA-A2-A0YD,0.27713625866050806,0.1395891690009337,A,-1.0636819019086035
TCGA-A2-A0YI,0.9607390300230947,0.9278711484593838,B,7.738118186422599
TCGA-A2-A0YK,0.8036951501154734,0.8685807656395892,B,5.949650859182382
TCGA-A2-A0YL,0.26096997690531176,0.13696311858076565,A,-6.125444310602419
TCGA-A2-A1FV,0.42494226327944573,0.3457049486461251,A,0.08128849343723114
TCGA-A2-A1FZ,0.20092378752886836,0.10416666666666667,A,-2.659800066700101
TCGA-A2-A1G0,0.9676674364896074,0.9412931839402428,B,10.634618563639597
TCGA-A2-A1G6,0.0,0.0,A,-4.992333328344341
TCGA-A2-A259,0.26558891454965355,0.1336951447245565,A,-5.527881184905029
TCGA-A2-A25A,0.8706697459584296,0.8940242763772176,B,7.009325815242757
TCGA-A2-A3KC,0.2817551963048499,0.1844654528478058,A,-2.6146472638820124
TCGA-A2-A3KD,0.9468822170900693,0.9341153127917834,B,7.07075756351921
TCGA-A2-A4RW,0.4064665127020785,0.349906629318394,A,-4.816895618897922
TCGA-A2-A4S0,0.0,0.0,A,-4.526751544527509
TCGA-A2-A4S2,0.45958429561200925,0.3458800186741363,A,-1.2683102196873695
TCGA-A7-A0D9,0.2956120092378753,0.19024276377217553,A,-2.034691629206597
TCGA-A7-A0DC,0.9353348729792148,0.9151493930905695,B,6.1420682828581885
TCGA-A7-A13F,0.9653579676674365,0.9071545284780579,B,10.013690930835695
TCGA-A7-A13G,0.2909930715935335,0.13276143790849673,A,-2.2192728475437806
TCGA-A7-A13H,0.22863741339491916,0.1700513538748833,A,-4.375456158858129
TCGA-A7-A26E,0.23094688221709006,0.1563375350140056,A,-2.861890805769396
TCGA-A7-A26H,0.9745958429561201,0.9568160597572363,B,10.436470760618523
TCGA-A7-A26J,0.674364896073903,0.4530812324929972,A,0.9482579562878081
TCGA-A7-A3IY,0.03695150115473441,0.06973622782446312,A,-7.0296337393037005
TCGA-A7-A3J0,1.0,1.0,B,5.990976807463485
TCGA-A7-A3J1,0.2632794457274827,0.2334267040149393,A,-5.335211146981585
TCGA-A7-A3RF,0.0023094688221709007,0.0027427637721755367,A,-4.073170667721266
TCGA-A7-A425,1.0,0.995389822595705,B,11.19942246588949
TCGA-A7-A426,0.8660508083140878,0.9028944911297853,B,7.3185095040212005
TCGA-A7-A4SA,0.8383371824480369,0.752859477124183,B,5.501422393417748
TCGA-A7-A4SC,0.2979214780600462,0.2538515406162465,A,-3.2775551794281284
TCGA-A7-A5ZX,0.19168591224018475,0.09337068160597572,A,-3.500711592895998
TCGA-A8-A08O,0.8960739030023095,0.7956932773109243,B,5.433518958074902
TCGA-A8-A0A6,0.279445727482679,0.23360177404295052,A,-3.096848922407473
TCGA-A8-A0AD,0.9076212471131639,0.8871381886087768,B,6.415540242209137
TCGA-AC-A23E,0.9422632794457275,0.9171918767507002,B,5.977151040576583
TCGA-AC-A23G,0.21939953810623555,0.1315359477124183,A,-3.6950300160505085
TCGA-AC-A2B8,0.9399538106235565,0.9512721755368814,B,8.518213231118954
TCGA-AC-A2FB,0.020785219399538105,0.007644724556489262,A,-5.26927499167025
TCGA-AC-A2FE,0.9330254041570438,0.900968720821662,B,8.048789854531883
TCGA-AC-A2FG,0.21939953810623555,0.11636321195144725,A,-3.4402255059543094
TCGA-AC-A2FM,0.8799076212471132,0.7536764705882353,B,6.431583137503356
TCGA-AC-A2FO,0.19630484988452657,0.13830532212885155,A,-4.621537494156569
TCGA-AC-A2QI,0.2586605080831409,0.13089402427637722,A,-3.03244163471797
TCGA-AC-A3BB,0.9561200923787528,0.9362745098039216,B,6.6747569071283195
TCGA-AC-A3EH,0.9399538106235565,0.931781045751634,B,8.338942645989727
TCGA-AC-A3HN,0.9515011547344111,0.9186507936507936,B,7.707557490546448
TCGA-AC-A3OD,0.3348729792147806,0.3228874883286648,A,-2.5322458689080882
TCGA-AC-A3QP,0.12240184757505773,0.13031045751633988,A,-5.910434892608058
TCGA-AC-A3QQ,0.3418013856812933,0.19135154061624648,A,-0.9609969677364011
TCGA-AC-A3TM,0.2702078521939954,0.1571545284780579,A,-4.094735915891091
TCGA-AC-A3TN,0.20785219399538107,0.09675536881419235,A,-2.838246865754278
TCGA-AC-A3W7,0.3625866050808314,0.23721988795518206,A,-5.077880941224752
TCGA-AC-A3YI,0.07621247113163972,0.018440709617180206,A,-4.993079797305246
TCGA-AC-A3YJ,0.15242494226327943,0.08922735760971055,A,-3.6328500681893887
TCGA-AC-A4ZE,0.9330254041570438,0.8515989729225023,B,7.6296506333627665
TCGA-AC-A5XU,0.8822170900692841,0.8039799253034547,B,4.8522338651359656
TCGA-AC-A62Y,0.815242494226328,0.8084150326797386,B,4.440857851553105
TCGA-AC-A6IV,0.3233256351039261,0.20990896358543418,A,-4.864654087729554
TCGA-AC-A6IX,0.3695150115473441,0.2954014939309057,A,-5.342477049181096
TCGA-AC-A6NO,0.3810623556581986,0.23774509803921567,A,-1.7435255366733498
TCGA-AC-A8OP,0.9330254041570438,0.9154411764705882,B,8.357813033517868
TCGA-AC-A8OR,0.0023094688221709007,0.016398225957049487,A,-5.286632361091085
TCGA-AC-A8OS,0.8406466512702079,0.9075046685340803,B,6.637153871757956
TCGA-AN-A0XL,0.6651270207852193,0.3727824463118581,A,-1.1813395391846815
TCGA-AN-A0XO,0.3071593533487298,0.23535247432306255,A,-2.4639844710915813
TCGA-AN-A0XP,0.2702078521939954,0.12815126050420167,A,-2.3817991549792374
TCGA-AN-A0XS,0.15011547344110854,0.11455415499533146,A,-3.8705653136188616
TCGA-AN-A0XT,0.792147806004619,0.6977124183006536,B,3.572767000649837
TCGA-AN-A0XV,0.12702078521939955,0.06489262371615313,A,-4.430490210826153
TCGA-AO-A0JF,0.17782909930715934,0.07148692810457516,A,-4.362262621834915
TCGA-AO-A0JG,0.36027713625866054,0.30479691876750703,A,-4.221588514616654
TCGA-AO-A0JI,0.21016166281755197,0.19374416433239963,A,-1.1105517878529425
TCGA-AO-A0JJ,0.9399538106235565,0.9214519140989729,B,7.116980521645133
TCGA-AO-A125,0.29330254041570436,0.1736111111111111,A,0.1392617268737585
TCGA-AO-A12C,0.9237875288683602,0.867530345471522,B,8.556565234732203
TCGA-AO-A12G,0.3972286374133949,0.32481325863678806,A,-3.261057266951038
TCGA-AQ-A1H2,0.4110854503464203,0.3260387488328665,A,-3.758793701326924
TCGA-AQ-A1H3,0.5080831408775982,0.23068394024276379,A,-1.330934930200506
TCGA-AQ-A7U7,0.3140877598152425,0.2610294117647059,A,-2.813842586036447
TCGA-AR-A0TR,0.9468822170900693,0.924077964519141,B,6.985976207071074
TCGA-AR-A1AK,0.6397228637413395,0.3765172735760971,A,-1.6485501230771316
TCGA-AR-A1AL,0.20554272517321015,0.11262838468720822,A,-3.7361430400552176
TCGA-AR-A1AM,0.16166281755196305,0.13392857142857142,A,-4.991802317661824
TCGA-AR-A1AN,0.42725173210161665,0.34407096171802054,A,-6.132612245411101
TCGA-AR-A1AU,0.28868360277136257,0.21854575163398693,A,-5.711211768206057
TCGA-AR-A1AX,0.42494226327944573,0.31851073762838467,A,-5.408041012146828
TCGA-AR-A24M,0.24018475750577367,0.1597222222222222,A,-1.8571307355152855
TCGA-AR-A24O,0.057736720554272515,0.1032329598506069,A,-5.7393680928021125
TCGA-AR-A24P,0.3556581986143187,0.22029645191409897,A,-2.8872791269324134
TCGA-AR-A24W,1.0,1.0,B,11.222396538794827
TCGA-AR-A24X,0.20785219399538107,0.11052754435107376,A,-1.5290027767801155
TCGA-AR-A252,0.009237875288683603,0.008520074696545284,A,-5.807150788004715
TCGA-AR-A255,0.7621247113163973,0.6227240896358543,B,5.577755542814157
TCGA-AR-A2LE,0.20554272517321015,0.09605508870214753,A,-4.680379269265884
TCGA-AR-A2LJ,0.9468822170900693,0.9393674136321195,B,5.9629466746276565
TCGA-AR-A2LM,0.2586605080831409,0.13602941176470587,A,-3.0306305646270766
TCGA-AR-A2LN,0.9699769053117783,0.9599673202614379,B,7.755769954162737
TCGA-AR-A2LO,0.8983833718244804,0.7832049486461251,B,7.809583823996683
TCGA-AR-A2LQ,0.0,0.0,A,-5.309411898564412
TCGA-AR-A5QM,0.9653579676674365,0.9509803921568627,B,11.92011146471928
TCGA-AR-A5QN,0.29330254041570436,0.22175536881419233,A,-2.2576344312571583
TCGA-AR-A5QP,0.9838337182448037,0.9457866479925303,B,9.915139018687151
TCGA-B6-A0RG,0.9330254041570438,0.8953081232492998,B,7.264756364376109
TCGA-B6-A0RM,0.14780600461893764,0.07370448179271709,A,-3.866615199490405
TCGA-B6-A0RN,0.21939953810623555,0.11292016806722689,A,0.2167290327444479
TCGA-B6-A0RO,0.9376443418013857,0.813608776844071,B,3.2582992371337576
TCGA-B6-A0RP,0.9630484988452656,0.9234943977591037,B,7.916887423071063
TCGA-B6-A0RV,0.371824480369515,0.253734827264239,A,-5.734935570177036
TCGA-B6-A0WT,0.2678983833718245,0.17162698412698413,A,-3.3219631757018986
TCGA-B6-A0WY,0.8106235565819861,0.6596638655462185,B,2.4325784404447455
TCGA-B6-A0X4,0.12009237875288684,0.03571428571428571,A,-3.3809484743872518
TCGA-B6-A0X7,0.2909930715935335,0.17151027077497666,A,-3.8017886345125014
TCGA-B6-A1KI,0.9491916859122402,0.9504551820728291,B,3.199903845279358
TCGA-B6-A2IU,0.3625866050808314,0.19992997198879553,A,-2.884783761471822
TCGA-B6-A401,0.9399538106235565,0.8633286647992531,B,9.115049112078372
TCGA-B6-A408,0.9584295612009238,0.9134570494864612,B,3.9629797572202663
TCGA-B6-A40B,0.28868360277136257,0.23616946778711484,A,-2.8349117040804175
TCGA-BH-A0AU,0.8429561200923787,0.6988211951447245,B,6.417972961045311
TCGA-BH-A0AZ,0.4780600461893764,0.30514705882352944,A,-2.8198809369252564
TCGA-BH-A0B6,0.8267898383371824,0.8196778711484594,B,3.6946275812760243
TCGA-BH-A0B8,0.16628175519630484,0.30374649859943975,A,-3.4856691753675006
TCGA-BH-A0BA,0.6674364896073903,0.5168067226890757,B,5.703386264356601
TCGA-BH-A0BC,0.39260969976905313,0.27824463118580767,A,-5.808310724880348
TCGA-BH-A0BJ,0.9237875288683602,0.7940592903828197,B,4.088828613278593
TCGA-BH-A0BM,0.19399538106235567,0.10580065359477124,A,-4.5047044335651965
TCGA-BH-A0BS,0.9745958429561201,0.9811507936507936,B,7.689276715241293
TCGA-BH-A0BT,0.8822170900692841,0.7956932773109243,B,5.666139618288489
TCGA-BH-A0BZ,0.8729792147806005,0.7872899159663865,B,7.405742647138425
TCGA-BH-A0DG,0.394919168591224,0.23243464052287582,A,-3.88410754449297
TCGA-BH-A0DH,0.22863741339491916,0.23249299719887956,A,-3.4833008253635294
TCGA-BH-A0DI,0.3140877598152425,0.2786531279178338,A,-3.4866989145812757
TCGA-BH-A0DK,0.38799076212471134,0.3077731092436975,A,-4.168007441549384
TCGA-BH-A0DP,0.8845265588914549,0.845296451914099,B,7.111957887806572
TCGA-BH-A0DQ,0.28868360277136257,0.2681489262371615,A,-3.815919055238582
TCGA-BH-A0DS,0.5681293302540416,0.43458216619981327,A,1.4801365422386636
TCGA-BH-A0DV,0.14549653579676675,0.04843604108309991,A,-4.192953405089195
TCGA-BH-A0GZ,0.23556581986143188,0.22700746965452848,A,-4.485896499737131
TCGA-BH-A0H3,0.20323325635103925,0.08858543417366947,A,-3.1122422712123403
TCGA-BH-A0H6,0.15935334872979215,0.08700980392156862,A,-3.250289680092812
TCGA-BH-A0H7,0.8960739030023095,0.7602707749766573,B,6.490150865924834
TCGA-BH-A0H9,0.38799076212471134,0.34360410830999066,A,-4.56213677660662
TCGA-BH-A0HA,0.02771362586605081,0.0859593837535014,A,-4.28518922736019
TCGA-BH-A0HF,0.9076212471131639,0.9127567693744164,B,5.466417999770367
TCGA-BH-A0HI,0.19861431870669746,0.08129084967320262,A,-4.373797432771376
TCGA-BH-A0HK,0.22401847575057737,0.12715919701213818,A,-0.5123666536001089
TCGA-BH-A0HN,0.558891454965358,0.43288982259570497,A,0.22082374942388738
TCGA-BH-A0HP,0.815242494226328,0.8644957983193278,B,6.2117612185702855
TCGA-BH-A0W4,0.03695150115473441,0.07498832866479925,A,-5.007963533696298
TCGA-BH-A0W5,0.9815242494226328,0.9680205415499533,B,7.771462031634461
TCGA-BH-A1EN,0.8429561200923787,0.7787698412698413,B,6.269948370412011
TCGA-BH-A1EO,0.8660508083140878,0.818218954248366,B,6.921763116918623
TCGA-BH-A1ET,0.06004618937644342,0.1032329598506069,A,-3.0986259180990743
TCGA-BH-A1EU,0.3210161662817552,0.44065126050420167,A,-7.129486971969617
TCGA-BH-A1EV,0.815242494226328,0.8145424836601307,B,6.1055187086159
TCGA-BH-A1EY,0.39260969976905313,0.3825863678804855,A,-6.234988530323628
TCGA-BH-A1F2,0.8545034642032333,0.821078431372549,B,6.512196365077443
TCGA-BH-A1F5,0.18244803695150116,0.1457749766573296,A,-3.116299754933237
TCGA-BH-A1F8,0.7875288683602771,0.5951797385620915,B,5.519990868905908
TCGA-BH-A1FB,0.07390300230946882,0.025793650793650792,A,-5.5937527032632035
TCGA-BH-A1FD,0.3579676674364896,0.36817226890756305,A,-4.189584657246445
TCGA-BH-A1FG,0.27251732101616627,0.13778011204481794,A,-2.96169742351731
TCGA-BH-A1FH,0.279445727482679,0.29026610644257705,A,-5.415348889892234
TCGA-BH-A1FJ,0.16628175519630484,0.08088235294117647,A,0.529729315502842
TCGA-BH-A1FL,0.21478060046189376,0.12546685340802988,A,-2.1214931670982504
TCGA-BH-A1FM,0.8521939953810623,0.7677987861811392,B,4.627447698414737
TCGA-BH-A1FR,0.0023094688221709007,0.00029178338001867413,A,-5.72800240621505
TCGA-BH-A201,0.2586605080831409,0.14046451914098973,A,-4.812791932323387
TCGA-BH-A204,0.9030023094688222,0.8417366946778712,B,7.817575692734279
TCGA-BH-A28Q,0.3187066974595843,0.17670401493930907,A,-1.1131582545189187
TCGA-BH-A2L8,0.9745958429561201,0.9811507936507936,B,7.097754071590219
TCGA-BH-A42U,0.0,0.0,A,-5.382862146779943
TCGA-BH-A42V,0.9584295612009238,0.9590336134453782,B,7.0183330269231305
TCGA-BH-A5J0,0.7575057736720554,0.8026960784313726,B,3.8973111145605634
TCGA-BH-A6R8,0.5565819861431871,0.3520074696545285,A,2.1334486339531487
TCGA-BH-A8FY,0.2517321016166282,0.1645658263305322,A,-1.5588233838665422
TCGA-BH-A8G0,0.17782909930715934,0.06810224089635854,A,-4.387243646131045
TCGA-BH-AB28,0.23094688221709006,0.16013071895424835,A,-3.432928387543237
TCGA-C8-A1HE,0.20092378752886836,0.1196311858076564,A,-3.2818747547508393
TCGA-C8-A1HI,0.8660508083140878,0.8332166199813259,B,5.938368021295304
TCGA-C8-A3M7,0.43648960739030024,0.2329014939309057,A,-4.5478766466215
TCGA-D8-A1JB,0.3741339491916859,0.4453197945845005,A,-7.158862787348104
TCGA-D8-A1JH,0.0,0.0,A,-4.734153613467954
TCGA-D8-A1JI,0.9076212471131639,0.857376283846872,B,7.250150691690974
TCGA-D8-A1JN,0.3140877598152425,0.16999299719887956,A,-2.8097532596167425
TCGA-D8-A1JS,0.18244803695150116,0.07300420168067227,A,-2.9639482928551084
TCGA-D8-A1JU,0.3579676674364896,0.17425303454715219,A,-3.35525776557288
TCGA-D8-A1X6,0.976905311778291,0.9806839402427637,B,5.611326031464105
TCGA-D8-A1X8,0.23556581986143188,0.18125583566760037,A,-4.2627024783681415
TCGA-D8-A1XA,0.8475750577367206,0.6563375350140056,B,5.442486432195414
TCGA-D8-A1XB,0.3695150115473441,0.20798319327731093,A,-1.1562348748042042
TCGA-D8-A1XD,0.16859122401847576,0.1556372549019608,A,-4.091384510681708
TCGA-D8-A1XG,0.17551963048498845,0.15038515406162464,A,-2.8824186059795407
TCGA-D8-A1XO,0.23094688221709006,0.22928338001867413,A,-4.364114103634701
TCGA-D8-A1XU,0.6351039260969977,0.5394491129785247,B,3.4574894283076967
TCGA-D8-A1XV,0.22170900692840648,0.26616479925303455,A,-1.4561660525810525
TCGA-D8-A1XY,0.9099307159353349,0.8777427637721755,B,6.924657731953662
TCGA-D8-A27E,0.0,0.0,A,-5.464878300372592
TCGA-D8-A27I,0.930715935334873,0.8423202614379085,B,3.0174325561711166
TCGA-D8-A27K,0.2909930715935335,0.13276143790849673,A,-2.4985827216105907
TCGA-D8-A27L,0.21939953810623555,0.12412464985994398,A,-4.937707957511424
TCGA-D8-A27P,0.17551963048498845,0.06705182072829131,A,-4.648356925386016
TCGA-D8-A27T,0.26558891454965355,0.19024276377217553,A,-3.7468710537101364
TCGA-D8-A27V,0.8914549653579676,0.933765172735761,B,8.73485110725794
TCGA-D8-A3Z5,0.2956120092378753,0.1551704014939309,A,-2.909674434197078
TCGA-D8-A3Z6,0.5057736720554272,0.3821195144724556,A,-1.2140770040955589
TCGA-D8-A4Z1,0.07159353348729793,0.03495564892623716,A,-6.0581050280718625
TCGA-D8-A73U,0.3579676674364896,0.2655812324929972,A,-4.531491968763409
TCGA-D8-A73X,0.394919168591224,0.2728174603174603,A,-0.6135415390086165
TCGA-E2-A106,0.4341801385681293,0.28104575163398693,A,-3.264082314766294
TCGA-E2-A10F,0.22863741339491916,0.1613562091503268,A,-2.7846014046483445
TCGA-E2-A14U,0.0,0.0,A,-4.656123375361978
TCGA-E2-A15I,0.17090069284064666,0.16812558356676005,A,-4.50547715170236
TCGA-E2-A15J,0.302540415704388,0.12885154061624648,A,-1.4961612758475515
TCGA-E2-A15K,0.2748267898383372,0.2010387488328665,A,-4.045710264536579
TCGA-E2-A1B4,0.03926096997690531,0.025910364145658265,A,-3.9200782221212767
TCGA-E2-A1B5,0.5658198614318707,0.4007936507936508,A,-4.8809222418245435
TCGA-E2-A1BC,0.17321016166281755,0.16474089635854341,A,-4.8189441402135
TCGA-E2-A1BD,0.9676674364896074,0.9491713352007469,B,7.965834164755476
TCGA-E2-A1IF,0.9237875288683602,0.914390756302521,B,6.730801083268815
TCGA-E2-A1IG,0.3579676674364896,0.17629551820728293,A,-1.5523765845701287
TCGA-E2-A1IH,0.9122401847575058,0.8324579831932774,B,8.010372732240938
TCGA-E2-A1IJ,0.3625866050808314,0.1950280112044818,A,-2.674422720868404
TCGA-E2-A1IK,0.0,0.0,A,-6.307277964177126
TCGA-E2-A1IL,0.2748267898383372,0.1987628384687208,A,-3.5566079308031946
TCGA-E2-A1IN,0.9745958429561201,0.9668534080298786,B,9.637335977616319
TCGA-E2-A1IO,0.859122401847575,0.7242063492063492,B,6.91256311427555
TCGA-E2-A1IU,0.09237875288683603,0.07954014939309056,A,-4.530845682736478
TCGA-E2-A1L6,0.9491916859122402,0.9626517273576097,B,6.886070056419389
TCGA-E2-A1L8,0.6651270207852193,0.5966386554621849,A,1.1813973498174999
TCGA-E2-A1L9,0.18475750577367206,0.10469187675070028,A,-2.7014442898330033
TCGA-E2-A1LB,0.8752886836027713,0.9054038281979458,B,5.4648228105618
TCGA-E2-A3DX,0.17551963048498845,0.06711017740429505,A,-3.672090989234748
TCGA-E2-A572,0.04849884526558892,0.06407563025210083,A,-3.251579619952699
TCGA-E2-A576,0.2540415704387991,0.2826797385620915,A,-3.1963248684962102
TCGA-E9-A1N3,0.09699769053117784,0.07399626517273576,A,-4.544661455544785
TCGA-E9-A1N6,0.5842956120092379,0.6219654528478058,A,-6.135789347972537
TCGA-E9-A1NA,0.8799076212471132,0.8029878618113913,B,9.237645191807344
TCGA-E9-A1NF,0.812933025404157,0.7311507936507936,B,5.959961320891252
TCGA-E9-A1NG,0.9468822170900693,0.9052287581699346,B,6.331218942852143
TCGA-E9-A1NH,0.2909930715935335,0.14250700280112044,A,-1.528728149277986
TCGA-E9-A1R0,0.08545034642032333,0.10224089635854341,A,-5.45950332679796
TCGA-E9-A1R3,0.9468822170900693,0.9625350140056023,B,7.01877744995939
TCGA-E9-A1R5,0.5381062355658198,0.33257469654528476,A,0.9746105299003169
TCGA-E9-A1R7,0.5473441108545035,0.4842436974789916,A,-1.177759971793091
TCGA-E9-A1RA,0.7782909930715936,0.7195961718020542,B,4.51772913899107
TCGA-E9-A1RC,0.9353348729792148,0.8678804855275444,B,7.792299154660601
TCGA-E9-A1RD,0.9607390300230947,0.9418767507002801,B,4.568853752978092
TCGA-E9-A1RF,0.7990762124711316,0.7699579831932774,B,5.464546018274046
TCGA-E9-A1RI,0.22401847575057737,0.20897525676937442,A,-3.035847885489577
TCGA-E9-A227,0.17782909930715934,0.06891923436041084,A,-5.694732362909387
TCGA-E9-A245,0.15011547344110854,0.04896125116713352,A,-4.08237528949363
TCGA-E9-A24A,0.2956120092378753,0.15511204481792717,A,-4.057909093417267
TCGA-E9-A295,0.8452655889145496,0.7512838468720822,B,6.79559995519638
TCGA-E9-A3Q9,0.12240184757505773,0.04861111111111111,A,-3.7953398645132426
TCGA-E9-A3X8,0.9699769053117783,0.9587418300653595,B,7.660090535911835
TCGA-E9-A5FK,0.3810623556581986,0.22076330532212884,A,-3.2632814516298594
TCGA-E9-A5UP,0.47344110854503463,0.2540266106442577,A,-0.9272447223689216
TCGA-EW-A1IW,0.9191685912240185,0.8475723622782446,B,7.72143296389785
TCGA-EW-A1IX,0.9722863741339491,0.9477707749766573,B,6.982512604518771
TCGA-EW-A1J1,0.8891454965357968,0.8410947712418301,B,9.626488149678144
TCGA-EW-A1J2,0.21478060046189376,0.1676003734827264,A,-2.813829450627774
TCGA-EW-A1J5,0.4064665127020785,0.2109593837535014,A,-1.7512034376815941
TCGA-EW-A1P6,0.18244803695150116,0.1465919701213819,A,-4.65997005124587
TCGA-EW-A1PE,0.9653579676674365,0.9630602240896359,B,5.913195284159354
TCGA-EW-A1PF,0.2471131639722864,0.2850723622782446,A,-6.067724684662387
TCGA-EW-A1PG,0.0,0.0,A,-5.311660167193718
TCGA-EW-A3E8,0.9515011547344111,0.9077380952380952,B,6.781342115390771
TCGA-GI-A2C8,0.76905311778291,0.6530695611577965,B,4.464851459672352
TCGA-GM-A2D9,0.3464203233256351,0.22438141923436042,A,-3.0000444084315445
TCGA-GM-A2DC,0.6351039260969977,0.47584033613445376,A,0.59442297048122
TCGA-GM-A2DI,0.03233256351039261,0.026552287581699346,A,-5.849399009489897
TCGA-GM-A2DK,0.25635103926096997,0.27258403361344535,A,-5.526044770229957
TCGA-GM-A2DM,0.0023094688221709007,0.006069094304388422,A,-5.117621657544234
TCGA-GM-A3NW,0.9399538106235565,0.9367997198879552,B,8.68786452514813
TCGA-GM-A3NY,0.21709006928406466,0.15814659197012138,A,-2.8050732019410893
TCGA-GM-A3XG,0.0,0.0,A,-5.48271176129319
TCGA-GM-A3XN,0.3556581986143187,0.2686157796451914,A,-2.7707448447927923
TCGA-GM-A4E0,0.24249422632794457,0.22041316526610644,A,-5.15380679934306
TCGA-GM-A5PV,0.04849884526558892,0.03192110177404295,A,-5.583424372452573
TCGA-GM-A5PX,0.21016166281755197,0.11805555555555555,A,-2.583390784310852
TCGA-HN-A2OB,0.19861431870669746,0.09809757236227824,A,-3.590782216901895
TCGA-LD-A66U,0.4064665127020785,0.2914915966386555,A,-2.115743532998602
TCGA-LD-A74U,0.815242494226328,0.8530578898225957,B,5.915004762580867
TCGA-LD-A7W5,0.28868360277136257,0.2948762838468721,A,-5.744857460082596
TCGA-LD-A7W6,0.23094688221709006,0.1439659197012138,A,-4.498812851926138
TCGA-LL-A440,0.03233256351039261,0.008053221288515405,A,-5.344633979924005
TCGA-LL-A50Y,0.23325635103926096,0.11035247432306255,A,-2.6572202714631135
TCGA-LL-A6FP,0.7852193995381063,0.7008636788048552,B,4.519226782230648
TCGA-LL-A6FQ,0.9722863741339491,0.9074463118580766,B,5.177936786009192
TCGA-LL-A9Q3,0.47344110854503463,0.34068627450980393,A,-1.7826404844266246
TCGA-MS-A51U,0.9376443418013857,0.9561157796451915,B,6.532562578818428
TCGA-OL-A5D8,0.3002309468822171,0.1863328664799253,A,-1.0446097335519033
TCGA-OL-A5DA,0.9491916859122402,0.9147408963585434,B,7.644243612672549
TCGA-OL-A5RU,0.18475750577367206,0.05777310924369748,A,-4.746654585976216
TCGA-OL-A5RV,0.19399538106235567,0.12324929971988796,A,-3.6105559382492087
TCGA-OL-A5RX,0.9745958429561201,0.9812091503267973,B,8.582154192172618
TCGA-OL-A66H,0.09468822170900693,0.0480859010270775,A,-3.8428822088101797
TCGA-OL-A66J,0.13625866050808313,0.13947245564892624,A,-3.95021446199107
TCGA-OL-A66K,0.9630484988452656,0.9470121381886087,B,8.53985228816897
TCGA-OL-A66L,0.21939953810623555,0.13742997198879553,A,-3.013068261169518
TCGA-OL-A66N,0.9607390300230947,0.9555322128851541,B,9.215370942266683
TCGA-OL-A6VQ,0.23787528868360278,0.15557889822595705,A,-3.584415503299926
TCGA-OL-A6VR,0.13625866050808313,0.08572595704948646,A,-4.526880961820134
TCGA-OL-A97C,0.4110854503464203,0.2755602240896359,A,-3.695822231921684
TCGA-PE-A5DE,0.6789838337182448,0.7311507936507936,B,1.5920433836413743
TCGA-PL-A8LX,0.9584295612009238,0.9086134453781513,B,5.278582266423079
TCGA-S3-AA11,0.15935334872979215,0.07341269841269842,A,-2.7576107070252904
TCGA-S3-AA12,0.930715935334873,0.928921568627451,B,6.458762953106314
TCGA-S3-AA14,0.13856812933025403,0.1311858076563959,A,-5.57884588929229
TCGA-V7-A7HQ,0.15935334872979215,0.11420401493930905,A,-3.881641784452248
TCGA-W8-A86G,0.43648960739030024,0.2711834733893557,A,-2.4083761469594385
TCGA-WT-AB41,0.3833718244803695,0.4040032679738562,A,-4.6777695014247875
TCGA-XX-A899,0.3233256351039261,0.18183940242763771,A,-4.683249348772668
TCGA-XX-A89A,1.0,0.9999416433239963,B,9.995776079892478
TCGA-Z7-A8R5,0.37644341801385683,0.2796451914098973,A,-3.085853175160254
