,d_rna,d_cnv,d_methy
ACTR3B,-0.012275144,0.11205265,-0.09977761
AGR2,-0.021200702,0.10852358,-0.08732253
AKT1,-0.013307765,0.08698711,-0.07367915
AKT2,-0.025963321,0.17776608,-0.15180269
ALDH1A3,-0.02774857,0.1256279,-0.0978795
ANLN,-1.0371208e-05,0.09390879,-0.093898386
AP2B1,-0.01926665,0.104400486,-0.08513424
APC,-0.0015620738,0.07502237,-0.07346049
AR,-0.018667147,0.09286782,-0.0742006
ARID1A,0.029741675,0.041544974,-0.07128647
ARID1B,0.0040295124,0.057985306,-0.062014937
ASPM,0.0029552877,0.05675283,-0.059708208
ATM,0.0018568188,0.013382018,-0.015238792
AURKA,-0.04875602,0.212163,-0.16340688
AURKB,0.015945584,0.026194453,-0.04213977
AZGP1,-0.027898863,0.12755361,-0.099654615
BAG1,-0.020531997,0.11619586,-0.0956637
BBC3,-0.027074039,0.11418751,-0.08711347
BCL2,-0.0012221336,0.07555172,-0.074329466
BIRC5,-0.023853883,0.12187019,-0.09801635
BLVRA,-0.03690335,0.13727063,-0.10036743
BRCA1,0.0023150593,0.072960734,-0.07527584
BRCA2,-0.0046820194,0.029492795,-0.02481097
BRD4,-0.03394209,0.14444003,-0.11049792
BUB1,-0.019609094,0.15738186,-0.13777277
BUB1B,0.011474609,0.03938788,-0.05086246
CA12,-0.01754582,0.08888167,-0.07133579
CBFB,-0.032883823,0.16810068,-0.1352165
CCNB1,0.021401942,0.045852005,-0.06725389
CCNB2,0.005636215,0.05521053,-0.060846627
CCND1,-0.046617985,0.19574907,-0.14913139
CCNE2,-0.042672604,0.16237283,-0.1197004
CD44,-0.042274103,0.18196169,-0.13968745
CDC20,-0.017242521,0.13740784,-0.12016526
CDC6,-0.033781543,0.17230105,-0.13851976
CDCA7,-0.010571003,0.13803318,-0.12746206
CDH1,-0.039109454,0.17751196,-0.1384027
CDH3,-0.02096507,0.15956447,-0.13859943
CDK4,-0.02584736,0.15950033,-0.13365296
CDK6,-0.019459188,0.12592307,-0.10646364
CDKN1B,-0.02740468,0.16133937,-0.13393477
CDKN2A,-0.012977473,0.073137105,-0.060159802
CDKN3,8.511543e-05,0.094257,-0.0943421
CENPA,-0.026335597,0.16251817,-0.13618258
CENPF,0.003349796,0.03736633,-0.040716022
CEP55,0.003302589,0.06018555,-0.063488364
CHEK1,0.018658012,0.026918024,-0.045576155
CHEK2,-0.01037322,0.062842935,-0.052469492
DLGAP5,0.0060447305,0.10268128,-0.108725965
DNMT1,-0.020727605,0.12817615,-0.1074484
DNMT3A,-0.03962177,0.17865169,-0.13903025
DNMT3B,-0.040533096,0.13637078,-0.09583765
E2F1,-0.016306058,0.14064863,-0.1243425
EGFR,-0.053362727,0.15610397,-0.10274124
EGLN1,-2.2038817e-05,0.068642646,-0.06862056
ERBB2,-0.025131375,0.13658577,-0.11145455
ERBB3,-0.02280587,0.13076767,-0.10796186
ESM1,-0.009480521,0.073410004,-0.06392968
ESR1,-0.02081488,0.09425852,-0.07344359
EXO1,0.007953078,0.04424113,-0.052194238
EXT1,-0.048347756,0.17147422,-0.12312654
EZH2,-0.007972136,0.11046314,-0.10249129
F12,-0.024335206,0.12395838,-0.099622905
FGF19,-0.0536301,0.19210678,-0.13847676
FGF3,-0.03030628,0.20138249,-0.17107603
FGF4,-0.019632995,0.18292412,-0.163291
FGFR1,-0.030673191,0.1545209,-0.12384784
FGFR2,-0.026389986,0.09974015,-0.07335037
FGFR4,-0.027341083,0.124203175,-0.096862435
FLT1,-0.012749687,0.06967193,-0.056922346
FOXA1,-0.015158549,0.12610763,-0.1109491
FOXC1,-0.011442453,0.14223915,-0.13079652
FOXM1,-0.026012316,0.1824218,-0.15640953
GABRP,-0.02044864,0.07637769,-0.055929065
GATA3,-0.055073343,0.17497456,-0.11990133
GMPS,-0.03789404,0.15906379,-0.121169865
GPR160,-0.049942948,0.20119953,-0.15125641
GPR18,-0.006647527,0.051740646,-0.04509321
GRB7,-0.024611682,0.12221587,-0.09760451
GREB1,-0.04432556,0.14647579,-0.10215056
GSTM1,-0.039284855,0.10988602,-0.07060143
GSTP1,-0.02516307,0.1521366,-0.12697345
HOXB13,-0.04154256,0.15383315,-0.1122905
HTATIP2,-0.012104228,0.13074014,-0.118635654
IGF1R,-0.032981947,0.15290484,-0.119922906
IGFBP3,-0.027901828,0.123327196,-0.09542528
IGFBP5,-0.03338103,0.12777385,-0.094393015
IL17RB,-0.00045681,0.049821675,-0.049364924
IL25,-0.009343922,0.109624654,-0.100281
IL6ST,-0.015794128,0.065772,-0.0499779
JUP,-0.012862384,0.07191351,-0.059050947
KIF23,-0.0069237947,0.085300386,-0.07837647
KIF2C,-0.013162494,0.11767611,-0.104513615
KRT5,-0.03311114,0.10774502,-0.07463375
LIN9,0.00032125413,0.056539923,-0.05686125
LMO1,-0.017778337,0.10213855,-0.08436012
LOX,0.010700494,0.058884084,-0.06958449
MAP2K4,0.028595418,0.0015262663,-0.030121624
MAP3K1,-0.0033656955,0.065585434,-0.06221968
MCM2,-0.00898923,0.14631683,-0.13732752
MCM6,-0.0072945505,0.11115539,-0.103860974
MDM2,-0.06325477,0.21642521,-0.15317053
MDM4,0.0061809123,0.07762423,-0.0838052
MELK,-0.0063244104,0.10431421,-0.09798971
MGP,-0.026992664,0.1509285,-0.12393585
MIA,-0.03744456,0.14327896,-0.10583416
MKI67,0.010206282,0.061184287,-0.07139054
MLPH,-0.02315557,0.10231966,-0.079164445
MMP2,-0.029155716,0.1041733,-0.0750176
MMP9,-0.048588946,0.187015,-0.13842651
MTDH,-0.04206565,0.17272264,-0.13065666
MTOR,0.01594241,0.029906511,-0.045849264
MYBL2,-0.016339153,0.15933153,-0.14299232
MYC,-0.026547804,0.1476787,-0.12113109
NCOA3,-0.036791205,0.17199123,-0.1352
NCOR1,0.009821907,0.022758275,-0.03257987
NDC80,-0.013607249,0.0809097,-0.067302614
NDRG1,-0.031055182,0.17166197,-0.14060679
NEK2,0.012988284,0.06636077,-0.07934931
NF1,-0.003051743,0.0998888,-0.096836865
NMU,-0.043434486,0.14414155,-0.100707114
NOTCH3,-0.011998236,0.14135903,-0.12936077
NUF2,-0.011281967,0.06391871,-0.05263686
NUSAP1,-0.007374972,0.032197744,-0.024822354
OXCT1,-0.035619095,0.14939404,-0.113774896
PAK1,-0.05173783,0.20794234,-0.15620458
PCOLCE,-0.023430303,0.12390891,-0.10047841
PGR,0.009005949,0.0396626,-0.048668534
PHGDH,-0.031283215,0.19180954,-0.16052634
PIK3CA,-0.06643145,0.18352789,-0.11709651
PIK3R1,-0.008187547,0.048360735,-0.040173113
PITX2,-0.0046787336,0.09859988,-0.09392086
PLAT,-0.03942883,0.16445732,-0.12502816
PLAU,-0.034926146,0.13557059,-0.10064453
PLK1,-0.010380626,0.08404055,-0.07365987
PPM1D,-0.055248395,0.21178445,-0.1565359
PRC1,-0.012026146,0.108879596,-0.09685376
PTEN,0.006522104,0.06336397,-0.06988594
PTTG1,0.007235527,0.06857616,-0.075811684
RACGAP1,-0.0045334846,0.104207695,-0.099674284
RAD51,0.013220236,0.05205661,-0.06527686
RASSF1,-0.013730824,0.05222857,-0.038497537
RASSF7,-0.011438951,0.09225714,-0.080818206
RB1,0.02215147,-0.0015397668,-0.020611405
RBBP8,-0.022168517,0.07728416,-0.05511543
RFC4,-0.040336862,0.18040037,-0.14006361
RRM2,-0.038349643,0.14681265,-0.108463064
RSF1,-0.028725743,0.17675593,-0.14803016
RSPO2,-0.030832373,0.16234508,-0.13151294
RUNDC1,0.0016252548,0.061647505,-0.06327286
RUNX1,-0.026885435,0.16411343,-0.13722827
SCG5,0.0018087924,0.038819462,-0.040628195
SCUBE2,-0.005744785,0.08447713,-0.07873234
SEC14L2,-0.003106147,0.06760028,-0.064494014
SERPINB5,-0.026866004,0.06743714,-0.040570945
SERPINE1,-0.016550288,0.12107524,-0.10452536
SFRP1,-0.06994878,0.16911379,-0.09916487
SFRP2,-0.012058377,0.09346095,-0.08140269
SIAH2,-0.04060696,0.18755952,-0.14695302
SLC2A3,-0.046343967,0.15853146,-0.112187594
SLC39A6,-0.007029161,0.06504449,-0.058015496
SMAD3,-0.015805393,0.0776428,-0.061837494
SMAD4,0.0021107495,0.05120331,-0.053313926
SNAI2,-0.037010387,0.19463918,-0.15762904
STC2,-0.014836013,0.110984385,-0.09614831
TBX3,-0.016547069,0.088199526,-0.07165262
TFF3,-0.047246948,0.1766372,-0.12939039
TGFB1,-0.027500942,0.13157102,-0.1040701
TMEM45B,-0.002368182,0.028345436,-0.025977224
TOP2A,-0.018058062,0.12931615,-0.11125815
TP53,0.003775388,-0.0031092465,-0.0006661117
TPX2,-0.00745444,0.16005364,-0.15259925
TSPAN14,-0.024193272,0.12250891,-0.098315656
TWIST1,-0.024706975,0.10426852,-0.07956171
TYMS,-0.016503185,0.08450627,-0.068003386
UBE2C,-0.018334389,0.15654561,-0.13821164
UBE2T,-0.0053248852,0.07099831,-0.06567347
VEGFA,-0.04051408,0.17595294,-0.13543898
WIF1,-0.037609637,0.17335665,-0.13574716
XRCC4,0.008790612,0.06736156,-0.076152146
ZEB1,-0.032921076,0.15199545,-0.11907452
ZEB2,-0.014818475,0.11653426,-0.101715654
ZNF703,-0.03719054,0.171384,-0.1341936
FMOD,-0.01954548,0.086648524,-0.067103
AGR3,-0.026815861,0.10165474,-0.074838996
NDUFS6,-0.028308012,0.14046153,-0.11215359
COL1A2,-0.019653335,0.11262414,-0.09297106
MARCKS,-0.0069842786,0.1149213,-0.1079371
VIM,-0.031945914,0.17381972,-0.14187369
A2M,-0.038411736,0.16820446,-0.12979254
ECM1,-0.007813349,0.101085186,-0.09327188
SLPI,-0.047269568,0.16765022,-0.12038076
ELN,-0.023286775,0.14053604,-0.11724919
CTSS,-0.009886712,0.092944175,-0.08305749
APOD,-0.046957716,0.1932272,-0.14626929
PABPC1,-0.024643958,0.1437929,-0.11914891
CPXM1,-0.020566136,0.09955874,-0.078992575
PIP,-0.025817916,0.10492092,-0.07910311
RGS1,-0.013263106,0.08157796,-0.06831485
HOXB2,-0.038220122,0.16500947,-0.1267893
MT1E,-0.013174474,0.13409102,-0.12091604
TRPS1,-0.039649814,0.15318549,-0.11353564
TSPYL5,-0.02492775,0.17168254,-0.14675456
NID1,0.005565077,0.06634441,-0.07190961
WASL,-0.018523872,0.12431428,-0.10578999
COL14A1,-0.058309898,0.14364022,-0.08533031
TP53INP1,-0.027194113,0.16055596,-0.13336211
ENPP2,-0.044615,0.14038631,-0.09577149
SYNGR2,-0.03329052,0.13323674,-0.09994587
C1orf115,-0.015329003,0.088786155,-0.07345748
PLTP,-0.032506853,0.17166486,-0.13915822
PRRX1,-0.0024518669,0.07427636,-0.0718244
LRP5,-0.03173518,0.15884858,-0.12711349
S100A16,-0.021246314,0.0964137,-0.07516739
IFI16,0.0013685673,0.06945613,-0.07082501
CHAD,-0.040876284,0.15444505,-0.113568425
EIF3K,-0.031181872,0.1798568,-0.14867502
IGFBP4,-0.0384174,0.1262078,-0.08779046
TPD52,-0.04628344,0.19372547,-0.14744207
ANXA9,-0.014288485,0.094817996,-0.08052981
FABP4,-0.061769426,0.18876684,-0.12699771
KRT19,-0.021294102,0.0716683,-0.05037433
PLEKHF2,-0.026694909,0.16298583,-0.13629094
GIMAP4,-0.0158014,0.10062343,-0.08482218
RAB25,-0.0030250996,0.07477853,-0.07175359
FXYD5,-0.029022083,0.1807253,-0.15170297
RGS2,-0.012345821,0.06762895,-0.05528298
KAT2A,-0.009474248,0.06513476,-0.055660635
PLOD2,-0.042245,0.16530588,-0.12306112
FSCN1,-0.0014492497,0.100957096,-0.09950799
SQLE,-0.023149356,0.16328448,-0.1401352
GIMAP7,-0.020161062,0.10840532,-0.08824429
CD163,-0.03267248,0.18609658,-0.15342414
CX3CL1,-0.030776277,0.14927661,-0.1185005
CLEC11A,-0.030688673,0.12041366,-0.08972472
MRPL36,-0.026141152,0.14190125,-0.11576009
AKR1B1,-0.01994221,0.12104425,-0.10110173
CST1,-0.029389098,0.11842635,-0.08903736
EPHX2,0.019715264,-0.003374815,-0.016340315
RAB34,-0.025834545,0.15727386,-0.13143912
C6orf62,-0.029242456,0.14235431,-0.11311185
CHI3L1,-0.0034756213,0.057005644,-0.053530246
LGALS3BP,-0.029569075,0.14739886,-0.11782989
PYCARD,-0.025224522,0.12774396,-0.10251933
GRHL2,-0.026287183,0.15303275,-0.1267457
ATP6V1B2,0.015517011,-0.019813985,0.0042969882
LXN,-0.027639747,0.1807327,-0.15309274
ZHX1,-0.02803576,0.15186653,-0.123830855
CLSTN2,-0.027032524,0.17375603,-0.14672384
QSOX1,-0.0031001866,0.08661997,-0.0835197
LAMB3,-0.011983305,0.06879532,-0.05681202
PTN,-0.023934498,0.12248409,-0.09854972
S100A9,-0.0075956136,0.07845047,-0.070854604
THRSP,-0.0722841,0.2024023,-0.13011816
SSR3,-0.03293176,0.17149758,-0.13856617
ID4,-0.040721014,0.16548103,-0.12475985
PDK4,-0.025738,0.12674835,-0.10101053
FPR3,-0.030606002,0.13335243,-0.10274586
TIMP2,-0.029669285,0.1174483,-0.087779135
KCNK1,-0.010059908,0.07062659,-0.060566843
LMOD1,-0.022929564,0.07576427,-0.05283463
KDM2A,-0.04145719,0.19429514,-0.15283811
KRT10,-0.018639252,0.11621389,-0.0975748
PPP1R1B,-0.03332226,0.105498224,-0.07217601
RPL37,-0.0204615,0.14362925,-0.123167634
NES,0.001578182,0.08162102,-0.08319923
MRC2,-0.03866148,0.17707387,-0.13841224
POLD2,-0.01664704,0.1274603,-0.11081305
NECAB3,-0.031551197,0.13400087,-0.102449805
KRT15,-0.023983464,0.073721915,-0.04973817
CAPN8,0.007840678,0.07956767,-0.087408066
EFNA4,0.0019699484,0.08739185,-0.089361936
METRN,-0.026753098,0.11878696,-0.09203389
MNDA,-0.01744631,0.0766353,-0.05918941
TM4SF1,-0.03201212,0.15703163,-0.12501949
SYCP2,-0.053791493,0.23944604,-0.1856544
COL10A1,-0.021218836,0.115202695,-0.09398401
BNIPL,-0.018356726,0.09270951,-0.07435283
AQP1,-0.044000775,0.13056666,-0.08656618
CD9,-0.045431785,0.18370786,-0.13827622
PTMS,-0.04455477,0.1766842,-0.13212949
SND1,-0.006107807,0.12275818,-0.11665055
FZD6,-0.03739679,0.15577075,-0.11837402
C1S,-0.033980787,0.1717197,-0.13773888
S100A14,-0.022686854,0.09126246,-0.06857589
RBP1,-0.025433734,0.16278827,-0.13735467
RIN2,-0.02375491,0.1461623,-0.12240735
YWHAZ,-0.040512025,0.14071193,-0.10019994
MAL2,-0.035954267,0.11974284,-0.083788246
COL1A1,-0.048566505,0.14603153,-0.09746495
KRT14,-0.01386407,0.08074364,-0.06687951
ETV3,0.0039304644,0.08087948,-0.08480993
MIR635,-0.0434466,0.18747419,-0.14402747
TMEM204,-0.031082988,0.10498932,-0.07390642
MT2A,-0.0101261735,0.14018819,-0.13006204
CRABP2,-0.010566577,0.09577888,-0.08521229
SLC30A1,-0.013734624,0.080207705,-0.06647313
FAM107B,-0.049585715,0.18688014,-0.1372943
COPZ2,-0.036078125,0.12578773,-0.08970949
NRN1,-0.023785219,0.14670187,-0.12291646
CYB5R1,0.0049367547,0.071531,-0.07646757
EFR3A,-0.04253058,0.16140297,-0.118872404
ISM1,-0.03886956,0.15061319,-0.11174393
RARRES1,-0.034905702,0.16627091,-0.13136551
GAPDH,-0.01897724,0.17736292,-0.15838575
ASAP1,-0.03336236,0.14407057,-0.11070815
RTP4,-0.034764826,0.18761083,-0.15284586
TFAP2C,-0.058906436,0.23104626,-0.17213967
ADAMTS2,0.008097604,0.09824398,-0.10634175
TMEM147,-0.037750453,0.17064348,-0.13289306
SSH3,-0.04097204,0.18880776,-0.14783561
PPP1R2,-0.03701715,0.2017408,-0.16472366
CFH,-0.0062090456,0.050189912,-0.043981045
CD93,-0.038022995,0.11806938,-0.080046475
SNRPE,-0.0137939155,0.07452202,-0.06072837
INHBA,-0.017471999,0.11952299,-0.10205093
DSTN,-0.039265454,0.1422174,-0.10295212
CLDN3,-0.03080611,0.13393152,-0.103125244
LY96,-0.0440291,0.21141198,-0.16738269
ALDOC,-0.019160822,0.12462917,-0.10546869
FKBP10,-0.0056046844,0.074650794,-0.06904581
ATP6V1C1,-0.041222975,0.15736642,-0.1161432
CCDC3,-0.056926534,0.19551206,-0.13858551
NME4,-0.02035141,0.12594199,-0.105590284
ID1,-0.042662546,0.16449922,-0.12183672
HOXB7,-0.04608825,0.15989947,-0.113811284
TM4SF18,-0.04079497,0.16329065,-0.12249586
CDC42SE1,0.013264626,0.087353736,-0.10061827
SCNN1A,-0.05416189,0.20628718,-0.15212524
CMTM3,-0.037602037,0.16282678,-0.12522459
S100A10,-0.0153963715,0.10822618,-0.092829734
SKAP1,-0.04325506,0.15019596,-0.106940895
VEZF1,-0.038689733,0.16688403,-0.12819436
TMEM97,-0.035442695,0.13339204,-0.097949415
SELENBP1,-0.01589322,0.08068374,-0.06479046
SFRP4,-0.018784404,0.123063385,-0.10427901
CHCHD2,-0.03408335,0.1412169,-0.10713327
LPL,0.009641275,-0.014443845,0.004802674
CACNG4,-0.0523531,0.19524142,-0.14288849
SLC7A2,0.024732023,-0.014633536,-0.010098815
ADAMTS12,-0.01571609,0.13453585,-0.11881977
MDFIC,-0.004128039,0.107586175,-0.103458196
SLC2A10,-0.04969448,0.18539265,-0.13569838
ZNF83,-0.028454378,0.13905898,-0.110604554
RGS5,-0.011759967,0.070721716,-0.05896175
MAPK3,-0.016619071,0.12257573,-0.105956614
CST7,-0.034029767,0.10723323,-0.07320356
CLEC2B,-0.027787372,0.17239958,-0.14461228
TUBB2A,-0.011539295,0.110263914,-0.09872487
SNHG9,-0.014704883,0.12341499,-0.10871014
MFAP5,-0.04433018,0.17724189,-0.13291162
C17orf58,-0.06212604,0.2016778,-0.139552
ALDH3B2,-0.0369215,0.16654393,-0.12962261
GOLPH3L,-0.013821423,0.089315474,-0.0754939
KRT23,-0.02429019,0.09031898,-0.066028535
BNIP3L,0.008738309,-0.014377266,0.005638987
CCND2,-0.042308435,0.17713702,-0.13482848
COX7A1,-0.04558669,0.15561062,-0.11002371
SELL,-0.006877497,0.07980755,-0.07293007
SHC1,0.0116677135,0.0832769,-0.094944656
DSP,-0.02175261,0.1410039,-0.11925161
PTPRC,-0.001133889,0.055980027,-0.05484581
TRAM1,-0.051352143,0.20710066,-0.15574864
SEMA3C,-0.024969608,0.12363845,-0.09866899
STAC2,-0.054132536,0.1564272,-0.10229468
RARRES2,-0.026659742,0.107920796,-0.08126107
CPA3,-0.03583628,0.17078426,-0.13494807
GIT1,-0.040858194,0.15095106,-0.11009285
NPEPPS,-0.01814191,0.10535744,-0.08721545
RSAD1,-0.046017244,0.16884518,-0.12282777
ELOVL2,-0.03659804,0.1713911,-0.13479328
SEC62,-0.04232377,0.18653336,-0.14420995
PRR15L,-0.021816641,0.15169767,-0.12988102
COTL1,-0.043210745,0.16997719,-0.12676659
OLR1,-0.050970897,0.1843946,-0.13342369
SLAMF7,-0.025165975,0.0731028,-0.047937125
RAB4A,0.005063802,0.07608047,-0.081144005
CD55,-0.022395462,0.07210854,-0.049713254
VANGL2,-0.010018155,0.08664945,-0.07663122
DHX9,0.013026282,0.054547936,-0.067574084
NDUFS2,-0.0015441477,0.09359431,-0.092050195
CLDN4,-0.023290023,0.13205066,-0.108760536
TBC1D20,-0.013383985,0.11237651,-0.09899244
SEZ6L2,-0.01420781,0.13459924,-0.1203917
NET1,-0.04039046,0.18449423,-0.14410388
LAPTM4B,-0.03628035,0.1654819,-0.12920156
ELF3,-0.008147523,0.065986186,-0.05783859
MAPRE1,-0.018056959,0.14859575,-0.13053897
LYPLA1,-0.048285723,0.21282208,-0.16453627
MUC1,-0.011875361,0.085026085,-0.073150724
ACLY,-0.002263397,0.06590271,-0.063639164
AEBP1,-0.02170004,0.13910949,-0.11740962
CALD1,-0.0068645775,0.10595879,-0.09909433
SDCBP,-0.04051073,0.21456847,-0.17405805
RPRD2,-0.00013527274,0.10490385,-0.104768604
ELMO3,-0.033021912,0.1712789,-0.13825688
SERPINB9,-0.021344453,0.13284934,-0.11150491
RARA,-0.03706409,0.15209582,-0.11503157
KCTD3,0.0021997094,0.07824132,-0.08044115
ABCC11,-0.026924014,0.09278226,-0.065858394
MAGEF1,-0.053186193,0.20104194,-0.14785561
PI4KB,0.003641799,0.07926971,-0.08291155
PPP2R5A,0.00095011294,0.052745223,-0.053695202
GOLT1A,-0.008311808,0.07404852,-0.06573677
SOX9,-0.021350145,0.12538984,-0.1040394
NME3,-0.023084223,0.13710731,-0.11402324
CTHRC1,-0.03340292,0.15025222,-0.1168493
CD4,-0.0479268,0.17185608,-0.12392911
GCC1,-0.010278136,0.09908247,-0.088804424
ANKH,-0.031236038,0.1461769,-0.11494079
CTF1,-0.008396268,0.12543085,-0.117034614
PXMP4,-0.036554053,0.15149549,-0.11494139
VWF,-0.046155915,0.17620754,-0.13005161
CRNKL1,-0.028601512,0.11962196,-0.091020584
WFDC2,-0.036664203,0.19654039,-0.15987617
KDELR2,-0.013700128,0.110048026,-0.09634775
PRR14,-0.026045665,0.13682884,-0.1107828
C1orf116,-0.018684015,0.06412089,-0.04543668
GMFG,-0.03510861,0.16640434,-0.13129574
SLC2A4RG,-0.064808264,0.21234405,-0.14753568
RSL1D1,-0.03376718,0.14023954,-0.10647231
STC1,0.008236602,-0.02269423,0.014457613
S100A4,-0.020194441,0.07491854,-0.054724038
ZNF880,-0.025060773,0.13500777,-0.109947085
CREG1,-0.007582873,0.07895526,-0.07137239
CD40,-0.043337688,0.20337185,-0.16003412
PRKAR1A,-0.042126864,0.16029716,-0.1181702
S100A6,-0.0074661374,0.10538328,-0.0979172
ECH1,-0.036611184,0.1576004,-0.12098932
GRAMD1A,-0.060343638,0.19048566,-0.13014197
RHOD,-0.053372085,0.18751684,-0.13414454
FCER1A,-0.011108384,0.07436153,-0.063253134
SCGB3A1,-0.016794503,0.10423586,-0.087441176
