model,metric,mean,std,n,ci95_lo,ci95_hi,nb_ci95_lo,nb_ci95_hi
B0a_dummy_stratified,macro_f1,0.2638390455502552,0.031631749375791864,25,0.2507821011425602,0.27689598995795023,0.22868214679373983,0.2989959443067706
B0a_dummy_stratified,weighted_f1,0.3678372621000523,0.03286844429922813,25,0.3542698351176267,0.3814046890824779,0.3313058469454897,0.4043686772546149
B0a_dummy_stratified,balanced_accuracy,0.26471699791436637,0.0322067352801977,25,0.25142271099045943,0.2780112848382733,0.2289210348750804,0.3005129609536523
B0a_dummy_stratified,mcc,0.019067757913667847,0.051271255054098866,25,-0.0020959759981357996,0.04023149182547149,-0.037917339611034176,0.07605285543836987
B0a_dummy_stratified,f1__BRCA_Basal,0.22353063307380514,0.07172838921548541,25,0.19392260920785803,0.25313865693975224,0.14380858900795676,0.30325267713965354
B0a_dummy_stratified,precision__BRCA_Basal,0.20776878092667567,0.0655173723715346,25,0.18072453880682407,0.23481302304652726,0.13494993047695097,0.28058763137640036
B0a_dummy_stratified,recall__BRCA_Basal,0.24204545454545454,0.07946273958240188,25,0.20924484776002622,0.27484606133088285,0.15372711788868168,0.33036379120222736
B0a_dummy_stratified,f1__BRCA_Her2,0.09312866147571375,0.07187597676229056,25,0.06345971646465359,0.1227976064867739,0.013242582206528769,0.17301474074489873
B0a_dummy_stratified,precision__BRCA_Her2,0.09654945054945055,0.07572784821087032,25,0.06529053114993041,0.12780836994897068,0.012382234219775648,0.18071666687912546
B0a_dummy_stratified,recall__BRCA_Her2,0.09049999999999998,0.06934214687571574,25,0.061876968560602194,0.11912303143939777,0.013430129209525271,0.1675698707904747
B0a_dummy_stratified,f1__BRCA_LumA,0.5220437162614885,0.039002852280928535,25,0.5059441301170887,0.5381433024058883,0.4786942539043626,0.5653931786186144
B0a_dummy_stratified,precision__BRCA_LumA,0.5328685480017878,0.04048776154151905,25,0.516156021439972,0.5495810745636037,0.48786869306229197,0.5778684029412837
B0a_dummy_stratified,recall__BRCA_LumA,0.5116666666666666,0.037716389562982656,25,0.4960981062328982,0.527235227100435,0.4697470347938284,0.5535862985395048
B0a_dummy_stratified,f1__BRCA_LumB,0.21665317139001344,0.05964028050638938,25,0.19203487355956766,0.24127146922045922,0.15036637584597726,0.28293996693404966
B0a_dummy_stratified,precision__BRCA_LumB,0.2188960498960499,0.0593564726324784,25,0.19439490219815284,0.24339719759394698,0.15292469073748996,0.28486740905460983
B0a_dummy_stratified,recall__BRCA_LumB,0.21465587044534412,0.06044672608150833,25,0.18970468824239448,0.23960705264829377,0.14747275629748152,0.2818389845932067
B0a_dummy_stratified,roc_auc_macro,0.5096608579516778,0.022485901281290237,25,0.5003791340894049,0.5189425818139507,0.48466905160535145,0.5346526642980042
B0a_dummy_stratified,pr_auc_macro,0.2571091528272995,0.009326031225703846,25,0.2532595563408139,0.26095874931378515,0.24674379706695396,0.2674745085876451
B0a_dummy_stratified,roc_auc__BRCA_Basal,0.5214236102749348,0.046653233149090145,25,0.502166102116594,0.5406811184332756,0.46957118267123354,0.573276037878636
B0a_dummy_stratified,pr_auc__BRCA_Basal,0.19047419980875546,0.02009352549304581,25,0.1821800001361288,0.1987683994813821,0.16814138371856766,0.21280701589894327
B0a_dummy_stratified,roc_auc__BRCA_Her2,0.5052357428001141,0.038706366994468555,25,0.48925853976696804,0.52121294583326,0.4622158070548438,0.5482556785453844
B0a_dummy_stratified,pr_auc__BRCA_Her2,0.09027912888568626,0.012962239509140112,25,0.08492857939000781,0.09562967838136471,0.07587233346420684,0.10468592430716568
B0a_dummy_stratified,roc_auc__BRCA_LumA,0.5077098369419941,0.04066499573449145,25,0.4909241517009888,0.5244955221829994,0.46251299623024467,0.5529066776537436
B0a_dummy_stratified,pr_auc__BRCA_LumA,0.5305547533111092,0.020550633986262203,25,0.5220718685261512,0.5390376380960673,0.5077138870076426,0.5533956196145758
B0a_dummy_stratified,roc_auc__BRCA_LumB,0.5042742417896683,0.03777869045525556,25,0.4886799648115098,0.5198685187678268,0.4622853660019249,0.5462631175774116
B0a_dummy_stratified,pr_auc__BRCA_LumB,0.21712852930364712,0.014652409224644145,25,0.21108031203902147,0.22317674656827277,0.20084320592396443,0.23341385268332981
B0b_dummy_mostfreq,macro_f1,0.17216678270286995,0.0002526484353454691,25,0.17206249455440853,0.17227107085133136,0.17188597826942212,0.17244758713631778
B0b_dummy_mostfreq,weighted_f1,0.36166614247261314,0.0013428462324685205,25,0.3611118427910773,0.362220442154149,0.3601736449038067,0.36315864004141957
B0b_dummy_mostfreq,balanced_accuracy,0.25,0.0,25,0.25,0.25,0.25,0.25
B0b_dummy_mostfreq,mcc,0.0,0.0,25,0.0,0.0,0.0,0.0
B0b_dummy_mostfreq,f1__BRCA_Basal,0.0,0.0,25,0.0,0.0,0.0,0.0
B0b_dummy_mostfreq,precision__BRCA_Basal,0.0,0.0,25,0.0,0.0,0.0,0.0
B0b_dummy_mostfreq,recall__BRCA_Basal,0.0,0.0,25,0.0,0.0,0.0,0.0
B0b_dummy_mostfreq,f1__BRCA_Her2,0.0,0.0,25,0.0,0.0,0.0,0.0
B0b_dummy_mostfreq,precision__BRCA_Her2,0.0,0.0,25,0.0,0.0,0.0,0.0
B0b_dummy_mostfreq,recall__BRCA_Her2,0.0,0.0,25,0.0,0.0,0.0,0.0
B0b_dummy_mostfreq,f1__BRCA_LumA,0.6886671308114798,0.0010105937413818764,25,0.6882499782176341,0.6890842834053255,0.6875439130776885,0.6897903485452711
B0b_dummy_mostfreq,precision__BRCA_LumA,0.5251666366420465,0.0011767199869251986,25,0.5246809105043557,0.5256523627797374,0.5238587789907477,0.5264744942933454
B0b_dummy_mostfreq,recall__BRCA_LumA,1.0,0.0,25,1.0,1.0,1.0,1.0
B0b_dummy_mostfreq,f1__BRCA_LumB,0.0,0.0,25,0.0,0.0,0.0,0.0
B0b_dummy_mostfreq,precision__BRCA_LumB,0.0,0.0,25,0.0,0.0,0.0,0.0
B0b_dummy_mostfreq,recall__BRCA_LumB,0.0,0.0,25,0.0,0.0,0.0,0.0
B0b_dummy_mostfreq,roc_auc_macro,0.5,0.0,25,0.5,0.5,0.5,0.5
B0b_dummy_mostfreq,pr_auc_macro,0.25,0.0,25,0.25,0.25,0.25,0.25
B0b_dummy_mostfreq,roc_auc__BRCA_Basal,0.5,0.0,25,0.5,0.5,0.5,0.5
B0b_dummy_mostfreq,pr_auc__BRCA_Basal,0.17833423407193902,0.002511262295817193,25,0.17729763594389747,0.17937083219998057,0.17554310819280355,0.18112535995107448
B0b_dummy_mostfreq,roc_auc__BRCA_Her2,0.5,0.0,25,0.5,0.5,0.5,0.5
B0b_dummy_mostfreq,pr_auc__BRCA_Her2,0.08424307932504654,0.0026624745665736345,25,0.08314406383938204,0.08534209481071105,0.08128388956709838,0.08720226908299471
B0b_dummy_mostfreq,roc_auc__BRCA_LumA,0.5,0.0,25,0.5,0.5,0.5,0.5
B0b_dummy_mostfreq,pr_auc__BRCA_LumA,0.5251666366420465,0.0011767199869251986,25,0.5246809105043557,0.5256523627797374,0.5238587789907477,0.5264744942933454
B0b_dummy_mostfreq,roc_auc__BRCA_LumB,0.5,0.0,25,0.5,0.5,0.5,0.5
B0b_dummy_mostfreq,pr_auc__BRCA_LumB,0.21225604996096803,0.0023955181680356367,25,0.21126722866069553,0.21324487126124053,0.2095935671275818,0.21491853279435427
B1_pam50_centroid,macro_f1,0.8586074870067746,0.02692503064128966,25,0.8474933806043049,0.8697215934092443,0.8286818396761106,0.8885331343374385
B1_pam50_centroid,weighted_f1,0.8739048772683549,0.021700557109124517,25,0.8649473275475451,0.8828624269891646,0.8497859365110237,0.898023818025686
B1_pam50_centroid,balanced_accuracy,0.9135905410379094,0.018572807094443797,25,0.9059240630683859,0.9212570190074328,0.8929479173598345,0.9342331647159843
B1_pam50_centroid,mcc,0.8166854882555471,0.0297339917282016,25,0.8044118997036881,0.8289590768074061,0.7836378396921871,0.849733136818907
B1_pam50_centroid,f1__BRCA_Basal,0.9672635377064988,0.01965887966673241,25,0.9591487510130212,0.9753783243999763,0.9454138058469396,0.9891132695660579
B1_pam50_centroid,precision__BRCA_Basal,0.9505869832781596,0.033311772943224946,25,0.9368365592255994,0.9643374073307198,0.913562833432648,0.9876111331236712
B1_pam50_centroid,recall__BRCA_Basal,0.9853409090909091,0.01989034652274611,25,0.9771305775751934,0.9935512406066248,0.9632339149242393,1.007447903257579
B1_pam50_centroid,f1__BRCA_Her2,0.7842797959846227,0.06511859932821072,25,0.7574001592868775,0.8111594326823679,0.7119041591979935,0.8566554327712519
B1_pam50_centroid,precision__BRCA_Her2,0.6580911736496405,0.09066597540774823,25,0.6206660984031098,0.6955162488961713,0.5573210745886517,0.7588612727106294
B1_pam50_centroid,recall__BRCA_Her2,0.9818333333333333,0.03479603266018827,25,0.9674702369817885,0.9961964296848782,0.9431595128364226,1.020507153830244
B1_pam50_centroid,f1__BRCA_LumA,0.8887221256616086,0.022961116779058634,25,0.8792442424828741,0.898200008840343,0.8632021441914821,0.914242107131735
B1_pam50_centroid,precision__BRCA_LumA,0.9890949160572226,0.010064598914970226,25,0.9849404538124286,0.9932493783020165,0.9779086841206057,1.0002811479938394
B1_pam50_centroid,recall__BRCA_LumA,0.8079166666666666,0.04079824172409612,25,0.7910759801844037,0.8247573531489295,0.7625717305805326,0.8532616027528006
B1_pam50_centroid,f1__BRCA_LumB,0.7941644886743684,0.04258395990295306,25,0.7765866939559424,0.8117422833927944,0.746834827922017,0.8414941494267197
B1_pam50_centroid,precision__BRCA_LumB,0.7270641844382996,0.05364417773630545,25,0.7049209561843638,0.7492074126922353,0.6674417176835789,0.7866866511930203
B1_pam50_centroid,recall__BRCA_LumB,0.8792712550607288,0.06126955922534996,25,0.8539804240293722,0.9045620860920853,0.8111736084541055,0.9473689016673521
B1_pam50_centroid,roc_auc_macro,0.9853980577652419,0.0032893618858047106,25,0.9840402759122846,0.9867558396181992,0.9817421182400862,0.9890539972903977
B1_pam50_centroid,pr_auc_macro,0.9453952454757767,0.013843061381119104,25,0.9396811105811727,0.9511093803703807,0.9300094664069563,0.9607810245445971
B1_pam50_centroid,roc_auc__BRCA_Basal,0.9996016489397285,0.00041034163236200303,25,0.9994322682387669,0.9997710296406901,0.9991455774448154,1.0000577204346415
B1_pam50_centroid,pr_auc__BRCA_Basal,0.9982875490856488,0.0017252067518095326,25,0.9975754187389346,0.9989996794323629,0.9963700794450401,1.0002050187262574
B1_pam50_centroid,roc_auc__BRCA_Her2,0.9927480752780155,0.005105108918519948,25,0.9906407898872379,0.994855360668793,0.9870740357155134,0.9984221148405175
B1_pam50_centroid,pr_auc__BRCA_Her2,0.9253919609839626,0.047995777090530635,25,0.9055802779236894,0.9452036440442357,0.8720473717908198,0.9787365501771054
B1_pam50_centroid,roc_auc__BRCA_LumA,0.9854137708277644,0.004503311604779335,25,0.983554895159031,0.9872726464964977,0.9804085949117136,0.9904189467438151
B1_pam50_centroid,pr_auc__BRCA_LumA,0.9874930272417747,0.0038378006510252204,25,0.9859088609930815,0.9890771934904679,0.9832275290762182,0.9917585254073311
B1_pam50_centroid,roc_auc__BRCA_LumB,0.9638287360154595,0.009100048119239533,25,0.9600724207706506,0.9675850512602684,0.9537145476850357,0.9739429243458833
B1_pam50_centroid,pr_auc__BRCA_LumB,0.8704084445917211,0.030831909533771365,25,0.8576816578439218,0.8831352313395203,0.836140522540644,0.9046763666427982
B2_elasticnet_logreg,macro_f1,0.9035035338363909,0.02274345337936333,25,0.8941154976931666,0.9128915699796153,0.8782254729130915,0.9287815947596904
B2_elasticnet_logreg,weighted_f1,0.9154873323614406,0.018441700761651615,25,0.9078749724262511,0.9230996922966301,0.8949904259503292,0.9359842387725521
B2_elasticnet_logreg,balanced_accuracy,0.9176691203533309,0.02058319377989906,25,0.909172795546122,0.9261654451605399,0.8947920656824483,0.9405461750242136
B2_elasticnet_logreg,mcc,0.8689003565426952,0.028500374408900686,25,0.8571359801930171,0.8806647328923732,0.8372238037946093,0.900576909290781
B2_elasticnet_logreg,f1__BRCA_Basal,0.9842778715496854,0.014532699166145103,25,0.9782790681685695,0.9902766749308013,0.9681255991232329,1.0004301439761378
B2_elasticnet_logreg,precision__BRCA_Basal,0.9987878787878788,0.006060606060606055,25,0.996286183561663,1.0012895740140946,0.9920518582426819,1.0055238993330755
B2_elasticnet_logreg,recall__BRCA_Basal,0.9705681818181818,0.027400717227821246,25,0.9592577216433665,0.9818786419929971,0.940113835775226,1.0010225278611378
B2_elasticnet_logreg,f1__BRCA_Her2,0.866948241859967,0.0539437438303362,25,0.8446813587999147,0.8892151249200193,0.8069928243501805,0.9269036593697535
B2_elasticnet_logreg,precision__BRCA_Her2,0.8268816492133224,0.100446358957186,25,0.7854194300588208,0.8683438683678241,0.7152412075050621,0.9385220909215827
B2_elasticnet_logreg,recall__BRCA_Her2,0.9223333333333333,0.06115307902366056,25,0.8970905829661218,0.9475760837005449,0.8543651478769386,0.990301518789728
B2_elasticnet_logreg,f1__BRCA_LumA,0.9353691101060808,0.0164063538604377,25,0.9285969000792572,0.9421413201329044,0.9171343765545941,0.9536038436575676
B2_elasticnet_logreg,precision__BRCA_LumA,0.9596173576473689,0.01696558232179985,25,0.95261430945714,0.9666204058375978,0.940761073319025,0.9784736419757127
B2_elasticnet_logreg,recall__BRCA_LumA,0.9129166666666667,0.028666343667430958,25,0.9010837815741977,0.9247495517591358,0.8810556484832512,0.9447776848500822
B2_elasticnet_logreg,f1__BRCA_LumB,0.8274189118298306,0.04371962975408226,25,0.8093723356369587,0.8454654880227026,0.7788270183282677,0.8760108053313935
B2_elasticnet_logreg,precision__BRCA_LumB,0.7961136195056254,0.05655736117768662,25,0.7727678882288046,0.8194593507824462,0.7332533142712481,0.8589739247400028
B2_elasticnet_logreg,recall__BRCA_LumB,0.8648582995951418,0.058452660873636396,25,0.8407302270550561,0.8889863721352276,0.7998914760417126,0.929825123148571
B2_elasticnet_logreg,roc_auc_macro,0.9880682106394356,0.003801410446089766,25,0.9864990655290672,0.989637355749804,0.9838431581266138,0.9922932631522574
B2_elasticnet_logreg,pr_auc_macro,0.9597742640104563,0.014675299505221642,25,0.9537165981023988,0.9658319299185137,0.9434634993797315,0.9760850286411811
B2_elasticnet_logreg,roc_auc__BRCA_Basal,0.9998206201083684,0.00034439864890334777,25,0.9996784593331487,0.999962780883588,0.9994378405065345,1.0002033997102022
B2_elasticnet_logreg,pr_auc__BRCA_Basal,0.999258687533044,0.0013945265537571513,25,0.9986830552633538,0.9998343198027343,0.9977087502127505,1.0008086248533377
B2_elasticnet_logreg,roc_auc__BRCA_Her2,0.9949053321927572,0.003800784838528212,25,0.993336445320498,0.9964742190650164,0.9906809750073244,0.99912968937819
B2_elasticnet_logreg,pr_auc__BRCA_Her2,0.9492000983375655,0.044195042415855354,25,0.9309572814429308,0.9674429152322002,0.9000798105755727,0.9983203860995582
B2_elasticnet_logreg,roc_auc__BRCA_LumA,0.986800599215896,0.004878884976842369,25,0.9847866944786853,0.9888145039531068,0.9813779947580218,0.9922232036737703
B2_elasticnet_logreg,pr_auc__BRCA_LumA,0.988649402954088,0.003934961991000547,25,0.9870251304754306,0.9902736754327454,0.9842759154594565,0.9930228904487195
B2_elasticnet_logreg,roc_auc__BRCA_LumB,0.9707462910407207,0.00997746641530891,25,0.9666277953240712,0.9748647867573703,0.9596569019449029,0.9818356801365385
B2_elasticnet_logreg,pr_auc__BRCA_LumB,0.9019888672171282,0.03701555248985446,25,0.8867095981087928,0.9172681363254637,0.8608481760766555,0.9431295583576009
B3_linear_svm,macro_f1,0.8829860394649276,0.021393747387261037,25,0.8741551345728473,0.8918169443570079,0.8592081003449363,0.9067639785849189
B3_linear_svm,weighted_f1,0.898787104194926,0.017086141938070603,25,0.8917342914409748,0.9058399169488772,0.8797968246779823,0.9177773837118698
B3_linear_svm,balanced_accuracy,0.8767492562262299,0.025258846667257882,25,0.8663229167652426,0.8871755956872172,0.8486754780599567,0.9048230343925031
B3_linear_svm,mcc,0.8422074923082933,0.02698213288098726,25,0.8310698152597481,0.8533451693568385,0.8122183790707658,0.8721966055458208
B3_linear_svm,f1__BRCA_Basal,0.9827365751756842,0.014984104594163555,25,0.9765514407918486,0.9889217095595199,0.9660825911700697,0.9993905591812988
B3_linear_svm,precision__BRCA_Basal,0.9856513878278585,0.019209857018984464,25,0.9777219485737462,0.9935808270819709,0.96430071922208,1.007002056433637
B3_linear_svm,recall__BRCA_Basal,0.9803030303030303,0.023308410825880803,25,0.9706817911875563,0.9899242694185044,0.9543970511601918,1.0062090094458689
B3_linear_svm,f1__BRCA_Her2,0.8348128973883081,0.06980872804525387,25,0.8059972707079718,0.8636285240686444,0.7572244480410716,0.9124013467355446
B3_linear_svm,precision__BRCA_Her2,0.8828890686197188,0.09063158021262119,25,0.8454781910119381,0.9202999462274996,0.7821571978710002,0.9836209393684374
B3_linear_svm,recall__BRCA_Her2,0.8006666666666666,0.10005554013202424,25,0.7593657695943866,0.8419675637389467,0.6894605979583033,0.91187273537503
B3_linear_svm,f1__BRCA_LumA,0.9246354533665517,0.01704234796257906,25,0.9176007178772054,0.931670188855898,0.905693848374188,0.9435770583589155
B3_linear_svm,precision__BRCA_LumA,0.9218241500261268,0.022055027641383052,25,0.9127202820609834,0.9309280179912702,0.8973112353387822,0.9463370647134715
B3_linear_svm,recall__BRCA_LumA,0.9279166666666667,0.02288507924067233,25,0.9184701702411533,0.9373631630921802,0.9024811966159684,0.9533521367173651
B3_linear_svm,f1__BRCA_LumB,0.7897592319291662,0.04571119876719171,25,0.7708905764519862,0.8086278874063462,0.7389538222123386,0.8405646416459938
B3_linear_svm,precision__BRCA_LumB,0.7846506383156009,0.05574110438370768,25,0.7616418412833825,0.8076594353478193,0.7226975562993992,0.8466037203318025
B3_linear_svm,recall__BRCA_LumB,0.7981106612685561,0.06024700212024214,25,0.7732419210648824,0.8229794014722298,0.7311495289972589,0.8650717935398533
B3_linear_svm,roc_auc_macro,0.9820432225963824,0.0047298120133001595,25,0.9800908521541782,0.9839955930385866,0.9767863042984585,0.9873001408943064
B3_linear_svm,pr_auc_macro,0.9436443158310485,0.015017977504273812,25,0.9374451993971219,0.949843432264975,0.9269526840033933,0.9603359476587037
B3_linear_svm,roc_auc__BRCA_Basal,0.9992334437086092,0.0011645271619737314,25,0.9987527505216943,0.9997141368955241,0.9979391376920076,1.000527749725211
B3_linear_svm,pr_auc__BRCA_Basal,0.9972767270865064,0.003906282520443287,25,0.9956642929114553,0.9988891612615575,0.9929351151998532,1.0016183389731594
B3_linear_svm,roc_auc__BRCA_Her2,0.9910061781199505,0.005682203141238004,25,0.9886606799419346,0.9933516762979664,0.9846907309982259,0.9973216252416751
B3_linear_svm,pr_auc__BRCA_Her2,0.9254203446798804,0.0405496650888592,25,0.9086822655896015,0.9421584237701593,0.8803516874518784,0.9704890019078825
B3_linear_svm,roc_auc__BRCA_LumA,0.9793952708723158,0.005634388411253398,25,0.9770695096447879,0.9817210320998437,0.9731329671161753,0.9856575746284564
B3_linear_svm,pr_auc__BRCA_LumA,0.9813296470061619,0.005212174072968683,25,0.9791781672917309,0.9834811267205928,0.975536610585453,0.9871226834268707
B3_linear_svm,roc_auc__BRCA_LumB,0.9585379976846541,0.012255037060643329,25,0.9534793670122221,0.963596628357086,0.9449172177499182,0.97215877761939
B3_linear_svm,pr_auc__BRCA_LumB,0.8705505445516454,0.03630918235583799,25,0.8555628507040246,0.8855382383992662,0.8301949438274886,0.9109061452758022
B4_random_forest,macro_f1,0.9208298393716479,0.019319425571870944,25,0.912855172441795,0.9288045063015007,0.8993573915220164,0.9423022872212793
B4_random_forest,weighted_f1,0.9296750906568099,0.015683028903183648,25,0.9232014544977596,0.9361487268158601,0.9122442918478544,0.9471058894657653
B4_random_forest,balanced_accuracy,0.9070124294565085,0.02449519680514482,25,0.8969013091659217,0.9171235497470953,0.8797874048817228,0.9342374540312942
B4_random_forest,mcc,0.8914078765527568,0.023968954180103644,25,0.881513978541548,0.9013017745639655,0.864767740865087,0.9180480122404265
B4_random_forest,f1__BRCA_Basal,0.990686337989299,0.011858744074750937,25,0.9857912890215803,0.9955813869570176,0.9775060152742197,1.0038666607043782
B4_random_forest,precision__BRCA_Basal,0.9952228163992871,0.011173096441989726,25,0.9906107888641763,0.9998348439343979,0.9828045522134803,1.007641080585094
B4_random_forest,recall__BRCA_Basal,0.9864393939393941,0.02004491269681553,25,0.9781652606428107,0.9947135272359774,0.9641606082202437,1.0087181796585443
B4_random_forest,f1__BRCA_Her2,0.8969818155930505,0.050179074924800456,25,0.8762689114808263,0.9176947197052746,0.8412106144537,0.9527530167324009
B4_random_forest,precision__BRCA_Her2,0.9590311355311356,0.051942934046055794,25,0.9375901461582569,0.9804721249040144,0.9012995048306498,1.0167627662316214
B4_random_forest,recall__BRCA_Her2,0.8478333333333333,0.08031081115820515,25,0.8146826598068134,0.8809840068598532,0.7585724131294231,0.9370942535372435
B4_random_forest,f1__BRCA_LumA,0.9469214741696801,0.013777283927399804,25,0.9412344908734999,0.9526084574658603,0.9316088030170042,0.962234145322356
B4_random_forest,precision__BRCA_LumA,0.9280973930319837,0.026546405716008314,25,0.917139575317251,0.9390552107467164,0.8985925658717969,0.9576022201921705
B4_random_forest,recall__BRCA_LumA,0.9670833333333333,0.01299650505014785,25,0.961718639717495,0.9724480269491715,0.9526384537027975,0.981528212963869
B4_random_forest,f1__BRCA_LumB,0.8487297297345624,0.03986519596089309,25,0.8322741856140211,0.8651852738551037,0.8044218211944683,0.8930376382746565
B4_random_forest,precision__BRCA_LumB,0.8768559923455941,0.04953616565173487,25,0.8564084681381574,0.8973035165530308,0.8217993484681347,0.9319126362230534
B4_random_forest,recall__BRCA_LumB,0.8266936572199729,0.06772521595362749,25,0.798738062061445,0.8546492523785008,0.7514209136148711,0.9019664008250747
B4_random_forest,roc_auc_macro,0.9910342943348627,0.0026511166575061964,25,0.9899399671636356,0.9921286215060897,0.9880877282498712,0.9939808604198541
B4_random_forest,pr_auc_macro,0.9729304386391686,0.008285985691702372,25,0.9695101518490137,0.9763507254293236,0.9637210346128438,0.9821398426654935
B4_random_forest,roc_auc__BRCA_Basal,0.999534595959596,0.0009464741969646376,25,0.9991439106128494,0.9999252813063427,0.9984826434696144,1.0005865484495777
B4_random_forest,pr_auc__BRCA_Basal,0.9984069801357035,0.0031882111602800187,25,0.9970909512501298,0.9997230090212772,0.9948634639158216,1.0019504963555854
B4_random_forest,roc_auc__BRCA_Her2,0.9976449957228399,0.0017783617183930803,25,0.9969109240843108,0.998379067361369,0.9956684473459785,0.9996215440997014
B4_random_forest,pr_auc__BRCA_Her2,0.9757578792831694,0.019922688735694683,25,0.9675341975580968,0.983981561008242,0.9536149385777013,0.9979008199886374
B4_random_forest,roc_auc__BRCA_LumA,0.9885286075470018,0.004339137121511604,25,0.9867374997742429,0.9903197153197607,0.9837059022751786,0.9933513128188249
B4_random_forest,pr_auc__BRCA_LumA,0.9895615703578785,0.003967390239805123,25,0.9879239121560084,0.9911992285597486,0.9851520407004652,0.9939711000152918
B4_random_forest,roc_auc__BRCA_LumB,0.9784289781100126,0.0066767825993981084,25,0.9756729377093725,0.9811850185106528,0.9710081122237285,0.9858498439962967
B4_random_forest,pr_auc__BRCA_LumB,0.9279953247799232,0.02817591153461195,25,0.9163648801221543,0.939625769437692,0.8966793941487521,0.9593112554110943
B5_xgboost,macro_f1,0.9259422495958151,0.022770671245068843,25,0.9165429784698146,0.9353415207218155,0.9006339375555885,0.9512505616360416
B5_xgboost,weighted_f1,0.935765319639935,0.017314816769370273,25,0.9286181145549038,0.9429125247249662,0.9165208809932935,0.9550097582865765
B5_xgboost,balanced_accuracy,0.9271916482640167,0.02461920500465963,25,0.9170293399045082,0.9373539566235252,0.8998287955955797,0.9545545009324536
B5_xgboost,mcc,0.9000991757815936,0.026899796814614726,25,0.8889954853908397,0.9112028661723475,0.8702015744207909,0.9299967771423963
B5_xgboost,f1__BRCA_Basal,0.9875899058145086,0.011032647014341689,25,0.9830358529537386,0.9921439586752785,0.9753277432166844,0.9998520684123328
B5_xgboost,precision__BRCA_Basal,0.9940084670231729,0.012234735676171435,25,0.9889582163503831,0.9990587176959628,0.9804102509280153,1.0076066831183306
B5_xgboost,recall__BRCA_Basal,0.9815530303030303,0.019858385802603185,25,0.9733558915241809,0.9897501690818797,0.9594815586675016,1.003624501938559
B5_xgboost,f1__BRCA_Her2,0.895996343839274,0.05566703820484774,25,0.8730181198230584,0.9189745678554895,0.8341255821879856,0.9578671054905623
B5_xgboost,precision__BRCA_Her2,0.9023802001232343,0.08161296150810644,25,0.8686920253498774,0.9360683748965911,0.8116720135201955,0.9930883867262731
B5_xgboost,recall__BRCA_Her2,0.899,0.08592565154011107,25,0.8635316342758828,0.9344683657241173,0.8034985025679542,0.9945014974320459
B5_xgboost,f1__BRCA_LumA,0.9516433252721634,0.014077738634310135,25,0.9458323203684978,0.957454330175829,0.9359967157215104,0.9672899348228164
B5_xgboost,precision__BRCA_LumA,0.955823349798934,0.017926475253021767,25,0.9484236645009796,0.9632230350968884,0.9358990873737267,0.9757476122241413
B5_xgboost,recall__BRCA_LumA,0.9479166666666665,0.02189152814742794,25,0.9388802879756033,0.9569530453577297,0.9235854724111398,0.9722478609221933
B5_xgboost,f1__BRCA_LumB,0.8685394234573144,0.036586824490017725,25,0.8534371245694174,0.8836417223452113,0.8278752392183499,0.9092036076962788
B5_xgboost,precision__BRCA_LumB,0.8609167676527167,0.05927644211573408,25,0.8364486549284986,0.8853848803769349,0.7950343578829872,0.9267991774224463
B5_xgboost,recall__BRCA_LumB,0.8802968960863697,0.05081640704398495,25,0.8593209142053327,0.9012728779674067,0.8238173363759441,0.9367764557967954
B5_xgboost,roc_auc_macro,0.9934647291500674,0.002745948616235776,25,0.9923312572701968,0.9945982010299381,0.9904127627113893,0.9965166955887456
B5_xgboost,pr_auc_macro,0.9784547912485893,0.009893171543963816,25,0.974371090744684,0.9825384917524945,0.9674590911303352,0.9894504913668433
B5_xgboost,roc_auc__BRCA_Basal,0.9999025252525253,0.00017643931442663292,25,0.9998296946830734,0.9999753558219773,0.9997064229427772,1.0000986275622734
B5_xgboost,pr_auc__BRCA_Basal,0.9995766719911103,0.0007570753540703125,25,0.9992641666442483,0.9998891773379723,0.9987352255931292,1.0004181183890914
B5_xgboost,roc_auc__BRCA_Her2,0.9969268130405855,0.002498175198892757,25,0.9958956170006475,0.9979580090805235,0.9941502327288204,0.9997033933523506
B5_xgboost,pr_auc__BRCA_Her2,0.9720561434149521,0.021417400956265435,25,0.9632154748094627,0.9808968120204414,0.948251914692042,0.9958603721378622
B5_xgboost,roc_auc__BRCA_LumA,0.9917872894947876,0.003566791091950529,25,0.9903149904939267,0.9932595884956484,0.9878230031122799,0.9957515758772952
B5_xgboost,pr_auc__BRCA_LumA,0.9928717371447882,0.0029908914993407192,25,0.9916371578120932,0.9941063164774832,0.9895475305577659,0.9961959437318104
B5_xgboost,roc_auc__BRCA_LumB,0.9852422888123711,0.006559655502341506,25,0.9825345961011595,0.9879499815235827,0.9779516030638954,0.9925329745608468
B5_xgboost,pr_auc__BRCA_LumB,0.9493146124435063,0.02438226857870672,25,0.9392501066337422,0.9593791182532705,0.9222151011995349,0.9764141236874778
B2_elasticnet_logreg__LATE,macro_f1,0.8466562862220183,0.025697875740250425,25,0.8360487244665785,0.857263847977458,0.8180945520945684,0.8752180203494682
B2_elasticnet_logreg__LATE,weighted_f1,0.8653275582267761,0.021756717157817584,25,0.8563468267772226,0.8743082896763296,0.8411461987545453,0.8895089176990069
B2_elasticnet_logreg__LATE,balanced_accuracy,0.8429514783462153,0.02827889616573793,25,0.8312785237220364,0.8546244329703943,0.8115210861275121,0.8743818705649186
B2_elasticnet_logreg__LATE,mcc,0.7913498516106882,0.03321924869062191,25,0.7776376196925006,0.8050620835288758,0.7544285372341429,0.8282711659872334
B2_elasticnet_logreg__LATE,f1__BRCA_Basal,0.9773543815105034,0.018238594871129877,25,0.9698258595663751,0.9848829034546316,0.9570832157988737,0.997625547222133
B2_elasticnet_logreg__LATE,precision__BRCA_Basal,0.9787928278151239,0.027860993051002845,25,0.9672923751184253,0.9902932805118225,0.9478269112509357,1.0097587443793121
B2_elasticnet_logreg__LATE,recall__BRCA_Basal,0.9766287878787879,0.024122523487905407,25,0.9666714995728827,0.9865860761846932,0.9498179685990615,1.0034396071585143
B2_elasticnet_logreg__LATE,f1__BRCA_Her2,0.7976293548868632,0.06820261560410604,25,0.7694766988379464,0.8257820109357799,0.7218260085958689,0.8734327011778574
B2_elasticnet_logreg__LATE,precision__BRCA_Her2,0.8139873231343822,0.09180003691906102,25,0.7760941303034522,0.8518805159653121,0.7119567789028395,0.9160178673659248
B2_elasticnet_logreg__LATE,recall__BRCA_Her2,0.7900000000000001,0.08950254755323181,25,0.7530551641685683,0.826944835831432,0.690522985137606,0.8894770148623943
B2_elasticnet_logreg__LATE,f1__BRCA_LumA,0.9003151288812853,0.02034238146086885,25,0.8919182065138501,0.9087120512487205,0.877705723470609,0.9229245342919615
B2_elasticnet_logreg__LATE,precision__BRCA_LumA,0.8906699090348386,0.02763499202675315,25,0.8792627449759151,0.9020770730937621,0.8599551798151762,0.9213846382545009
B2_elasticnet_logreg__LATE,recall__BRCA_LumA,0.9112500000000001,0.03198216372130404,25,0.8980484116595698,0.9244515883404304,0.875703635535419,0.9467963644645813
B2_elasticnet_logreg__LATE,f1__BRCA_LumB,0.7113262796094216,0.055724451456637215,25,0.6883243565676488,0.7343282026511945,0.649391706378936,0.7732608528399073
B2_elasticnet_logreg__LATE,precision__BRCA_LumB,0.7352779302339499,0.06871819894977463,25,0.7069124518399282,0.7636434086279716,0.6589015422414402,0.8116543182264597
B2_elasticnet_logreg__LATE,recall__BRCA_LumB,0.6939271255060728,0.07347235225334901,25,0.6635992290790499,0.7242550219330958,0.6122667652494608,0.7755874857626849
B2_elasticnet_logreg__LATE,roc_auc_macro,0.9680588220368118,0.007619361760022842,25,0.9649137040814049,0.9712039399922188,0.9595903327729397,0.9765273113006839
B2_elasticnet_logreg__LATE,pr_auc_macro,0.9031622306635433,0.019842026282675354,25,0.8949718447626235,0.9113526165644631,0.8811089417083012,0.9252155196187853
B2_elasticnet_logreg__LATE,roc_auc__BRCA_Basal,0.9990261271656968,0.0018236907210937828,25,0.9982733446344728,0.9997789096969208,0.9969991981684103,1.0010530561629833
B2_elasticnet_logreg__LATE,pr_auc__BRCA_Basal,0.9970943515919621,0.004972431202515679,25,0.9950418328706289,0.9991468703132954,0.9915677757999077,1.0026209273840165
B2_elasticnet_logreg__LATE,roc_auc__BRCA_Her2,0.9819904001520767,0.010270250843849563,25,0.9777510489632407,0.9862297513409127,0.9705755977384749,0.9934052025656785
B2_elasticnet_logreg__LATE,pr_auc__BRCA_Her2,0.8624652110602553,0.0652450161258829,25,0.8355333920731339,0.8893970300473767,0.7899490691594738,0.9349813529610368
B2_elasticnet_logreg__LATE,roc_auc__BRCA_LumA,0.9610369330838456,0.013230308922876799,25,0.9555757299726817,0.9664981361950096,0.9463321936844188,0.9757416724832725
B2_elasticnet_logreg__LATE,pr_auc__BRCA_LumA,0.9616921365074751,0.01622375494927883,25,0.9549952996066706,0.9683889734082796,0.9436603513088092,0.979723921706141
B2_elasticnet_logreg__LATE,roc_auc__BRCA_LumB,0.9301818277456277,0.019755434362288042,25,0.9220271852326951,0.9383364702585604,0.9082247808079239,0.9521388746833316
B2_elasticnet_logreg__LATE,pr_auc__BRCA_LumB,0.7913972234944805,0.05628363789849529,25,0.7681644796341011,0.8146299673548599,0.7288411461894378,0.8539533007995231
B3_linear_svm__LATE,macro_f1,0.8538462029316427,0.023118546540393022,25,0.8443033359413131,0.8633890699219723,0.8281512471938987,0.8795411586693868
B3_linear_svm__LATE,weighted_f1,0.870770685520929,0.020952428464749543,25,0.8621219481267268,0.8794194229151311,0.8474832474002262,0.8940581236416317
B3_linear_svm__LATE,balanced_accuracy,0.8312015320206109,0.02652531721073493,25,0.8202524192130183,0.8421506448282035,0.8017201435402143,0.8606829205010075
B3_linear_svm__LATE,mcc,0.810435625702769,0.02917254046193091,25,0.798393792843086,0.8224774585624519,0.7780119984380888,0.8428592529674491
B3_linear_svm__LATE,f1__BRCA_Basal,0.9830113933199752,0.014555367229436867,25,0.9770032330222147,0.9890195536177357,0.9668339266244139,0.9991888600155365
B3_linear_svm__LATE,precision__BRCA_Basal,0.980252928444105,0.02570681252836365,25,0.9696416777638388,0.9908641791243713,0.9516812615825793,1.008824595305631
B3_linear_svm__LATE,recall__BRCA_Basal,0.9864393939393941,0.02004491269681553,25,0.9781652606428107,0.9947135272359774,0.9641606082202437,1.0087181796585443
B3_linear_svm__LATE,f1__BRCA_Her2,0.8219208460266303,0.06502343011021579,25,0.7950804932513114,0.8487611988019492,0.749650984438269,0.8941907076149915
B3_linear_svm__LATE,precision__BRCA_Her2,0.8914047912871443,0.0780764324910825,25,0.8591764239440658,0.9236331586302229,0.8046272564834696,0.9781823260908191
B3_linear_svm__LATE,recall__BRCA_Her2,0.7685,0.08466881285556313,25,0.7335504317865301,0.8034495682134698,0.6743954076161377,0.8626045923838622
B3_linear_svm__LATE,f1__BRCA_LumA,0.9086662358256703,0.01727425254507776,25,0.9015357748294732,0.9157966968218674,0.8894668820179875,0.9278655896333531
B3_linear_svm__LATE,precision__BRCA_LumA,0.8528394783308851,0.024739232527797236,25,0.8426276250449047,0.8630513316168655,0.8253432218652439,0.8803357347965264
B3_linear_svm__LATE,recall__BRCA_LumA,0.9729166666666665,0.020833333333333336,25,0.9643170893265498,0.9815162440067833,0.9497615960425525,0.9960717372907806
B3_linear_svm__LATE,f1__BRCA_LumB,0.7017863365542955,0.06242150239236703,25,0.6760200067538421,0.7275526663547488,0.6324083703290844,0.7711643027795065
B3_linear_svm__LATE,precision__BRCA_LumB,0.8629036739444149,0.07203469607494818,25,0.8331692128211354,0.8926381350676944,0.782841187144318,0.9429661607445118
B3_linear_svm__LATE,recall__BRCA_LumB,0.5969500674763831,0.0794118772924193,25,0.5641704556123821,0.6297296793403842,0.5086882613756095,0.6852118735771567
B3_linear_svm__LATE,roc_auc_macro,0.980101175253078,0.006087037490404379,25,0.9775885696688738,0.9826137808372823,0.9733357776699447,0.9868665728362114
B3_linear_svm__LATE,pr_auc_macro,0.9333626857764713,0.01644339491283382,25,0.9265751859546955,0.9401501855982471,0.9150867831921418,0.9516385883608008
B3_linear_svm__LATE,roc_auc__BRCA_Basal,0.9995648120275604,0.000732534073321152,25,0.9992624368235062,0.9998671872316146,0.998750641873849,1.0003789821812719
B3_linear_svm__LATE,pr_auc__BRCA_Basal,0.9983687551305579,0.002640872763186147,25,0.9972786564310814,0.9994588538300344,0.9954335745541959,1.0013039357069198
B3_linear_svm__LATE,roc_auc__BRCA_Her2,0.9873225453854196,0.008217777326520653,25,0.9839304136246225,0.9907146771462167,0.9781889510957158,0.9964561396751235
B3_linear_svm__LATE,pr_auc__BRCA_Her2,0.8926846747000661,0.05493359875709955,25,0.8700091996081003,0.9153601497920318,0.8316290894749115,0.9537402599252206
B3_linear_svm__LATE,roc_auc__BRCA_LumA,0.9751762563485699,0.01005287100873086,25,0.9710266351455396,0.9793258775516002,0.9640030593158208,0.986349453381319
B3_linear_svm__LATE,pr_auc__BRCA_LumA,0.977155466799378,0.0099005919035669,25,0.9730687033215705,0.9812422302771856,0.9661515193714921,0.9881594142272639
B3_linear_svm__LATE,roc_auc__BRCA_LumB,0.958341087250762,0.01450000869776935,25,0.9523557778317779,0.964326396669746,0.9422251484293003,0.9744570260722236
B3_linear_svm__LATE,pr_auc__BRCA_LumB,0.8652418464758835,0.049986868252807654,25,0.8446082813784317,0.8858754115733354,0.8096842721716253,0.9207994207801418
B4_random_forest__LATE,macro_f1,0.7772393745153433,0.02725093854699969,25,0.7659907399413101,0.7884880090893766,0.7469514989971431,0.8075272500335435
B4_random_forest__LATE,weighted_f1,0.815165650557165,0.02200941589527956,25,0.8060806101954568,0.824250690918873,0.7907034307435314,0.8396278703707984
B4_random_forest__LATE,balanced_accuracy,0.7351243789105633,0.025718353078184205,25,0.7245083645254621,0.7457403932956644,0.7065398853812229,0.7637088724399036
B4_random_forest__LATE,mcc,0.7452330911054592,0.026850243134912417,25,0.7341498554683575,0.7563163267425609,0.7153905658544097,0.7750756163565087
B4_random_forest__LATE,f1__BRCA_Basal,0.9794142635081197,0.016730287983647618,25,0.9725083400471051,0.9863201869691343,0.9608194955166095,0.9980090314996298
B4_random_forest__LATE,precision__BRCA_Basal,0.9741501782531193,0.026654464679489544,25,0.9631477559905266,0.9851526005157121,0.9445252496722457,1.003775106833993
B4_random_forest__LATE,recall__BRCA_Basal,0.9852272727272728,0.01810421808172837,25,0.977754218795617,0.9927003266589287,0.9651054592099872,1.0053490862445584
B4_random_forest__LATE,f1__BRCA_Her2,0.6630874343048256,0.08647805357474632,25,0.6273910482277636,0.6987838203818877,0.5669719732827854,0.7592028953268659
B4_random_forest__LATE,precision__BRCA_Her2,0.9540634920634921,0.07259512573287086,25,0.9240976969472365,0.9840292871797476,0.8733781194245609,1.0347488647024232
B4_random_forest__LATE,recall__BRCA_Her2,0.514,0.0962091062718578,25,0.474286832789999,0.5537131672100011,0.4070690247804273,0.6209309752195727
B4_random_forest__LATE,f1__BRCA_LumA,0.8736610543065025,0.014627739181046456,25,0.8676230203353762,0.8796990882776289,0.8574031502837065,0.8899189583292986
B4_random_forest__LATE,precision__BRCA_LumA,0.7823161802281318,0.02189817259498561,25,0.7732770588439172,0.7913553016123464,0.7579776010452871,0.8066547594109764
B4_random_forest__LATE,recall__BRCA_LumA,0.9895833333333335,0.00997319903912853,25,0.985466599102996,0.9937000675636709,0.9784986871845638,1.0006679794821032
B4_random_forest__LATE,f1__BRCA_LumB,0.5927947459419252,0.07300048054375645,25,0.5626616285834425,0.6229278633004078,0.5116588443778477,0.6739306475060026
B4_random_forest__LATE,precision__BRCA_LumB,0.8816095173931626,0.06713581357818933,25,0.8538972155776122,0.909321819208713,0.8069918611622667,0.9562271736240585
B4_random_forest__LATE,recall__BRCA_LumB,0.45168690958164637,0.08160993559773203,25,0.4179999838427034,0.4853738353205893,0.3609820861066918,0.5423917330566009
B4_random_forest__LATE,roc_auc_macro,0.9797791346579313,0.006391583832600592,25,0.9771408185222055,0.9824174507936572,0.9726752510558283,0.9868830182600343
B4_random_forest__LATE,pr_auc_macro,0.9372113464647072,0.01774841773446458,25,0.9298851596980402,0.9445375332313741,0.9174849848915325,0.9569377080378818
B4_random_forest__LATE,roc_auc__BRCA_Basal,0.9994047269048096,0.0010185365940672928,25,0.9989842956625175,0.9998251581471018,0.9982726811399038,1.0005367726697156
B4_random_forest__LATE,pr_auc__BRCA_Basal,0.9978444641573299,0.0033333943465664153,25,0.9964685065978863,0.9992204217167734,0.994139585044717,1.0015493432699427
B4_random_forest__LATE,roc_auc__BRCA_Her2,0.9925888461172891,0.004767581409809567,25,0.990620885234459,0.9945568070001193,0.9872899492732722,0.9978877429613061
B4_random_forest__LATE,pr_auc__BRCA_Her2,0.9252740952259528,0.0477866315645392,25,0.9055487431957326,0.944999447256173,0.8721619594452125,0.9783862310066932
B4_random_forest__LATE,roc_auc__BRCA_LumA,0.9730857112625858,0.010175127748963486,25,0.9688856249574924,0.9772857975676792,0.9617766327840275,0.9843947897411441
B4_random_forest__LATE,pr_auc__BRCA_LumA,0.9747954779806542,0.010240396661221498,25,0.9705684499927352,0.9790225059685733,0.963413856800997,0.9861770991603115
B4_random_forest__LATE,roc_auc__BRCA_LumB,0.9540372543470407,0.016984588503458315,25,0.9470263607906144,0.9610481479034669,0.9351598457237242,0.9729146629703571
B4_random_forest__LATE,pr_auc__BRCA_LumB,0.8509313484948925,0.05274100989758429,25,0.8291609296016058,0.8727017673881792,0.7923127016645406,0.9095499953252444
B5_xgboost__LATE,macro_f1,0.8617268958993514,0.028089269734582468,25,0.850132215218874,0.8733215765798287,0.8305072627241171,0.8929465290745856
B5_xgboost__LATE,weighted_f1,0.8768814965516633,0.026066931416878544,25,0.8661215961001929,0.8876413970031336,0.8479095779318987,0.9058534151714278
B5_xgboost__LATE,balanced_accuracy,0.851980784566311,0.02393309783249246,25,0.8421016873279542,0.8618598818046678,0.8253805011791816,0.8785810679534404
B5_xgboost__LATE,mcc,0.8114417441119834,0.039033268548056416,25,0.7953296027495886,0.8275538854743782,0.7680584757958111,0.8548250124281558
B5_xgboost__LATE,f1__BRCA_Basal,0.9781846011153058,0.0179138014990468,25,0.9707901472858713,0.9855790549447403,0.9582744248501799,0.9980947773804317
B5_xgboost__LATE,precision__BRCA_Basal,0.9740970842882607,0.0270044494840124,25,0.9629501953987387,0.9852439731777827,0.9440831674098146,1.004111001166707
B5_xgboost__LATE,recall__BRCA_Basal,0.9828030303030303,0.020001918956379088,25,0.974546643950256,0.9910594166558045,0.9605720296924977,1.005034030913563
B5_xgboost__LATE,f1__BRCA_Her2,0.8255313425438178,0.07327950207216492,25,0.795283050759106,0.8557796343285295,0.7440853243463349,0.9069773607413006
B5_xgboost__LATE,precision__BRCA_Her2,0.8592401200674858,0.11582467757315476,25,0.8114300429786331,0.9070501971563386,0.7305075477848471,0.9879726923501246
B5_xgboost__LATE,recall__BRCA_Her2,0.8048333333333335,0.08250175362894933,25,0.7707782832040179,0.8388883834626492,0.7131373046025375,0.8965293620641295
B5_xgboost__LATE,f1__BRCA_LumA,0.9077117249963962,0.023432390047494624,25,0.89803930977349,0.9173841402193024,0.8816679499672029,0.9337555000255895
B5_xgboost__LATE,precision__BRCA_LumA,0.8818394717863514,0.029704626770045994,25,0.8695780044934723,0.8941009390792304,0.8488244607116299,0.9148544828610728
B5_xgboost__LATE,recall__BRCA_LumA,0.9358333333333333,0.028317244206392055,25,0.9241445494159649,0.9475221172507017,0.9043603194383272,0.9673063472283394
B5_xgboost__LATE,f1__BRCA_LumB,0.7354799149418859,0.06908250834603338,25,0.706964057020079,0.7639957728636928,0.658698617679005,0.8122612122047669
B5_xgboost__LATE,precision__BRCA_LumB,0.7997681327229605,0.06333018009831486,25,0.7736267192004493,0.8259095462454717,0.7293802226678721,0.870156042778049
B5_xgboost__LATE,recall__BRCA_LumB,0.6844534412955465,0.08826474076192804,25,0.6480195469953438,0.7208873355957492,0.5863521786093914,0.7825547039817017
B5_xgboost__LATE,roc_auc_macro,0.9784541518144867,0.0075590598920951685,25,0.9753339252467756,0.9815743783821977,0.9700526846631249,0.9868556189658485
B5_xgboost__LATE,pr_auc_macro,0.9327425285436761,0.023862198316547675,25,0.9228926971871151,0.9425923599002372,0.9062210459548948,0.9592640111324574
B5_xgboost__LATE,roc_auc__BRCA_Basal,0.9994657903538698,0.0006936620430143357,25,0.9991794607353032,0.9997521199724365,0.9986948242612972,1.0002367564464425
B5_xgboost__LATE,pr_auc__BRCA_Basal,0.9978747466087353,0.002708124668108596,25,0.9967568876872915,0.9989926055301791,0.9948648193471853,1.0008846738702855
B5_xgboost__LATE,roc_auc__BRCA_Her2,0.9898829959129359,0.005767485714454509,25,0.9875022948188814,0.9922636970069905,0.9834727620389313,0.9962932297869406
B5_xgboost__LATE,pr_auc__BRCA_Her2,0.9050950417180743,0.059331265975700744,25,0.8806042988167107,0.929585784619438,0.8391516983315728,0.9710383851045759
B5_xgboost__LATE,roc_auc__BRCA_LumA,0.9718229862781788,0.011081873108531384,25,0.9672486138844103,0.9763973586719472,0.9595061116633541,0.9841398608930034
B5_xgboost__LATE,pr_auc__BRCA_LumA,0.9745783739979405,0.010554702032167181,25,0.97022160712942,0.9789351408664609,0.9628474201913175,0.9863093278045634
B5_xgboost__LATE,roc_auc__BRCA_LumB,0.9526448347129627,0.018994548156313965,25,0.9448042705892445,0.9604853988366808,0.9315334697193985,0.9737561997065268
B5_xgboost__LATE,pr_auc__BRCA_LumB,0.8534219518499548,0.05857842530695716,25,0.8292419663032621,0.8776019373966476,0.7883153482484195,0.9185285554514901
