gene,predictor_set,R2_insample,R2_oof
ACTR3B,rna_others,0.8203455867755131,0.5999935166641601
AGR2,rna_others,0.9143676653761023,0.8192243754047974
AKT1,rna_others,0.8663450617523231,0.7136341593285358
AKT2,rna_others,0.8525573368504606,0.675014933904905
ALDH1A3,rna_others,0.7976637314181496,0.5638824095776298
ANLN,rna_others,0.9502554327844248,0.8986476558664803
AP2B1,rna_others,0.8461203687868162,0.6755800775743265
APC,rna_others,0.961171610772323,0.9133532945929428
AR,rna_others,0.9223603878923865,0.834293748511636
ARID1A,rna_others,0.9232188398773697,0.8189490969519282
ARID1B,rna_others,0.8696539597097644,0.7073088641936045
ASPM,rna_others,0.966266728990896,0.9306019164096693
ATM,rna_others,0.9294272335749046,0.8552975310638438
AURKA,rna_others,0.9467907830485012,0.8934287488599439
AURKB,rna_others,0.9588531899820971,0.9160689651648238
AZGP1,rna_others,0.8180226445636565,0.5513657979858445
BAG1,rna_others,0.8075519873652843,0.5926932730448107
BBC3,rna_others,0.8971887883666211,0.7817181397024283
BCL2,rna_others,0.9140670783504383,0.8104951192040393
BIRC5,rna_others,0.9647220239773983,0.9258186953545893
BLVRA,rna_others,0.8060223505399879,0.5821972024763158
BRCA1,rna_others,0.8788461768071796,0.7334738885186917
BRCA2,rna_others,0.8750421296648773,0.744885806791148
BRD4,rna_others,0.827401442022325,0.635187923055929
BUB1,rna_others,0.9664857377181256,0.929087871282822
BUB1B,rna_others,0.9668033179921267,0.9299614138061869
CA12,rna_others,0.9295272170674653,0.8430115242781662
CBFB,rna_others,0.8939609298526316,0.7772347187139541
CCNB1,rna_others,0.9509587040009696,0.8981408145271914
CCNB2,rna_others,0.9662667655388109,0.9265579809210369
CCND1,rna_others,0.867036462254987,0.71025006210765
CCNE2,rna_others,0.9297854212391502,0.8471728964225378
CD44,rna_others,0.7719584535683481,0.465935851409522
CDC20,rna_others,0.9579865881865267,0.9174178655679233
CDC6,rna_others,0.9121327174028071,0.8155646008238608
CDCA7,rna_others,0.8712106978880201,0.7356454463850501
CDH1,rna_others,0.7614676093283463,0.5486802184933794
CDH3,rna_others,0.8621762297767324,0.6981948693494515
CDK4,rna_others,0.8602668790042394,0.6957239261952586
CDK6,rna_others,0.8342876320242578,0.6304352131566071
CDKN1B,rna_others,0.7278319685367654,0.38862556887360433
CDKN2A,rna_others,0.8111701375987845,0.563606995416005
CDKN3,rna_others,0.9276136883432571,0.852897962096668
CENPA,rna_others,0.960917985177719,0.9199886182771773
CENPF,rna_others,0.963193955384195,0.9191230995922173
CEP55,rna_others,0.9638553548926291,0.9251931701356895
CHEK1,rna_others,0.9134581460672577,0.8256148634016539
CHEK2,rna_others,0.8348482176457704,0.6561818897331648
DLGAP5,rna_others,0.9592657803202012,0.9139361316198288
DNMT1,rna_others,0.9101037626425428,0.8070960902892743
DNMT3A,rna_others,0.868576655138825,0.7024513163367601
DNMT3B,rna_others,0.8781907206995305,0.7273822266063739
E2F1,rna_others,0.9477142342924167,0.8915331753066977
EGFR,rna_others,0.9289732028651201,0.833012753812712
EGLN1,rna_others,0.8492476180718567,0.6712863900373545
ERBB2,rna_others,0.9187364822711073,0.8096618274911165
ERBB3,rna_others,0.9141992565386861,0.8050651345225727
ESM1,rna_others,0.8115991201255969,0.6296841082406278
ESR1,rna_others,0.9486481616258947,0.8905522271716311
EXO1,rna_others,0.9577016689399787,0.9150532278710218
EXT1,rna_others,0.8128268571935814,0.587904164746734
EZH2,rna_others,0.9179813523552837,0.8156199929931612
F12,rna_others,0.7657584804837383,0.5278290077836734
FGF19,rna_others,0.5528178603168405,0.09424239263212253
FGF3,rna_others,0.4373151525779687,-0.17157432367123726
FGF4,rna_others,0.486138142208387,-0.24342780711907452
FGFR1,rna_others,0.7966965147018774,0.5159748026298179
FGFR2,rna_others,0.7246723674973057,0.41872190157113487
FGFR4,rna_others,0.7921377151018127,0.5951693636930528
FLT1,rna_others,0.9368741774297235,0.8576375691189541
FOXA1,rna_others,0.9706516952868789,0.9306190154038968
FOXC1,rna_others,0.9344059614376458,0.8556919893434304
FOXM1,rna_others,0.9711667396416903,0.939175031929392
GABRP,rna_others,0.9219493099712143,0.8311775129319205
GATA3,rna_others,0.9408246480507051,0.8613900911803062
GMPS,rna_others,0.9326039960490695,0.8478774280331506
GPR160,rna_others,0.9087408201795028,0.7990297882918087
GPR18,rna_others,0.8852751184835208,0.7803164208983004
GRB7,rna_others,0.9237505892462803,0.8203416858094729
GREB1,rna_others,0.8770469099510003,0.7514411929287622
GSTM1,rna_others,0.3584022995365429,-0.15246672305369735
GSTP1,rna_others,0.839342943967399,0.659726024244365
HOXB13,rna_others,0.6176515365617037,0.23776883961827455
HTATIP2,rna_others,0.7744557515790675,0.5266868850818367
IGF1R,rna_others,0.8588446411408954,0.6867864030649118
IGFBP3,rna_others,0.7718055995249452,0.4862291733158697
IGFBP5,rna_others,0.6731376880789371,0.3256494352655195
IL17RB,rna_others,0.7706933919241141,0.5582219671925195
IL25,rna_others,0.5471814914924401,0.06666826602162157
IL6ST,rna_others,0.9398409466418759,0.8704626773084937
JUP,rna_others,0.8925846243386633,0.7610090497617075
KIF23,rna_others,0.9549462616440318,0.904291606964676
KIF2C,rna_others,0.9655463729856553,0.9279631672026308
KRT5,rna_others,0.928351010592662,0.8398169120104979
LIN9,rna_others,0.9251676985077328,0.8430247486365003
LMO1,rna_others,0.6755005257243801,0.2411045259201544
LOX,rna_others,0.9539601022641726,0.8995231367456273
MAP2K4,rna_others,0.8228237688078824,0.6320726112367276
MAP3K1,rna_others,0.8952248946357462,0.7788253426722219
MCM2,rna_others,0.9431932687868612,0.8829474572024729
MCM6,rna_others,0.9315477245275204,0.8463146049099637
MDM2,rna_others,0.7767347641404488,0.5251008478187724
MDM4,rna_others,0.9220836568578624,0.8365154266247158
MELK,rna_others,0.9524626143742857,0.9062426531054472
MGP,rna_others,0.7316804709615117,0.415755690260016
MIA,rna_others,0.7831327942437903,0.5058290738898754
MKI67,rna_others,0.9565911582714413,0.9066744440714164
MLPH,rna_others,0.9622122788336572,0.9159833631411297
MMP2,rna_others,0.9582501296366421,0.9017160980514131
MMP9,rna_others,0.7398506976261204,0.4834491905555255
MTDH,rna_others,0.9533989339838679,0.8962628690148479
MTOR,rna_others,0.9073175795053554,0.7907713746432233
MYBL2,rna_others,0.9501039060932934,0.8953249932451671
MYC,rna_others,0.8770581341282575,0.7302129297676445
NCOA3,rna_others,0.9304785489887888,0.8541936999915225
NCOR1,rna_others,0.8677944921829845,0.71267251577275
NDC80,rna_others,0.9523262342104657,0.9022639392647029
NDRG1,rna_others,0.8380034364129131,0.6617500257207796
NEK2,rna_others,0.9577783879422521,0.9169292274538174
NF1,rna_others,0.9352908732907541,0.8595447458896217
NMU,rna_others,0.7802908235988504,0.5205838141716251
NOTCH3,rna_others,0.8401669386276139,0.6480816285245569
NUF2,rna_others,0.9004635296443899,0.806426944988244
NUSAP1,rna_others,0.6674648608313869,0.26897025064291413
OXCT1,rna_others,0.7570503906433264,0.4683970843262528
PAK1,rna_others,0.7733981014916476,0.5219838109252606
PCOLCE,rna_others,0.9515645808708624,0.8845328387751109
PGR,rna_others,0.87468688646588,0.7484738264132031
PHGDH,rna_others,0.8333546167913716,0.6592286056065675
PIK3CA,rna_others,0.920997678283906,0.8314015518723228
PIK3R1,rna_others,0.8666962383765572,0.7088293291673605
PITX2,rna_others,0.5897995996369907,0.10649438868034944
PLAT,rna_others,0.8175825336181175,0.6165923822985409
PLAU,rna_others,0.9085017921819886,0.8015009785628868
PLK1,rna_others,0.9719388091396401,0.9427356589218444
PPM1D,rna_others,0.825183740854522,0.6175127837120826
PRC1,rna_others,0.7677221716062101,0.4760990232424106
PTEN,rna_others,0.8074876946277066,0.5915082575865893
PTTG1,rna_others,0.9568018058165817,0.9122121433730499
RACGAP1,rna_others,0.9526751739345375,0.8968369600446987
RAD51,rna_others,0.9415529931541025,0.8786507060279345
RASSF1,rna_others,0.8399489257795116,0.6445664931608133
RASSF7,rna_others,0.892964486133357,0.7680006783305706
RB1,rna_others,0.894032562533299,0.7598827234099592
RBBP8,rna_others,0.865684508378338,0.7321975727233132
RFC4,rna_others,0.9308869709415883,0.8460192227500405
RRM2,rna_others,0.9281720872659724,0.8563659360072379
RSF1,rna_others,0.875625680412895,0.7366145052446418
RSPO2,rna_others,0.6453981378043068,0.1704273353978143
RUNDC1,rna_others,0.9329686675226734,0.8595858950560274
RUNX1,rna_others,0.866025738776101,0.714094599785368
SCG5,rna_others,0.7435815531162602,0.4167871414730253
SCUBE2,rna_others,0.8648248613944244,0.7402422362422156
SEC14L2,rna_others,0.8582048551913475,0.7152624727924669
SERPINB5,rna_others,0.877858988804585,0.7340252248768949
SERPINE1,rna_others,0.8296068826453578,0.6618594795402284
SFRP1,rna_others,0.9346642654978876,0.8575883219720486
SFRP2,rna_others,0.9283878771058893,0.8251995233363614
SIAH2,rna_others,0.8369731580873556,0.6721419342769546
SLC2A3,rna_others,0.8429182990763422,0.6725650348934659
SLC39A6,rna_others,0.8954899315689248,0.7950005840768178
SMAD3,rna_others,0.8352851252293481,0.6322601473475135
SMAD4,rna_others,0.8783364270459332,0.7137526840784605
SNAI2,rna_others,0.9082288223448657,0.7789750951059039
STC2,rna_others,0.8632239514893884,0.7107419543151068
TBX3,rna_others,0.8509999183802077,0.684507649697291
TFF3,rna_others,0.9015164478454374,0.7943934677550797
TGFB1,rna_others,0.9040243504513439,0.7974580011009995
TMEM45B,rna_others,0.7970356410578247,0.5998757599090991
TOP2A,rna_others,0.9581332995920171,0.9140937920924878
TP53,rna_others,0.6180963545499993,0.13781040257065946
TPX2,rna_others,0.9786423487755747,0.9572352511193742
TSPAN14,rna_others,0.7387358546621843,0.43696914226832906
TWIST1,rna_others,0.7848004370430339,0.49732915415603374
TYMS,rna_others,0.908431402778501,0.7994993236026912
UBE2C,rna_others,0.9723004415977774,0.9416745355625162
UBE2T,rna_others,0.9463192695655325,0.893744562754994
VEGFA,rna_others,0.8526827780049994,0.6751568732047619
WIF1,rna_others,0.8144074172458653,0.6198280567811743
XRCC4,rna_others,0.8455032150908781,0.6743278743825956
ZEB1,rna_others,0.9703437154680545,0.9314949709100869
ZEB2,rna_others,0.9723325979928182,0.9431201025382355
ZNF703,rna_others,0.8791703663569082,0.720577032601712
FMOD,rna_others,0.7915235905137452,0.5305789868638798
AGR3,rna_others,0.925315951899821,0.8377765043801382
NDUFS6,rna_others,0.9373574816470214,0.8588702083477802
COL1A2,rna_others,0.979398669468306,0.9471217357251485
MARCKS,rna_others,0.7865625595702657,0.5581834410240669
VIM,rna_others,0.9119371740068296,0.7923063203900185
A2M,rna_others,0.8828377107091901,0.7332867880347453
ECM1,rna_others,0.752766919404356,0.5189759026823796
SLPI,rna_others,0.8707615360545682,0.7196825445380048
ELN,rna_others,0.8603595283584958,0.6799654353443867
CTSS,rna_others,0.9339856706526887,0.8604093204222414
APOD,rna_others,0.791504684265144,0.5341200967539954
PABPC1,rna_others,0.8970287845005657,0.7607279621249086
CPXM1,rna_others,0.9032856025302224,0.7806513049249949
PIP,rna_others,0.8256897708460399,0.6464460265727612
RGS1,rna_others,0.8354131519296263,0.6717435105296266
HOXB2,rna_others,0.7273931512565842,0.48223792971978074
MT1E,rna_others,0.7687149738755197,0.4759982058235115
TRPS1,rna_others,0.9105519393342764,0.8051124219093787
TSPYL5,rna_others,0.6704179661516207,0.3300408052791468
NID1,rna_others,0.9540186546424291,0.8928678017513721
WASL,rna_others,0.9247057499938364,0.8423544995235882
COL14A1,rna_others,0.9238985214955469,0.8283918904733707
TP53INP1,rna_others,0.8944405913703831,0.7706004801941373
ENPP2,rna_others,0.8917811680946849,0.7495030460910661
SYNGR2,rna_others,0.8666783591794633,0.7003116515954213
C1orf115,rna_others,0.7897035593878061,0.5580285034470814
PLTP,rna_others,0.8538397513863765,0.6709183377801199
PRRX1,rna_others,0.9478526384549781,0.874059896992416
LRP5,rna_others,0.791572771070045,0.5508048502408203
S100A16,rna_others,0.8836935632701332,0.7324091078097175
IFI16,rna_others,0.9103668020586179,0.7753621892333904
CHAD,rna_others,0.8242872852263705,0.6469860570918577
EIF3K,rna_others,0.8799204336283879,0.7324818420511076
IGFBP4,rna_others,0.8921959287328353,0.7486811603276677
TPD52,rna_others,0.872298672490259,0.7147654500956543
ANXA9,rna_others,0.9006698316781012,0.7941603932383241
FABP4,rna_others,0.9060408471679893,0.794594086733314
KRT19,rna_others,0.8082323389356285,0.5724850475541328
PLEKHF2,rna_others,0.9247618279810909,0.8387791681321144
GIMAP4,rna_others,0.9690166716660018,0.9290773643735887
RAB25,rna_others,0.8959383580698728,0.7540919130210639
FXYD5,rna_others,0.8462386625525731,0.6426004748657534
RGS2,rna_others,0.8473634656746489,0.6704841990658648
KAT2A,rna_others,0.9023685094207695,0.7952310919137711
PLOD2,rna_others,0.8389767326436421,0.6531709174125362
FSCN1,rna_others,0.9046673812044435,0.7787687794818825
SQLE,rna_others,0.8534995346541006,0.6831398998160715
GIMAP7,rna_others,0.9598829321442856,0.9133457493048124
CD163,rna_others,0.9185526625235233,0.825474424805493
CX3CL1,rna_others,0.873513302364282,0.7392072464403692
CLEC11A,rna_others,0.9198029898068036,0.8174548117380755
MRPL36,rna_others,0.8566492731597899,0.6916708027253174
AKR1B1,rna_others,0.8365541014901388,0.6078191432136222
CST1,rna_others,0.4882835758724431,0.02184358446631285
EPHX2,rna_others,0.7736870876987831,0.528026312380945
RAB34,rna_others,0.7670215465594697,0.4681772270622555
C6orf62,rna_others,0.8314353091836431,0.6405300528523684
CHI3L1,rna_others,0.828472731071437,0.628045519824288
LGALS3BP,rna_others,0.8051531829226882,0.5645229471588367
PYCARD,rna_others,0.851369459055085,0.6710268551933274
GRHL2,rna_others,0.9054639101293969,0.7766553799515513
ATP6V1B2,rna_others,0.864034536218888,0.7001261917801457
LXN,rna_others,0.7342687034141884,0.39089062494495996
ZHX1,rna_others,0.8932542455128882,0.7564895915481933
CLSTN2,rna_others,0.8877719888748518,0.7750543625630157
QSOX1,rna_others,0.7935481079297773,0.5757817836245327
LAMB3,rna_others,0.8960032725974972,0.764674907040419
PTN,rna_others,0.8616973007567819,0.6968566113931303
S100A9,rna_others,0.778064684933705,0.5660786049722221
THRSP,rna_others,0.7962021769945351,0.6015021235872225
SSR3,rna_others,0.8844465978301433,0.7465131056307697
ID4,rna_others,0.8524746861055688,0.694349956265268
PDK4,rna_others,0.8955965446199688,0.7821427244292466
FPR3,rna_others,0.928273190392479,0.8608893157740605
TIMP2,rna_others,0.9549682359986182,0.895338098087317
KCNK1,rna_others,0.7227882899802724,0.45425689408970404
LMOD1,rna_others,0.901075090004868,0.7899769752539816
KDM2A,rna_others,0.8834454501522786,0.750412579702525
KRT10,rna_others,0.7578382706438809,0.47616955633310787
PPP1R1B,rna_others,0.7647708832682927,0.5300887288390473
RPL37,rna_others,0.8522959228883167,0.6703141490468124
NES,rna_others,0.7981760424706555,0.5312325933213284
MRC2,rna_others,0.9299283062269522,0.829916064205997
POLD2,rna_others,0.8635057541373672,0.690466319897928
NECAB3,rna_others,0.9094932211667294,0.8004140708996359
KRT15,rna_others,0.7925902557362091,0.580002214432284
CAPN8,rna_others,0.8869926921152809,0.7548075914051376
EFNA4,rna_others,0.8953912924156467,0.7626843623914047
METRN,rna_others,0.879926464409903,0.7478149545916815
MNDA,rna_others,0.9285911746470907,0.8586672350935654
TM4SF1,rna_others,0.7289952020945094,0.4207735146678494
SYCP2,rna_others,0.7476719784072801,0.4441361720416712
COL10A1,rna_others,0.9540063893901033,0.9003793475267353
BNIPL,rna_others,0.8455281464085802,0.6558881964928788
AQP1,rna_others,0.9110747980104018,0.7833014392198581
CD9,rna_others,0.7942292119672452,0.5372674580779351
PTMS,rna_others,0.827174565359774,0.6375847588928216
SND1,rna_others,0.8793724208780674,0.7356302725103978
FZD6,rna_others,0.7947182701673307,0.5447809884453119
C1S,rna_others,0.9431894696924726,0.842970090223215
S100A14,rna_others,0.8768343632451723,0.708325333054582
RBP1,rna_others,0.7229489069506767,0.4339369110892414
RIN2,rna_others,0.8991677509184077,0.7747791549601958
YWHAZ,rna_others,0.9393316152129244,0.8680472019240333
MAL2,rna_others,0.8434573546017854,0.6678372950144448
COL1A1,rna_others,0.975227511526352,0.946434242466375
KRT14,rna_others,0.9213116406847479,0.8182542854307051
ETV3,rna_others,0.9137468346928821,0.7942379793555989
MIR635,rna_others,0.7738302151553802,0.5248826028813712
TMEM204,rna_others,0.9282201449314467,0.8615913788354068
MT2A,rna_others,0.8524694192665668,0.6683838696990816
CRABP2,rna_others,0.811904450175639,0.5576931466947097
SLC30A1,rna_others,0.8699029730479066,0.7301497345431718
FAM107B,rna_others,0.752280622398185,0.475870927442297
COPZ2,rna_others,0.9087063197473455,0.7920825611130515
NRN1,rna_others,0.8345731008032995,0.5701456551191931
CYB5R1,rna_others,0.8770875521791435,0.7374935181945612
EFR3A,rna_others,0.9160081778979845,0.8213054954455727
ISM1,rna_others,0.8829750351139007,0.7501829620208662
RARRES1,rna_others,0.8886601363151962,0.75956007485356
GAPDH,rna_others,0.8672108985891906,0.7154655159581536
ASAP1,rna_others,0.9128940032692694,0.811534780210236
RTP4,rna_others,0.8325637079770869,0.6164406261718266
TFAP2C,rna_others,0.817315851147405,0.6198189673525696
ADAMTS2,rna_others,0.9480700553125093,0.8798515250276241
TMEM147,rna_others,0.8726403115718708,0.7295521314063272
SSH3,rna_others,0.9073327301297504,0.7941961995616261
PPP1R2,rna_others,0.8326426938114853,0.623771212783611
CFH,rna_others,0.9336994832136111,0.8501081277616978
CD93,rna_others,0.9589700423716658,0.9133847917608202
SNRPE,rna_others,0.9163877381976091,0.8246427722622242
INHBA,rna_others,0.9386927998061507,0.8705856817644066
DSTN,rna_others,0.8870113549153581,0.7242693225154793
CLDN3,rna_others,0.8581526224394392,0.6937088097519234
LY96,rna_others,0.9367968762414128,0.8638282736969477
ALDOC,rna_others,0.7335321575255429,0.4306989642280975
FKBP10,rna_others,0.8053339823334281,0.5238721012146104
ATP6V1C1,rna_others,0.9347733408462128,0.8550994449002463
CCDC3,rna_others,0.8400608450894212,0.643058583834687
NME4,rna_others,0.8440861443716138,0.6658438849067891
ID1,rna_others,0.8043851558925756,0.560595698120891
HOXB7,rna_others,0.6898209577970252,0.32257202150560116
TM4SF18,rna_others,0.7697376632338494,0.5284587626023223
CDC42SE1,rna_others,0.9118941967221973,0.8084556340747893
SCNN1A,rna_others,0.8716845467205984,0.7086570767894735
CMTM3,rna_others,0.9304663833172107,0.8400714694329754
S100A10,rna_others,0.8516975844289867,0.6826491730836318
SKAP1,rna_others,0.770883347796808,0.5077288233278161
VEZF1,rna_others,0.92844083821802,0.8357986830128834
TMEM97,rna_others,0.8348757075528572,0.6675021228110442
SELENBP1,rna_others,0.862390435091041,0.6800128079950304
SFRP4,rna_others,0.8888792251432599,0.7715010776044047
CHCHD2,rna_others,0.8169620342675601,0.5703163033818872
LPL,rna_others,0.8822098050607656,0.7452046795446551
CACNG4,rna_others,0.8056384999589686,0.5732150715819904
SLC7A2,rna_others,0.8167636489323894,0.6276153007020637
ADAMTS12,rna_others,0.9499685527191185,0.8865352829961538
MDFIC,rna_others,0.8789113937880787,0.7201605026898936
SLC2A10,rna_others,0.8509075593428324,0.6670435824281825
ZNF83,rna_others,0.8374183386194561,0.6644831176802892
RGS5,rna_others,0.8188011775006613,0.6456051292856752
MAPK3,rna_others,0.895438413148266,0.7543599140424886
CST7,rna_others,0.9081232751697133,0.8069031851233908
CLEC2B,rna_others,0.9286243120529167,0.8452377707546702
TUBB2A,rna_others,0.7376503420777049,0.43427453650781944
SNHG9,rna_others,0.7557318723825042,0.5179344092225949
MFAP5,rna_others,0.8971835549407503,0.7756196831957037
C17orf58,rna_others,0.8310188918282403,0.6573164934554434
ALDH3B2,rna_others,0.7857665321141077,0.5424860465031842
GOLPH3L,rna_others,0.8951993062980572,0.767346202742757
KRT23,rna_others,0.8247703267001648,0.6375209106266232
BNIP3L,rna_others,0.8847506832499139,0.7480042829512696
CCND2,rna_others,0.8388449437755785,0.58873605179541
COX7A1,rna_others,0.8568049551791381,0.6973820722661549
SELL,rna_others,0.8822237905024245,0.7544176684464688
SHC1,rna_others,0.8908068052337428,0.7642689477350352
DSP,rna_others,0.7509059655311421,0.46498763701001755
PTPRC,rna_others,0.9792154017824712,0.9542105886838692
TRAM1,rna_others,0.9075847554880433,0.7947679002701729
SEMA3C,rna_others,0.849944116890565,0.6545232038450973
STAC2,rna_others,0.8850469435714798,0.7480877484631238
RARRES2,rna_others,0.9152764162099013,0.8057512005747051
CPA3,rna_others,0.8194162342461446,0.6410217448644149
GIT1,rna_others,0.812955815454188,0.5927641680726803
NPEPPS,rna_others,0.8752163617103685,0.732404976199168
RSAD1,rna_others,0.8148233335491346,0.5964361534291984
ELOVL2,rna_others,0.8037416335915449,0.5908437490769779
SEC62,rna_others,0.907103865408892,0.7983124955885685
PRR15L,rna_others,0.8643284738249367,0.6996198496473602
COTL1,rna_others,0.8888512893811824,0.7453475774810694
OLR1,rna_others,0.8387037343108249,0.6663785125492598
SLAMF7,rna_others,0.9051105839232189,0.8051754330850646
RAB4A,rna_others,0.8473063799965773,0.673346571330055
CD55,rna_others,0.82355046035901,0.5922531013405766
VANGL2,rna_others,0.8267182071807873,0.6404340604674588
DHX9,rna_others,0.9649284567649893,0.9260603382934472
NDUFS2,rna_others,0.8600222566452393,0.6955760866534346
CLDN4,rna_others,0.8814036465908491,0.7475974056312124
TBC1D20,rna_others,0.837095614057856,0.6489414211602909
SEZ6L2,rna_others,0.6747065404338937,0.3413988887794517
NET1,rna_others,0.6869707264603188,0.3497497785894138
LAPTM4B,rna_others,0.7953037799725595,0.5872306331316373
ELF3,rna_others,0.8409589962472969,0.6622991937835712
MAPRE1,rna_others,0.8962586746187646,0.7698676852054342
LYPLA1,rna_others,0.8593969671828681,0.7139343128576532
MUC1,rna_others,0.8439531297989186,0.6644920371644887
ACLY,rna_others,0.884885869126883,0.7512834639959654
AEBP1,rna_others,0.966616262393677,0.9209336286986392
CALD1,rna_others,0.9488176593058064,0.8804321900328135
SDCBP,rna_others,0.8470458843684804,0.6681794674638579
RPRD2,rna_others,0.9444617322343677,0.8787353285747018
ELMO3,rna_others,0.8555988731169437,0.6755365685752998
SERPINB9,rna_others,0.893460894484751,0.7608799774645891
RARA,rna_others,0.9135672883183162,0.8128850673274649
KCTD3,rna_others,0.9043873513943812,0.7997249842372262
ABCC11,rna_others,0.78796512248563,0.5693556680736571
MAGEF1,rna_others,0.8246313662957054,0.6065637972617242
PI4KB,rna_others,0.9268386692391865,0.8311988356808145
PPP2R5A,rna_others,0.8752319283600395,0.714688605394065
GOLT1A,rna_others,0.7552369976968214,0.47854616869502853
SOX9,rna_others,0.8051872309171306,0.5795939597479921
NME3,rna_others,0.9325964525198538,0.8531101348242142
CTHRC1,rna_others,0.9176138734410846,0.8156806402307409
CD4,rna_others,0.9619588607603101,0.9194843049109991
GCC1,rna_others,0.9101945213472619,0.8086688262643282
ANKH,rna_others,0.819639713896644,0.5833553736090388
CTF1,rna_others,0.7493867907745249,0.45617871968125945
PXMP4,rna_others,0.7309410494021787,0.42749004017505443
VWF,rna_others,0.9255707183116292,0.8425971283828437
CRNKL1,rna_others,0.9002223260151118,0.7863633900967582
WFDC2,rna_others,0.7435584346705524,0.46183334576257173
KDELR2,rna_others,0.8255175566191459,0.6279101378646441
PRR14,rna_others,0.9006323824133352,0.7787997039221083
C1orf116,rna_others,0.7648221699013803,0.540474711990258
GMFG,rna_others,0.9688619728307777,0.9350813536016633
SLC2A4RG,rna_others,0.888597669318833,0.7618512929487506
RSL1D1,rna_others,0.8650346407965364,0.7012386409285019
STC1,rna_others,0.6782448962046408,0.3889629686106417
S100A4,rna_others,0.886848038954905,0.7117396875520549
ZNF880,rna_others,0.6065720137802695,0.18921539178124902
CREG1,rna_others,0.8119915940072291,0.5829180275353689
CD40,rna_others,0.883155583962269,0.7360466006642625
PRKAR1A,rna_others,0.925396570521731,0.8413732788015258
S100A6,rna_others,0.8457869929707841,0.643309716692069
ECH1,rna_others,0.8505015797232776,0.6518580234762921
GRAMD1A,rna_others,0.8956229506224846,0.7735895074965109
RHOD,rna_others,0.8515690687854969,0.6417914869237242
FCER1A,rna_others,0.8071759572965996,0.6143781076761679
SCGB3A1,rna_others,0.711803154317296,0.42736503619516264
