tf,target,edge_sign,coexpr__pooled,coexpr__ER_IHC=Negative,coexpr__ER_IHC=Positve
AR,AKT1,1,0.36175673612064146,0.5892134351471139,0.3026550390488391
DNMT3B,AKT1,1,0.27338397320278857,0.33626402230019575,0.2792113332238352
ESR1,AKT1,1,0.025802720065711875,0.11273708821382991,-0.006358232316836105
EZH2,AKT1,1,0.12677551129187206,-0.13931658877589204,0.21640462583297793
MYC,AKT1,1,-0.40813874711328135,-0.5362933041000884,-0.3660633522211114
NCOA3,AKT1,1,0.10318802544912983,0.330760729637933,0.028781962747015586
TP53,AKT1,-1,0.026119225183771744,-0.18588469830181237,0.11830289239737793
HIF1A,AKT1,1,-0.10191643164275176,-0.08919846253234033,-0.09107763112649363
ESR1,AKT2,1,0.09852327653440812,-0.10421882214732427,0.11464537123246818
TP53,AKT2,1,0.07507284319570343,0.05605097808867767,0.0839264406974108
TWIST1,AKT2,1,-0.08244859533904972,-0.0783943074746853,-0.0821299534687431
AR,ALDH1A3,1,-0.17583225769748315,0.07688783208055477,-0.08742774967566364
DNMT3B,APC,1,-0.016007046917944946,0.054492156600165174,-0.03648061212546266
EZH2,APC,-1,-0.016951091282779926,-0.08945608021976431,0.0063033257857949485
MYC,APC,1,0.018628919642890727,0.05618834921163426,0.01147231611562994
TP53,APC,1,0.06897379584963412,0.16191595023228494,0.03922542550903815
HIF1A,APC,-1,0.042280889289608645,0.10066183145442725,0.02588257922950898
ARID1A,AR,1,0.05097035494483962,0.004189826269219807,0.0007912758115268211
E2F1,AR,-1,-0.043486070579799245,-0.11601139133403879,0.002259145951379801
ESR1,AR,1,0.4775875669161448,0.32515011878623407,0.3761483618614367
EZH2,AR,1,-0.1620652123971336,-0.3036741035927905,0.03789221763273011
FOXA1,AR,-1,0.5113406923323334,0.744404691977715,0.35057021346205247
FOXM1,AR,1,-0.18127107887357075,-0.5059615088626362,0.06617892088553035
HOXB13,AR,-1,0.05311191096895667,0.09524532477388416,0.07670893076768819
MYBL2,AR,1,-0.00023090367908670158,0.027047662125671546,0.017446799849318757
MYC,AR,1,-0.33637805869393916,-0.5057935642885338,-0.25471830662124995
NCOA3,AR,1,0.05995119381845236,0.414666887940447,0.030483842200447815
NCOR1,AR,1,0.19102826081654886,-0.06462787817107941,0.20204198711395693
SMAD3,AR,1,0.22570227174762056,0.019131034962232975,0.20538570677674753
SMAD4,AR,-1,-0.19519085670150518,-0.4419128729479344,-0.12195944895971761
TP53,AR,-1,0.050601291675966956,-0.12089726796897006,0.12486063237919602
TWIST1,AR,1,-0.2464575953768376,0.08337359186746202,-0.34388320034579023
ZEB1,AR,-1,-0.05694350663846878,0.1406052224695213,-0.19425157547537375
HIF1A,AR,1,-0.30839674333292094,0.060309064085932354,-0.31666567784929717
E2F4,AR,1,-0.3343945731445207,-0.28210882881491817,-0.23105835597995097
BRCA1,ASPM,1,0.3952356582426509,0.25715683657947924,0.5048865363824678
BRCA1,ATM,1,-0.16721965090509996,-0.16626598339882462,-0.16563863071919005
E2F1,ATM,1,-0.012996530712425153,0.0018488563591057539,-0.01064355531328632
MYC,ATM,1,0.1550548826823255,0.15267229762626472,0.1434288471575428
RBBP8,ATM,1,0.05943624678047313,0.03472245416990634,0.0772184660091653
TWIST1,ATM,1,0.10806002236127848,0.08760152322797012,0.10987294988939808
E2F1,AURKA,1,0.08912306279020238,0.08888373281774534,0.08639408070322863
ESR1,AURKA,1,-0.32236264789896074,-0.2103426215896729,-0.039250215820223776
GATA3,AURKA,1,-0.36333295138909283,-0.27874715860606003,-0.11181292758982923
MYC,AURKA,1,0.1349308478752157,0.18916317741920285,0.0576206140338036
TP53,AURKA,-1,0.004568165825283375,0.11660442037657699,-0.00019910479900278494
HIF1A,AURKA,1,0.12638337956746526,-0.05327591387919509,0.026025709079842627
E2F1,AURKB,1,0.08799904047599359,0.04847945719961575,0.08543185450001742
FOXM1,AURKB,1,0.8781194542807687,0.7647401758685961,0.8579418106731461
E2F4,AURKB,1,0.3306007057113447,0.32153297973499534,0.14725703845059138
DNMT3B,BAG1,1,-0.09405744853576024,0.017805058419903253,-0.0619842688698428
TP53,BAG1,-1,0.053627938436449335,0.03196915013135067,0.049530924636681066
E2F1,BBC3,1,0.029794138584760998,0.0706152562165417,0.02744414423589681
MYC,BBC3,1,0.01811882331813122,-0.05755577822521117,0.04312417507627928
SMAD3,BBC3,1,0.0038940986200858446,0.004199873434209862,-0.005411998936920934
SMAD4,BBC3,1,-0.08236753844413963,-0.10935731326235576,-0.07893275460281697
TP53,BBC3,1,-0.012833123602129513,0.012607779268059015,-0.023112697611911193
AR,BCL2,1,0.2639710462314973,-0.14887700154018998,0.16615436714099532
E2F1,BCL2,1,0.003138776537937702,-0.011445361101289395,0.040702623008417385
ESR1,BCL2,1,0.6331110195252685,0.2975393607007603,0.45799705949995584
EZH2,BCL2,1,-0.342188071009464,-0.1453791397862046,-0.15807233639884563
FOXA1,BCL2,-1,0.4887853999862804,-0.11894810575482398,0.35301779292730834
MYBL2,BCL2,1,-0.06868142042174843,-0.13086923881529974,-0.06453793532450469
MYC,BCL2,1,0.010453874442516031,0.21660724737377202,0.06819537753917702
NCOA3,BCL2,1,-0.1466117406838943,0.06605774511257334,-0.10520432835894128
PGR,BCL2,1,0.4172073939051251,0.17833389349759238,0.2064395971911716
RUNX1,BCL2,1,0.1428261550432385,0.054341213821492165,0.032580900518062846
SMAD3,BCL2,-1,0.42665747131968396,0.44553461901067176,0.3520003969822949
SMAD4,BCL2,1,0.30692960037656886,0.32935099963201186,0.3496778567078066
TP53,BCL2,-1,0.08542808897968011,0.10737375101693372,0.07304903190485412
TWIST1,BCL2,1,-0.2568130702192581,0.01077295338491033,-0.317551701934265
TRPS1,BCL2,1,0.32310668842669793,0.04354079625228221,0.19615347660176063
TOX3,BCL2,1,0.18929827899142773,-0.19843363414677562,0.10120691415772763
HIF1A,BCL2,1,-0.3613182131315642,-0.29438108131595675,-0.2928659391547296
E2F1,BIRC5,1,0.09714595032368112,0.08760446410126814,0.08502172241669018
ESR1,BIRC5,1,-0.27441073618632295,-0.2777646200254011,0.05060715767769219
FOXM1,BIRC5,-1,0.8185606346062021,0.7003332715582097,0.7904954312304379
GATA3,BIRC5,1,-0.3171263529733683,-0.27127969786729245,-0.03779911130107231
MYBL2,BIRC5,1,0.07193922023103554,0.06829627349417902,0.06679874424800486
MYC,BIRC5,1,0.04935381332157548,0.15161102193854528,-0.044416035105928814
RB1,BIRC5,1,-0.2700230964873115,-0.3017623610753087,-0.20403559914174302
RUNX1,BIRC5,1,-0.25210231561693774,-0.19516411360691996,-0.19382310758113
SMAD3,BIRC5,1,-0.03226789645310159,-0.07026788642250321,0.1427150315370545
TP53,BIRC5,-1,-0.06113155778431032,0.08654946145703436,-0.08182398696363169
HIF1A,BIRC5,1,0.03385082339978923,-0.13957052677428103,-0.06323418606398042
E2F4,BIRC5,-1,0.26419545246726805,0.24943603970417205,0.07385267194484355
EP300,BIRC5,-1,-0.15033723098971566,-0.15921923765712176,-0.15390859411439886
DNMT3A,BRCA1,1,-0.1091351917569719,-0.08673879281109094,-0.11698175964666517
DNMT3B,BRCA1,1,0.22970001552094135,0.25146145315224916,0.2670930767630223
E2F1,BRCA1,1,0.08127450249127233,0.014199486365913193,0.10772862631444641
ESR1,BRCA1,1,0.16929922747952966,-0.09624607191316271,0.22482996080310624
EZH2,BRCA1,1,0.24922112584608963,0.1578839137895285,0.3312911391202514
FOXA1,BRCA1,1,0.15845187046711423,0.01704072206122888,0.180547024191438
MYC,BRCA1,1,-0.0735692682665373,0.02764908249796446,-0.08726719720870461
NCOA3,BRCA1,1,0.13828676404422463,0.05845375301913532,0.17977874099927638
RB1,BRCA1,-1,-0.11565416570654036,-0.12835138040237057,-0.11447594594633274
TP53,BRCA1,-1,-0.016483996209051832,0.013455879835435317,-0.02740814015854166
TOX3,BRCA1,-1,0.03777112291200079,-0.014355283852012415,0.029470684342950276
CTBP1,BRCA1,-1,-0.02668057642552114,-0.006849710217051671,-0.03605077284547901
HIF1A,BRCA1,1,-0.14065611975368303,-0.0539202654780995,-0.1500809437422653
E2F4,BRCA1,-1,-0.1157763610504189,0.020646524465075995,-0.14487148486071835
EP300,BRCA1,1,-0.11879050127898476,-0.05528456510351503,-0.14190235203869056
BRCA1,BRCA2,1,0.030412447226537125,0.02196367643275648,0.02871611956699253
ESR1,BRCA2,1,-0.11706557438785334,0.006758617368023731,-0.12277129445921789
FOXM1,BRCA2,1,0.11171433692866703,0.07427861837317831,0.08237221260952247
MYC,BRCA2,1,-0.10660342002537739,-0.1425457842666089,-0.10221427087616958
TP53,BRCA2,-1,-0.023754439467804443,-0.04743303419514867,-0.006310263158381678
CTBP1,BRCA2,-1,-0.10131574225805293,-0.0802400225322147,-0.09928834895895099
ESR1,CA12,1,0.6688451370008627,0.4491682292808071,0.41270229257366536
ESR1,CBFB,1,-0.39028431549171655,-0.16767768526165197,-0.2408589930267849
MYC,CBFB,1,0.31956659758025996,0.31633406500261096,0.26891877182597307
AR,CCNB1,-1,-0.11525754672015631,-0.20649623014688873,-0.019122572419200137
BRCA1,CCNB1,1,0.44494548880785634,0.24760812453950182,0.5203678976024821
E2F1,CCNB1,1,0.09300050414421573,0.07004755323890713,0.10126906391695081
FOXM1,CCNB1,1,0.6393821269284256,0.4394144137069578,0.6677213213938537
MYBL2,CCNB1,1,0.09768010928649025,0.16532216774144914,0.08139023146969328
MYC,CCNB1,1,-0.004254949006217294,0.12171856300591472,-0.06869993438671701
TP53,CCNB1,-1,-0.08879967323268405,-0.040527622380185056,-0.09029579005754404
E2F4,CCNB1,1,0.02147867294333581,0.07749937413367676,-0.08876022388521475
DNMT3B,CCNB2,1,0.4865397560522275,0.10480517327976477,0.42917112672896657
MYBL2,CCNB2,-1,0.06259612727137244,0.10737877678972482,0.046531343828101396
MYC,CCNB2,1,0.163477826742062,0.337230820132827,0.06902697724104684
TP53,CCNB2,-1,-0.0062179240275288955,0.04991241543875521,0.009648223282566523
E2F4,CCNB2,-1,0.31546599329255,0.21330760972878546,0.13317387208353137
EP300,CCNB2,1,-0.07680998083858813,-0.05410706238493191,-0.08363096504440781
AR,CCND1,1,0.2746232074419428,0.035749114779716575,0.21738125076016082
BRCA1,CCND1,1,0.25228720530875365,0.0496385352949441,0.30454110220682284
DNMT3A,CCND1,-1,0.002191102898374886,-0.11967490632239523,-0.005457865229965993
E2F1,CCND1,1,-0.014691750163634039,-0.062406466525425135,0.014098063617517743
ESR1,CCND1,1,0.51887847049379,0.14790456767527316,0.41231819802631564
EZH2,CCND1,1,-0.06986507200545312,-0.17343140900187637,0.16353035863164295
FOXA1,CCND1,1,0.39025454271605453,0.0688320448107271,0.2752786787623575
FOXM1,CCND1,1,0.02090593899254076,-0.027767732003076456,0.28866269711375364
GATA3,CCND1,1,0.5198124596778592,0.08073312960796725,0.428004058810636
HOXB13,CCND1,-1,-0.0375882738856938,0.05350379719955691,-0.025098677856138403
HTATIP2,CCND1,-1,-0.18759226704341644,-0.10260895349844606,-0.0722885387230346
MYBL2,CCND1,1,-0.02335643091680342,-0.05609981900911888,-0.005867437454141794
MYC,CCND1,1,-0.15031186015367384,-0.053240141116538804,-0.11545024390452684
NCOA3,CCND1,1,0.012107686315624382,-0.040374543451035264,0.10347235479012043
NCOR1,CCND1,1,0.15922093414848798,-0.09290853910052667,0.1433863050098044
PGR,CCND1,1,0.2603762897912645,0.0975285020227661,0.07869375918333
SMAD3,CCND1,1,0.4135836418512079,0.2357043238643598,0.3793225659451708
SMAD4,CCND1,1,-0.058940879455750224,-0.10925981399819974,-0.08043473449747082
TP53,CCND1,-1,0.00455064306958485,0.02205800899347711,-0.012994341159898897
TRPS1,CCND1,1,0.21271576691827812,-0.006402656636629862,0.11464869475343123
BTG2,CCND1,-1,0.04753482696140666,-0.07436671816784443,-0.18976999258916033
HIF1A,CCND1,1,-0.3622756372256296,-0.23785458822963904,-0.3039936820127851
E2F4,CCND1,1,-0.22784155268610973,-0.18665247855338715,-0.08760275721033463
EP300,CCND1,1,-0.028601426204690528,-0.04036322272570409,-0.01973403573843345
E2F1,CCNE2,1,0.07984114687539251,0.05331383332877903,0.07346243673920545
EZH2,CCNE2,1,0.6247513718994236,0.48943482316546133,0.6243866698661723
FOXM1,CCNE2,1,0.6335251441586309,0.37684550603680034,0.6542594995813172
MYC,CDC20,1,0.0432874976294027,0.1388384392043783,-0.06492634497334164
TP53,CDC20,-1,-0.06573947905989644,0.05070020532375925,-0.0692761451646983
AR,CDC6,1,-0.049047933889467245,-0.06578715642822516,0.016378361796556478
E2F1,CDC6,1,0.016912708905456115,-0.11925866911868628,0.038274980701899636
FOXM1,CDC6,1,0.38960102493490073,0.2896966422602576,0.3786515930456807
E2F4,CDC6,1,0.07484814626501185,0.050347820451188505,0.006755740285979319
E2F1,CDCA7,1,0.03133295997965058,0.031249856032462556,0.01719725328773203
MYC,CDCA7,1,0.23893882699629743,0.5220601700492771,0.12496264647581011
E2F4,CDCA7,1,0.4169188512550131,0.3122728713831933,0.2444251605892043
AR,CDH1,-1,0.04152258556329386,0.2506070191199244,-0.05660268413206238
ARID1A,CDH1,1,0.04121403103363363,0.04798134262495328,0.02289671054253799
DNMT3A,CDH1,-1,-0.1058500089421236,-0.12187124637516329,-0.10868773946225545
DNMT3B,CDH1,-1,0.07677741354758161,0.14577129862527383,0.09153216618432215
ESR1,CDH1,1,0.08370013012450016,0.03439659838944924,0.0767591277661112
EZH2,CDH1,-1,0.09286107790997954,-0.011480546322730696,0.15700114849133523
FOXC1,CDH1,-1,-0.16307886477943948,-0.28514580499792164,-0.11760437900329036
FOXM1,CDH1,1,0.050468542453863105,-0.1392551595316399,0.13581972065975678
GATA3,CDH1,1,0.06076612125564499,0.20753991562983928,0.02533808243616993
HTATIP2,CDH1,1,0.1665580710855009,0.05922810412144781,0.22377226885617146
MYC,CDH1,1,0.016495904060115175,-0.08610509937942179,0.06079756830094952
RB1,CDH1,1,0.07733661899230564,0.08657315166415859,0.07016888590126805
RUNX1,CDH1,1,-0.22352342252742355,-0.15950915748926994,-0.2705385912038523
SMAD3,CDH1,-1,-0.12258495911455888,-0.2605046046578568,-0.10586726657350753
SMAD4,CDH1,-1,-0.056653256156423505,-0.13194984904352405,-0.029751096070300048
TBX3,CDH1,-1,0.05767455838734376,0.03625007289990606,0.046918009129988406
TP53,CDH1,1,0.043641163062055566,0.010749499778551887,0.04880600009851479
TWIST1,CDH1,-1,-0.055091793627200465,-0.04991409069635224,-0.05394959617252962
ZEB1,CDH1,-1,-0.046204093063982016,-0.01998100885907732,-0.06320150855511693
CTBP1,CDH1,-1,0.24209174447177978,0.2386239015283585,0.24284155522288925
HIF1A,CDH1,-1,0.11704444558750637,0.2573855301719129,0.10355210447233003
E2F1,CDK4,1,-0.011071128541534471,0.03766593063399752,-0.02821898826918244
ESR1,CDK4,1,-0.33173008949884086,-0.1949965416345781,-0.2683083228431336
EZH2,CDK4,1,0.31990198103446216,0.31720067190562845,0.25884102535332143
MYC,CDK4,1,0.26124973000962587,0.2925456984866243,0.22407203147116883
RUNX1,CDK4,1,-0.2096729345316953,-0.20077855698399608,-0.15661386562859153
TP53,CDK4,-1,0.05310939749130508,0.10076900734762412,0.05000197708948513
ZEB1,CDK4,1,-0.0042514220952517435,-0.16377410241914214,0.08807103022841073
AR,CDK6,1,-0.44915785521585716,-0.5448329297009562,-0.3234399442414747
MYC,CDK6,1,0.3000760619906068,0.4599861581841046,0.21679646641565153
RUNX1,CDK6,1,-0.05280368472627103,0.05587596047312113,0.044874769807442476
TP53,CDK6,1,0.04250441754228898,0.16195657522901297,0.023124699270501065
AR,CDKN1B,1,-0.07754238289984383,-0.2833751170586553,-0.12041536626833409
BRCA1,CDKN1B,1,0.026212245114266508,-0.0977456574953619,0.062059878546485106
E2F1,CDKN1B,1,0.003991384432198327,-0.015549327085458246,0.021902311123234156
ESR1,CDKN1B,-1,0.16037102783294985,0.04085346853781901,0.03645123067315987
EZH2,CDKN1B,1,-0.19188225822654684,-0.05140877226249089,-0.11855445059297104
FOXA1,CDKN1B,1,0.1678460882609405,-0.1815889570346634,0.1171256094191344
FOXM1,CDKN1B,-1,-0.17601601320513302,0.016642850082841873,-0.09152583189859956
MYC,CDKN1B,-1,0.11236811838985845,0.2883299018466432,0.10430074062509292
PGR,CDKN1B,1,0.21686388388479938,0.11608762771748037,0.12617236814486515
RUNX1,CDKN1B,-1,-0.13298494096092356,-0.2332344232291922,-0.17090576727271234
SMAD3,CDKN1B,1,-0.03516548626881909,-0.0848832794702738,-0.08425614988220091
TP53,CDKN1B,1,-0.03677137515510482,0.03780156737133684,-0.07434636585456258
HIF1A,CDKN1B,1,0.19043994280523588,0.24114479589495322,0.24574040417240267
E2F4,CDKN1B,1,-0.17418339865621746,0.004181028963248966,-0.12526327355230588
DNMT3A,CDKN2A,-1,-0.071636636960962,0.014950214464473319,-0.06784011620529593
DNMT3B,CDKN2A,1,0.07272478346784653,0.02339309502577136,-0.050296934859237113
E2F1,CDKN2A,1,0.03635991070682738,0.14295815194737843,-0.008318988629437231
ESR1,CDKN2A,1,-0.3081065259297182,-0.2292760121489757,-0.17956879354502828
EZH2,CDKN2A,-1,0.1678446535729301,0.4241204603234527,-0.011166195466833902
FOXA1,CDKN2A,1,-0.3055969830996643,-0.41263613564899565,-0.17607560801760996
FOXM1,CDKN2A,-1,0.18285254074785914,0.40074054777585255,-0.0030713332931170062
GATA3,CDKN2A,1,-0.2623035727327814,-0.22483322807129724,-0.10919240321668382
MYBL2,CDKN2A,1,0.012575649899778739,0.06113874821375756,-0.028083264392303096
MYC,CDKN2A,1,0.13091113189849665,0.29424146833009257,0.05476137432724462
RUNX1,CDKN2A,1,-0.1925227272717912,-0.25977074075785483,-0.14072963296705093
SMAD3,CDKN2A,1,-0.2181605149163193,-0.2676957084681017,-0.13974312994600185
TBX3,CDKN2A,-1,-0.214311423369926,-0.21369052636097852,-0.10171855901998324
TP53,CDKN2A,1,-0.09931731655517452,0.057974185950282975,-0.13745707910694424
TWIST1,CDKN2A,-1,0.15122850517471786,-0.19985638851242557,0.233393087496301
ZEB1,CDKN2A,-1,0.0294726802559851,-0.2195090718892013,0.165009419159612
CTBP1,CDKN2A,-1,0.008913843519565473,-0.004546859477688177,0.04244655698475791
TP53,CEP55,-1,-0.0031342434539075367,0.05118896172769317,0.011292010167494109
E2F1,CHEK1,1,0.0693980534553529,0.01809655895663278,0.06929444595144453
EZH2,CHEK1,1,0.6967953063170437,0.6328891872711447,0.631959946328501
FOXM1,CHEK1,1,0.6635744812984656,0.6510614278413773,0.5630184838671853
MYC,CHEK1,1,0.27948928542322765,0.42776208444831726,0.19524394661032338
TP53,CHEK1,-1,0.052435043065640126,0.10681424853103949,0.07422144738701127
E2F4,CHEK1,1,0.2899664087730386,0.1821059647831453,0.10461449729385762
E2F1,CHEK2,1,0.013949596257978864,-0.001555267597328299,0.00629003841126004
MYC,CHEK2,1,0.32039520664878945,0.4278974813441748,0.2553303072880637
PITX2,CHEK2,1,0.012373647140774942,0.10799842400125118,-0.023516062460235163
TP53,CHEK2,-1,0.06399593442801729,0.12447730648704902,0.05948045396946918
DNMT3B,DNMT3A,1,-0.12765694718305448,-0.055183840208854744,-0.11884758670684778
E2F1,DNMT3A,-1,-0.015460526878525855,-0.0015144333434163016,-0.01586303583097632
RB1,DNMT3A,-1,0.057111358152225046,-0.03440268920866568,0.058642684871294766
DNMT3A,DNMT3B,1,-0.12765694718305448,-0.055183840208854744,-0.1188475867068478
HOXB13,DNMT3B,1,0.14487866083678985,0.046284450243629906,0.14406954267384056
ESR1,E2F1,1,0.020341633454837502,-0.005737967277818184,0.0738991032357807
MYBL2,E2F1,-1,0.06129636677983421,-0.011816640105105738,0.0832810696698958
MYC,E2F1,1,-0.04814514442096877,-0.029583795817907602,-0.05119771283799866
PGR,E2F1,1,0.01645925542564984,-0.04145886053782708,0.05998043486038139
RB1,E2F1,-1,-0.056404935530906884,-0.04492016661281509,-0.05644033271176189
TP53,E2F1,-1,-0.029981153196437217,-0.004401320982635036,-0.038158154251323156
E2F4,E2F1,-1,0.01197052054756685,0.009619234490242896,-0.0049162188529504785
AR,EGFR,-1,-0.3418504856094864,-0.0713586443815525,-0.19970106407445212
BRCA1,EGFR,-1,-0.3035628176739845,-0.06401159948481672,-0.3974740330145689
ESR1,EGFR,1,-0.6260363203190377,-0.2424460017359857,-0.4291578702714865
GATA3,EGFR,1,-0.6032847782314945,-0.2754280544919415,-0.38036207767260766
MYC,EGFR,1,0.25505328079888245,0.06481131887795435,0.20187851721616143
PGR,EGFR,1,-0.3319053211651618,-0.07283077699494386,-0.08372923386906468
SMAD4,EGFR,-1,0.10533036994008746,0.06594592160942987,0.12921191864516549
TP53,EGFR,1,-0.006529264233801608,0.0020067491940440408,0.0043728525574459375
AR,ERBB2,1,0.27009849913270795,0.6029814109417712,0.14462888320588646
ESR1,ERBB2,1,0.03035411807072626,0.13717794588035456,0.001863934422074905
FOXM1,ERBB2,1,-0.023114485453833548,-0.38164894817661726,0.09671950774011659
GATA3,ERBB2,1,0.10849499069720385,0.39693168402634954,0.09067830746987596
MYBL2,ERBB2,-1,0.014723275711070898,0.041249775149576784,0.019901237591651605
MYC,ERBB2,-1,-0.31825847999598744,-0.4508953635558221,-0.25671799521257493
NCOA3,ERBB2,1,0.2590038674409618,0.37357660080375305,0.22853326444261812
PGR,ERBB2,-1,-0.0634405981108856,0.0635778982962177,-0.12166117497091272
TP53,ERBB2,1,-0.04731942706921872,-0.07530611018988866,-0.03805842618258253
TRPS1,ERBB2,1,-0.01309469071941013,-0.10095718163451227,0.001311919106154254
HIF1A,ERBB2,1,-0.04961223036033239,0.009951787555314156,-0.07587095889641292
EP300,ERBB2,1,0.02082086798959065,0.12845898141529483,-0.02786783511865056
AR,ERBB3,1,0.4261939916777982,0.3074770209603035,0.31673737474408287
TWIST1,ERBB3,-1,-0.2842704703705542,-0.11629597574813151,-0.3267253110120699
AR,ESR1,-1,0.4775875669161448,0.32515011878623407,0.3761483618614367
BRCA1,ESR1,1,0.16929922747952966,-0.09624607191316273,0.22482996080310627
DNMT3A,ESR1,1,0.09307650553869495,0.08810118725530958,0.04801198985396063
DNMT3B,ESR1,1,-0.2518839050662093,-0.08788402274204357,0.004393047570988341
FOXA1,ESR1,1,0.6829650558214113,0.42857968519815687,0.5097036618573448
FOXM1,ESR1,1,-0.2689488461980141,-0.3022723822267734,0.07787652808881153
GATA3,ESR1,1,0.6991538209210119,0.5152457864653845,0.436753355539837
HOXB13,ESR1,1,-0.052359380772882665,-0.005171102470503009,-0.024628622027870518
HTATIP2,ESR1,1,-0.2705410803008954,-0.1675598930766839,-0.09396501844435223
MYC,ESR1,1,-0.22601759645715794,-0.15996008698775074,-0.18758674354505062
NCOA3,ESR1,1,-0.10790662934863995,0.18733054367898755,-0.04536952666791897
NCOR1,ESR1,-1,0.3110890402473849,0.06073164781478353,0.2932904381001225
PGR,ESR1,1,0.4748760896664189,0.3618357472748271,0.1912708498661607
SMAD3,ESR1,-1,0.34917738360666883,0.17609188123592331,0.2671214611699149
SMAD4,ESR1,1,0.020090220815492915,-0.16004623713390598,0.028149300633077107
TP53,ESR1,1,0.04499052796598969,0.045136256029618564,0.0415419517343603
TWIST1,ESR1,-1,-0.32818555338669647,0.059045501043371376,-0.45500770961345277
ZEB1,ESR1,-1,-0.0379318251895541,0.11299341445699358,-0.23983878521101448
HIF1A,ESR1,1,-0.3330301730173596,-0.08765848198626919,-0.25213722861325644
E2F4,ESR1,-1,-0.4688462272358858,-0.15171440265342662,-0.31961683766815857
TRPS1,EXT1,1,-0.28825138724169885,-0.014214983990291743,-0.2449439789288717
E2F1,EZH2,1,0.04263965902839354,-0.002217204822567269,0.051128790495394115
MYC,EZH2,1,0.1281775122956634,0.27104509429353096,0.0345346667904434
TP53,EZH2,-1,0.04728390119221909,0.1416575530860811,0.04716368679411296
EP300,EZH2,1,0.060146205145786634,0.09084007214921393,0.06094273509920918
FOXC1,FGF19,1,0.0009488898165818098,-0.0805817750820091,0.03646028459342825
MYC,FGF3,1,0.039413730173154804,-0.05042107608519133,0.06937851222433604
GATA3,FGF4,1,-0.017307596737638736,-0.054661770726339355,-0.01702907987677183
MYBL2,FGF4,1,0.26600525277463777,0.3591013080620725,0.2313893145000229
DNMT3B,FGFR1,1,-0.1910511833253363,-0.14536798031655962,-0.15233013991451738
E2F1,FGFR1,1,-0.10280283906794495,-0.023478737680704166,-0.11433987740872462
EZH2,FGFR1,1,-0.062224022136305915,0.08536928717229582,-0.03002618867920963
GATA3,FGFR1,1,0.07573550647348995,0.03804195892058966,-0.018016508557775163
MYC,FGFR1,1,0.31787173596700435,0.26150750148940877,0.3579806520802793
RB1,FGFR1,-1,0.35133207811528505,0.41789753639683574,0.3096228102186319
RUNX1,FGFR1,1,-0.12776449280995197,-0.007044464096165689,-0.18915787673681908
TP53,FGFR1,1,0.0780015586875359,0.11392317059252816,0.04641737023189083
E2F4,FGFR1,-1,0.037885852018181836,-0.13322603298319005,0.1522317406143075
E2F1,FGFR2,1,0.005115128920947749,-0.011582106442341292,0.008345127840423976
TWIST1,FGFR2,1,-0.06492568792260066,0.11560222172709296,-0.10538171884119717
E2F4,FGFR2,1,-0.0756970397126199,-0.013142201577909537,-0.08052286654721703
MYC,FGFR4,1,-0.17245544090700582,-0.5231182407282345,-0.120291719940032
E2F1,FLT1,1,0.037831358537345997,0.1121649994885235,0.017017724318461196
ESR1,FLT1,-1,-0.005281992983074262,-0.04285371755366322,-0.028538702737350194
MYC,FLT1,1,0.08806075694529532,0.14469178924840614,0.07152708855619604
TP53,FLT1,1,0.016123185090362077,0.023424498757691793,0.005778714290234817
HIF1A,FLT1,1,0.04554126732818394,0.09361234748611894,0.036806402683424715
AR,FOXA1,1,0.5113406923323334,0.744404691977715,0.35057021346205247
GATA3,FOXA1,1,0.7064426822223778,0.5931737441064961,0.5337591080209938
BRCA1,FOXC1,-1,-0.24713393534461128,-0.00379571529789907,-0.31564399961126266
ESR1,FOXC1,1,-0.4676329644619833,-0.2604713546656448,-0.3254800856671083
EZH2,FOXC1,-1,0.03736412758713585,0.35985431533499895,-0.22463223639213892
FOXA1,FOXC1,1,-0.5039801858429938,-0.7098767952740984,-0.30743619627621144
GATA3,FOXC1,-1,-0.37864418022431356,-0.367555914339891,-0.1531651341324711
E2F1,FOXM1,1,0.08217226641082462,0.02395367325919005,0.08867339806068655
ESR1,FOXM1,1,-0.2689488461980141,-0.3022723822267734,0.07787652808881153
MYC,FOXM1,1,0.06445296800472398,0.2984967704174638,-0.06442147894958505
TP53,FOXM1,-1,-0.011813831219558667,0.02330388021070553,0.0045639140903289705
TWIST1,FOXM1,1,-0.1447617840822575,-0.2636962255399304,-0.17934758150066593
HIF1A,FOXM1,1,0.022843073453879217,-0.1601493910962153,-0.08967490800075205
E2F4,FOXM1,1,0.29579699027683165,0.2807001452555656,0.11215816359642435
EZH2,GATA3,-1,-0.2805897196400897,-0.184062742618025,-0.017711839814406594
RUNX1,GATA3,1,0.18373660825945126,0.11130399857104313,0.05795150617685854
ZEB1,GATA3,-1,0.017126881679082093,0.07298176722733049,-0.1469688526971574
TP53,GMPS,-1,0.05355748937780099,0.05595842010644169,0.0884585619197632
DNMT3B,HOXB13,-1,0.14487866083678982,0.046284450243629906,0.14406954267384056
EZH2,HOXB13,-1,0.08086968565635763,-0.05273788073267286,0.07526665836028781
FOXA1,HOXB13,1,-0.055814216530671555,0.11293898040451027,-0.06665493686423576
AR,IGF1R,1,0.3261955788101505,-0.20527706143064905,0.26645163773101294
BRCA1,IGF1R,1,0.13608589962916037,-0.1571012763474866,0.18822780494349012
E2F1,IGF1R,1,0.01715446228441189,0.025325290560372825,0.05357940031552745
ESR1,IGF1R,1,0.666648672598651,0.20552206785421492,0.5150743619159173
MYC,IGF1R,1,-0.08084437347316523,0.2804115270287108,-0.07869136669215109
NCOA3,IGF1R,1,-0.20227008294961346,-0.13174504869507025,-0.15239563865476502
PGR,IGF1R,1,0.4281320530156638,0.202197519152906,0.20683083627083926
PITX2,IGF1R,1,-0.18198631848870075,0.0935562263566184,-0.24926196590451455
TP53,IGF1R,-1,0.05596132470097084,0.040030070873866716,0.05236236979728746
AR,IGFBP3,1,-0.234345717248573,-0.006241383545426555,-0.20130262092293896
DNMT3A,IGFBP3,-1,-0.03050076037910543,-0.008995928598389812,-0.016058687594226954
ESR1,IGFBP3,1,-0.39582464250696353,-0.03170028124442937,-0.3875769196263495
NCOA3,IGFBP3,-1,0.029940442804814216,-0.09534642366755867,0.019782701483674506
NCOR1,IGFBP3,-1,-0.17798704633617035,-0.006020668287688605,-0.16949582808689265
RUNX1,IGFBP3,-1,0.07889597430498865,0.0390482054881765,0.15729640834581124
TP53,IGFBP3,1,-0.0533191009141035,-0.036248397641782816,-0.04781850634380168
HIF1A,IGFBP3,1,0.22272762496684964,0.1444970859408536,0.18592735141757058
EP300,IGFBP3,1,-0.046268733667462335,-0.015916421354729263,-0.05564090213206865
MYBL2,IGFBP5,1,0.026862816215671454,0.015023500722978358,0.041560156946213664
PGR,IGFBP5,1,0.10501600817793147,0.24880863008951115,-0.018463702855142195
DNMT3A,JUP,1,-0.09834503267946909,-0.13022261665240192,-0.09936433836826818
DNMT3B,JUP,1,0.233104845257891,0.419887445712489,0.27741958202128253
ESR1,JUP,1,0.21214395023358124,0.05391628109566035,0.22618760967411444
MYC,JUP,1,-0.19887183871578143,-0.19141891177360573,-0.1772913629117692
TP53,JUP,1,0.07266318278855277,0.034260064895291174,0.08476678240709566
GATA3,LMO1,1,-0.17256049690544437,-0.07271854234983631,-0.10372766028116812
MYBL2,LMO1,1,0.17541051814963174,0.21964451239476232,0.15620788008185815
GATA3,LOX,-1,-0.34965712720421166,-0.16636040863720936,-0.3209874929085633
MYBL2,LOX,1,-0.0020823639437761734,0.025232101704888717,-0.010699150718697684
TP53,LOX,1,0.0036075894447969194,0.015682295773010974,0.008452760649662617
HIF1A,LOX,1,0.42112708434516505,0.37439850399496594,0.3992890586589028
PITX2,MAP2K4,1,-0.08726999849939658,-0.01421644537560846,-0.09519228629680855
E2F1,MCM6,1,0.07678851982947663,0.10161421708851867,0.06589087499668789
AR,MDM2,1,0.06664847394819762,-0.13648805279574316,0.038449861654183175
BRCA1,MDM2,1,0.1951316953493366,0.19408552337513452,0.18998910228742366
E2F1,MDM2,-1,0.017724071335400063,0.019758199575343204,0.02135703129706081
ESR1,MDM2,1,0.19182597341152438,-0.06922813553252775,0.15119106272742752
MYC,MDM2,1,0.08928649364155823,0.2583517349910007,0.07867750060728534
SMAD3,MDM2,1,0.01813808946959868,-0.11160091485877051,-0.0019494124147696028
SMAD4,MDM2,1,0.02229543560941924,0.10408841595412895,-0.002402918011307318
TP53,MDM2,1,0.07474288819753834,0.10194884810334666,0.06565311519983125
HIF1A,MDM2,1,0.004816888872696294,0.11721086362670237,0.029269848275753525
EP300,MDM2,1,0.13830367244624076,0.24648949697030142,0.11136480479218719
TP53,MDM4,1,0.12393393917213225,0.09167993784794316,0.13675238350854999
TP53,MKI67,-1,0.009953271073463514,-0.022786225613222813,0.03521721819214408
E2F4,MKI67,1,0.23618525113546282,0.22348606566544257,0.09606093886656902
AR,MMP2,1,-0.06011585378971598,0.2254157518189633,-0.1535312643557603
ESR1,MMP2,1,-0.18415397878472328,0.06384218235807167,-0.3341572660896299
EZH2,MMP2,1,-0.24616711512695594,-0.3418787919083391,-0.23531004986764417
FOXM1,MMP2,1,-0.3055215950160545,-0.393635486981678,-0.3105507531614615
HTATIP2,MMP2,-1,-0.10341302189225206,-0.06722243337448186,-0.10092014355426497
NCOA3,MMP2,1,-0.03600130508290013,0.09294061784580836,-0.06539295229720503
NCOR1,MMP2,1,-0.11576693720181562,-0.09068064669131391,-0.13052644582100215
PGR,MMP2,-1,0.008807920185121935,0.13767120347364664,-0.04450107730344655
SMAD3,MMP2,1,-0.09472178808142931,0.06145728237030208,-0.1640595942264209
SMAD4,MMP2,1,0.033773739518697644,-0.12446479418142556,0.08095280932659611
TP53,MMP2,1,-0.013587716368911474,-0.11458531615775484,0.014114423634985248
TWIST1,MMP2,1,0.5920800304349401,0.5463465249398739,0.6066844179098382
HIF1A,MMP2,1,0.17297395662970316,0.13158666788122844,0.21320568446707355
MYC,MTDH,1,0.22110920875694687,0.22493858346665835,0.17888649940934537
E2F1,MYBL2,1,0.06129636677983421,-0.01181664010510574,0.0832810696698958
MYC,MYBL2,1,-0.015310628657255226,0.0006556539420381814,-0.024583701836640236
NCOR1,MYBL2,1,-0.06521624644558335,-0.04999911001940159,-0.07153313154588413
E2F4,MYBL2,-1,0.0025387066150354682,0.017760678965799203,-0.03656118475070379
AR,MYC,1,-0.33637805869393916,-0.5057935642885338,-0.25471830662124995
BRCA1,MYC,1,-0.0735692682665373,0.027649082497964456,-0.08726719720870461
E2F1,MYC,1,-0.04814514442096877,-0.029583795817907606,-0.05119771283799865
ESR1,MYC,1,-0.22601759645715794,-0.15996008698775074,-0.18758674354505062
EZH2,MYC,-1,0.1281775122956634,0.2710450942935309,0.0345346667904434
FOXA1,MYC,1,-0.27126880453721014,-0.5140320623363352,-0.16362200780955702
FOXM1,MYC,1,0.06445296800472398,0.2984967704174638,-0.06442147894958505
GATA3,MYC,1,-0.17878328626092466,-0.29230124900924226,-0.08580014301273815
HOXB13,MYC,-1,-0.07000709004613027,-0.14302389085359732,-0.06791896169798217
HTATIP2,MYC,1,0.26238269637896994,0.3322368772360763,0.18956238893810598
MYBL2,MYC,1,-0.015310628657255226,0.0006556539420381814,-0.024583701836640236
PGR,MYC,-1,-0.06254780449194322,-0.058983935326680476,0.011728192226284014
RB1,MYC,-1,0.24781101161436087,0.17492165812442945,0.2940392178387514
RUNX1,MYC,-1,-0.2846055319662771,-0.275073130290643,-0.25060793714341956
SMAD3,MYC,-1,-0.11974369951856446,-0.17708991657634235,-0.06610378696018118
SMAD4,MYC,-1,0.2948660615755354,0.5426017706435778,0.2090789149465216
TP53,MYC,-1,0.12219119142469105,0.2584865932275618,0.0718224923776937
HIF1A,MYC,-1,0.2916343518029367,0.14050573932782384,0.28875218095128324
E2F4,MYC,-1,0.23737205671619674,0.1333257109041432,0.21354504306080785
EP300,MYC,-1,0.20251996593326269,0.20074406581753867,0.20577904081790271
AR,NCOA3,1,0.059951193818452354,0.4146668879404469,0.03048384220044781
E2F1,NCOA3,1,0.001366482824701347,-0.043070481063089416,0.0030453978869882685
ESR1,NCOA3,1,-0.10790662934863995,0.18733054367898755,-0.04536952666791897
GATA3,NCOA3,1,-0.21344852555901273,0.18032670681356272,-0.21311719064688048
NCOR1,NCOA3,1,-0.2880330825907181,-0.20258921667534122,-0.2822904691649502
AR,NCOR1,1,0.19102826081654886,-0.06462787817107941,0.20204198711395693
ESR1,NCOR1,1,0.3110890402473849,0.06073164781478353,0.2932904381001225
AR,NDRG1,1,-0.28231921000343,-0.1855717316885342,-0.15199245270802145
MYC,NDRG1,-1,0.24012745625494838,0.2104066009372313,0.205722290648678
TP53,NDRG1,1,-0.12564687249983106,0.0022921724071320987,-0.17033458648165495
HIF1A,NDRG1,1,0.17215999249693006,0.11856432442847828,0.08441187495463258
TP53,NEK2,-1,-0.041809051541401486,0.002662403414845458,-0.037600809487085864
E2F4,NEK2,1,0.055326929510915,0.14917702884383022,-0.07958200968995044
AR,NF1,1,0.21714065528661797,0.07679973597920851,0.25318555171275064
FOXA1,NF1,1,0.2590512519117641,0.03153360956959306,0.28713430206900026
RUNX1,NF1,-1,0.2337634143866635,0.1652415086808853,0.2412133980164786
TP53,NF1,1,0.10862746712478269,-0.0025970702651797527,0.14629597097592165
TWIST1,NF1,-1,-0.22169803507016966,-0.10959984135301114,-0.2402185690509466
SMAD3,NOTCH3,1,0.10595602147252238,0.09762444135361151,0.1510540066341169
E2F1,NUSAP1,1,0.07982962083311619,0.022280097742945926,0.08336910155003016
E2F4,NUSAP1,1,0.16567178680306321,0.1594640969858414,0.01709582072244456
SMAD4,PAK1,1,-0.005061846209628915,0.1282940699699225,-0.04430868408762584
HIF1A,PAK1,1,-0.256871626520723,-0.18421454362929152,-0.2700143908426431
ESR1,PGR,1,0.4748760896664189,0.3618357472748271,0.1912708498661607
NCOR1,PGR,1,0.2797212841154152,0.029025722533366424,0.25863674977659096
TP53,PIK3CA,-1,-0.055236457100332426,-0.04654455356081179,-0.04117903270027273
HIF1A,PIK3CA,1,0.10246427203468798,0.034021156215486376,0.09011398545437325
AR,PIK3R1,1,0.23110056935508191,0.46682804295334296,0.12001160628915175
ESR1,PIK3R1,1,0.08991889168792619,0.25298397625411173,-0.06383344731475081
MYC,PIK3R1,1,-0.21854750991927438,-0.31439352018271277,-0.1731489090739354
TP53,PIK3R1,1,-0.06285016531058447,-0.07210313982246079,-0.06892078328210971
HIF1A,PIK3R1,1,-0.15362278910793278,0.045147178293516006,-0.1516340972126038
AR,PLAU,-1,-0.21107910464659144,0.07382528270507954,-0.2114115544219515
E2F1,PLAU,1,-0.00414631924512763,0.05955543875281488,-0.029867678002763513
FOXM1,PLAU,1,0.11319095120329047,-0.1546830903406208,0.05411981553608738
MYC,PLAU,1,0.015317077347236667,-0.14988933871902269,0.015061347123967717
SMAD3,PLAU,1,-0.2552390664437156,-0.19998199096198016,-0.22785129060220383
TP53,PLAU,-1,-0.010105190726330985,-0.11926059124473366,0.03703382781544324
ZEB1,PLAU,1,0.20153177539440414,0.1563652754517647,0.2617484853584556
HIF1A,PLAU,1,0.2976061166963845,0.23010342835330616,0.27915435895398816
E2F1,PLK1,1,0.029650611565128694,0.05449448290268116,0.0035899696019080236
FOXM1,PLK1,1,0.7651720179754898,0.6932166488007957,0.7062650222034845
MYBL2,PLK1,1,0.04747094861328624,0.008306977681162639,0.041374729238021664
TP53,PLK1,-1,-0.043097574031775276,0.035723207960495516,-0.03874437482214336
E2F4,PLK1,-1,0.35419994172482183,0.3277228182017853,0.18775074241602452
ESR1,PPM1D,1,-0.03773498399800208,-0.023139290997331825,-0.10458517975378141
TP53,PPM1D,1,-0.0033387184552444186,0.12964611851110058,-0.060975739150812586
DNMT3B,PRC1,1,0.5084073298788545,0.13616069675725012,0.4801035154922205
TP53,PRC1,-1,0.0009596318203713717,-0.01648957779277108,0.02679732686120026
E2F4,PRC1,1,0.21479548089310965,0.14226284404231745,0.05853847534022849
AR,PTEN,1,0.20077308416536524,0.17419265671773063,0.12494985314012601
EZH2,PTEN,1,-0.3331718822826565,-0.27545856274344105,-0.2485699580302167
MYC,PTEN,1,-0.14669423455943914,-0.15285113137474785,-0.11150169019845108
RUNX1,PTEN,1,0.27839196695342994,0.20611528169173216,0.24040481609387077
SMAD4,PTEN,1,0.22942205658482168,0.0802494878682603,0.2631095255385846
TBX3,PTEN,-1,0.24602324599250186,0.260240460268806,0.13193703317711425
TP53,PTEN,1,0.01853498333808756,-0.0124230821179863,0.012673100327049882
HIF1A,PTEN,1,-0.20025868092971288,-0.1361471378747473,-0.14833596090176304
E2F1,RACGAP1,1,0.07060523917649686,0.021559729902377617,0.07759627462892496
E2F1,RAD51,1,0.086630084093229,0.018867381254849845,0.09646973083066802
MYC,RAD51,1,-0.20889789616067422,-0.15156872168422025,-0.25567584410201516
TP53,RAD51,1,-0.18195094103044385,-0.17481710898702413,-0.18003866529657883
E2F4,RAD51,-1,0.13810513646916525,0.1667266095341206,0.04360495551838976
EP300,RAD51,1,-0.29901883501139226,-0.35468205279408677,-0.28643967006266735
DNMT3A,RASSF1,1,0.02032924140872564,0.08594241698075186,0.008029119736650055
DNMT3B,RASSF1,1,0.051872744989582886,-0.004561936799218661,0.03389780555151774
E2F1,RASSF1,1,0.031093955896125902,0.06252502416559591,0.015986051279620186
EZH2,RASSF1,1,0.0553484847418271,0.011068852711679325,0.028551853431435435
MYC,RASSF1,1,-0.07897779111145078,-0.005095505922088606,-0.11549537930372274
TP53,RASSF1,-1,-0.025270568776150908,0.0036392881033977674,-0.021770279482601775
DNMT3A,RB1,1,0.057111358152225046,-0.034402689208665675,0.05864268487129477
E2F1,RB1,1,-0.056404935530906884,-0.04492016661281509,-0.056440332711761895
MYBL2,RB1,1,-0.04185730353170748,-0.10048658919226564,-0.01845895008712062
NCOR1,RB1,1,0.2883805296918085,0.2567569704087767,0.2699953785414089
PGR,RB1,1,0.15408382726089723,0.0639481624878955,0.08191523115185162
TP53,RB1,-1,0.149416382420481,0.1433338285815231,0.1399433331962264
E2F4,RB1,-1,-0.1291961870188108,-0.1229058468448506,-0.06132078453640621
E2F4,RFC4,1,0.1362628079825724,0.09916638021469186,0.019664394429386237
E2F1,RRM2,1,-0.03220427792807089,-0.11969130443841815,-0.011922682916181771
E2F4,RRM2,-1,0.14711685411380468,0.016459630808484248,0.05102679264356551
CBFB,RUNX1,1,-0.31596368561109295,-0.2056895810132772,-0.28558207202224994
TP53,RUNX1,1,0.012390743175619988,-0.07638908811676555,0.039557139580042186
TRPS1,RUNX1,-1,-0.0995037012394908,-0.20240548421337665,-0.18943455975217302
AR,SERPINE1,1,-0.1677158315043958,0.09439240907118882,-0.22583213636066132
E2F1,SERPINE1,-1,-0.10620167222523777,-0.05418224525841776,-0.12392526591967207
ESR1,SERPINE1,1,-0.19459332553914174,-0.07967128926176584,-0.24459463674233006
MYC,SERPINE1,1,0.3008258333952419,0.1074345016023866,0.35227378649943814
PGR,SERPINE1,1,-0.11024136080688521,-0.013969347805328632,-0.11148374134462322
SMAD3,SERPINE1,1,-0.18939010643878443,-0.12198775343790391,-0.1981452656694218
SMAD4,SERPINE1,1,0.02092111003806751,-0.05049533738823001,0.036319396004060193
TP53,SERPINE1,1,0.042287486560596305,0.06746452222481106,0.027772865571175375
ZEB1,SERPINE1,-1,0.29891692321511365,0.27176079156784105,0.3240176556123967
HIF1A,SERPINE1,1,0.3348856701031047,0.30703038750392264,0.33741992487748323
DNMT3A,SFRP1,1,0.051688891429830186,-0.06805316598623422,0.10733179091873545
EZH2,SFRP1,1,-0.06545788472656618,0.13810097934565252,-0.29709046941164274
MYC,SFRP1,-1,0.3521690664134536,0.5105864762736407,0.25989885393763673
RUNX1,SFRP1,1,0.046367295164406346,0.006018367958495895,0.14865344452064402
ESR1,SIAH2,1,0.5401959520703693,0.0278553515277521,0.37284621806148094
NCOR1,SIAH2,1,0.23811115076207232,0.13572877071247344,0.19597627278543941
AR,SLC39A6,1,0.28845387351266283,0.20575953561859414,0.09904246017699074
AR,SMAD3,-1,0.22570227174762056,0.019131034962232975,0.20538570677674756
ARID1A,SMAD3,1,-0.03212252181019113,-0.02572688547537163,-0.0853045624537181
TP53,SMAD3,1,-0.057971472742567746,-0.03462445517448293,-0.07563572795297742
HIF1A,SMAD4,1,0.12871897916179292,0.08282498836481773,0.13912633516222986
ESR1,STC2,1,0.5579774800523903,0.2260285482830967,0.38371917183279863
HIF1A,STC2,1,-0.34329504152411094,-0.09657360503088869,-0.3004604036837264
MYC,TBX3,1,-0.012807791984056578,-0.08896353559876835,0.08595406667502194
TP53,TBX3,1,-0.0034098013630633928,0.007026451383433741,-0.028212486137105627
AR,TGFB1,1,-0.027590380392560725,-0.0003788176241287353,-0.036531761454549914
E2F1,TGFB1,1,0.03935815520298917,0.04148524584774296,0.04437582033441508
FOXC1,TGFB1,1,-0.007010163338891629,-0.07812961677435433,0.004620128066928897
HTATIP2,TGFB1,1,0.03853026822819326,0.1381247794680429,0.004108656901730674
MYC,TGFB1,1,-0.0663335448527486,-0.06627842571855465,-0.07354723379692259
SMAD3,TGFB1,1,-0.02273616363270515,-0.026551802557371336,-0.012104936433304628
SMAD4,TGFB1,1,-0.034010936419468424,-0.07071454485584062,-0.018168097824163253
TP53,TGFB1,1,-0.025182840391255738,-0.08278892696609802,-0.010590892470877111
ZEB1,TGFB1,1,-0.02196445091644834,-0.019291221471276404,-0.01916306373493053
HIF1A,TGFB1,1,-0.0409264217542996,-0.019119924362119498,-0.04751517188046736
E2F1,TOP2A,1,0.06774422472260805,-0.023159817757026493,0.082508469086686
AR,TP53,1,0.050601291675966956,-0.12089726796897006,0.12486063237919602
E2F1,TP53,1,-0.029981153196437217,-0.004401320982635036,-0.038158154251323156
ESR1,TP53,-1,0.04499052796598969,0.045136256029618564,0.0415419517343603
EZH2,TP53,-1,0.04728390119221909,0.14165755308608113,0.047163686794112966
FOXM1,TP53,-1,-0.011813831219558667,0.02330388021070553,0.0045639140903289705
MYBL2,TP53,1,-0.020206500104883212,0.004285099526006805,-0.02075871421949905
MYC,TP53,1,0.12219119142469105,0.2584865932275618,0.0718224923776937
NCOA3,TP53,1,-0.15884793578561787,-0.11909852247439405,-0.1745249387332126
RUNX1,TP53,1,0.012390743175619988,-0.07638908811676556,0.03955713958004219
TBX3,TP53,-1,-0.0034098013630633928,0.007026451383433742,-0.028212486137105627
TWIST1,TP53,-1,-0.03688927084252179,-0.03547462665313897,-0.040597793151695274
ZNF395,TP53,1,0.1347328567723046,0.12251054103491134,0.13874822841442327
HIF1A,TP53,1,0.09031447592481191,0.10575419573500358,0.08639633781708335
EZH2,TWIST1,-1,-0.11004376393332911,-0.25596462691735533,-0.12715469426281312
TP53,TWIST1,1,-0.03688927084252179,-0.03547462665313897,-0.040597793151695274
HIF1A,TWIST1,1,0.28235363931223156,0.09722462167971799,0.3357556509155985
AR,UBE2C,1,-0.22476115347273323,-0.36098555404433363,-0.039370082502502284
FOXA1,UBE2C,1,-0.3192924332901135,-0.38594061002411334,-0.09927071654562848
MYC,UBE2C,1,0.0883414796221195,0.1869719404822858,0.0006147313238768665
NCOA3,UBE2C,1,0.3763252662636491,-0.09043694405632623,0.4504736172731308
E2F4,UBE2C,1,0.29099973550640074,0.2214474846560331,0.13082394509456924
AR,VEGFA,1,-0.03404729508332707,0.03248283959632423,0.08565082280675311
BRCA1,VEGFA,1,0.09299526678792908,0.06596937522806089,0.1245026993616748
DNMT3A,VEGFA,1,-0.09963453089480702,-0.23056312563058284,-0.0325973163164225
E2F1,VEGFA,-1,0.03455538329378194,-0.035293717309557576,0.026937540191448096
ESR1,VEGFA,1,-0.20003798027844708,-0.23336620329722196,0.02807691294941933
FOXM1,VEGFA,1,0.27234040786110664,0.11266593695208263,0.16659397823896804
HTATIP2,VEGFA,-1,0.05268782850632083,0.017087215831695,-0.05661404410503118
MYC,VEGFA,1,-0.03743347613272775,-0.02473623581606132,-0.08664408427775269
PGR,VEGFA,-1,-0.24487992900147865,-0.12583346717950217,-0.09589133489405223
RB1,VEGFA,1,-0.1239491766150606,-0.08003622328394121,-0.0797024096993877
RUNX1,VEGFA,-1,0.020345347768107737,0.09440517705506506,0.08871379491533611
SMAD3,VEGFA,1,-0.11417756715299435,-0.23895459628344237,0.018475591423750153
SMAD4,VEGFA,-1,-0.1509524939964894,-0.08033642554766099,-0.1474806137851326
TP53,VEGFA,-1,-0.09798121463982103,-0.016840743454505546,-0.11166097221022317
TWIST1,VEGFA,1,-0.031823679959728964,0.0057011133976065135,-0.06628736769066221
TRPS1,VEGFA,1,-0.15947112446900782,0.014666681604391267,-0.06823607488966754
HIF1A,VEGFA,1,0.042074289145685784,0.09206381980252444,-0.056505869896004604
EP300,VEGFA,1,-0.08634440784721428,0.023682503305495244,-0.10654838428955642
DNMT3A,WIF1,1,0.015730181408967245,-0.07387740964915236,0.036717811793956105
DNMT3B,WIF1,1,-0.07247939873153225,-0.15736596707553163,-0.09893192561518523
ESR1,WIF1,1,-0.1345796657549418,-0.02128310073428635,-0.10487491859969642
MYC,WIF1,1,0.13113726461586062,0.21752989549533705,0.08136543933268534
MYC,XRCC4,1,-0.03358615841308725,-0.07299244699562978,-0.009010505428691837
E2F1,ZEB1,1,-0.057132681952273,-0.03158300986894458,-0.050734610209913426
ESR1,ZEB1,1,-0.0379318251895541,0.11299341445699357,-0.23983878521101448
GATA3,ZEB1,1,0.017126881679082096,0.07298176722733049,-0.1469688526971574
PGR,ZEB1,1,0.1326443059082686,0.21386508248707634,0.030651238960476467
TWIST1,ZEB1,1,0.374991141959475,0.3168814992803215,0.40625198358798925
EP300,ZEB1,1,0.09073515877986474,0.17707268955467234,0.06053347509345473
AR,TRPS1,1,0.12920649224541728,-0.20476805684821928,0.07371508194615457
ESR1,TRPS1,1,0.4111980652560691,-0.017068786203245045,0.30070131335863787
MYC,CCT3,1,0.07985646472118965,0.2324057007377041,0.011363665242443997
TP53,BNIP3L,1,0.10985146482942329,0.06278174429915076,0.11437687910921836
HIF1A,BNIP3L,1,0.15066913291908937,0.4418192459874964,0.1703947376896278
E2F1,SIAH1,1,-0.0026681609266714125,-0.050944379452586765,0.006574140436355296
TP53,SIAH1,1,0.05883707742240808,0.10297871271112173,0.05320579314719817
TP53,CDC42BPA,1,-0.021837391525199007,-0.12488462968472155,0.01986509263924621
DNMT3B,DLC1,1,0.12904261147559268,0.13932993249025366,0.21281619230491675
ESR1,DLC1,1,0.1440257841525882,0.23270731051004268,0.044298548143620504
ESR1,RNF115,1,0.16073867898734273,0.007820738873141084,0.15779438435948573
MYC,NIT1,1,-0.3329366135488211,-0.3365861610905343,-0.32203948110388714
AR,CCAR2,1,0.22064442769198817,0.07876670770008107,0.24770015498911865
ESR1,CCAR2,1,0.1241882831287046,0.0910601783460382,0.11937757836596787
TP53,CCAR2,1,0.05039744111056154,0.026039390997231578,0.06738887990091709
E2F1,RNF2,1,0.041183705449049125,0.07979734406726875,0.026725468798163128
AR,BTG2,-1,0.22755409179743089,0.14812295723234312,0.049741486130623895
ESR1,BTG2,-1,0.358662970943677,0.36636090417022765,0.021575992142594667
FOXM1,BTG2,1,-0.48142383656586235,-0.2811164505304766,-0.352679913984263
TP53,BTG2,1,0.09513629411614305,0.10055526424681462,0.0839731683439501
HIF1A,BTG2,1,-0.07317787655249938,0.022466465524029557,0.05791846287829454
CNOT7,PMP22,1,0.237916999529452,0.049262834305506265,0.2296740305961253
MYC,RGS2,1,0.335551913724502,0.2915582722649588,0.32101148685676684
PITX2,RGS2,1,0.26653585815879804,0.14099407691735852,0.2946025748102233
MYC,PEX19,-1,-0.021863443536292528,0.07198477190844299,0.032065625743735685
FOXA1,LOXL2,1,0.022080040156132495,-0.019968442335015924,0.01688585113366604
SMAD3,ITGA11,1,-0.09865013387795239,-0.0767557523938245,-0.13377098543780316
MYC,IER3,-1,-0.025810411083956545,-0.12649736774881395,0.054682630491554925
RUNX1,IER3,1,0.06195133969421033,0.07377084024378557,0.0006397045938081772
TP53,IER3,1,-0.007136201906094072,-0.03928001541240756,-0.025238038054980053
ESR1,LDLR,1,-0.08695539470549618,0.03003988789173879,0.0075827725799250765
TP53,CSNK2A2,1,-0.02585856308699955,0.11360059304187256,-0.05951118867437947
ESR1,MICB,1,-0.06256933059319687,0.024675916182674278,-0.1068561395334751
E2F1,DUSP1,1,-0.1138685145662106,-0.06879217135126463,-0.11625661025635481
MYC,DUSP1,-1,0.3698741005206421,0.15486817395208768,0.46161283068650294
PGR,DUSP1,1,0.0929663987225248,0.1443358272340015,-0.0035292660192261602
TP53,DUSP1,1,-0.00060883626694807,0.06265590369277248,-0.034910021749451556
FOXA1,UCP2,-1,-0.04394355131811127,0.4794400870296322,-0.14811447830296176
SMAD4,UCP2,1,-0.331250562964116,-0.46634651779209424,-0.2840838707260123
HIF1A,UCP2,1,0.01303728977551611,-0.028001721327180953,0.023519564143981587
AR,MAPT,1,0.44362813243763666,0.5372691416503591,0.295839952027094
BRCA1,HIF1A,1,-0.14065611975368303,-0.0539202654780995,-0.15008094374226527
MYC,HIF1A,-1,0.2916343518029367,0.14050573932782384,0.28875218095128324
TP53,HIF1A,-1,0.09031447592481191,0.10575419573500358,0.08639633781708335
MYC,NID1,1,0.29184013703804945,0.18604453443373584,0.32118924468366417
TP53,E2F4,1,-0.027761647317879626,0.08318687903512116,-0.05212171227699003
MYC,SLC25A3,1,0.36543955491478336,0.34819956924939044,0.3980151589567449
ESR1,PKIB,1,0.5124245595272527,0.13700996726442116,0.3839059094625734
MYC,RAD50,1,-0.1694115665029519,-0.09886763056800658,-0.12531273232865275
E2F1,MCPH1,1,-0.02891725109041006,0.04541414413855077,-0.0457426966264607
MYC,TFRC,1,0.11076967371747568,0.13153180319492566,0.05455887943671092
TP53,TFRC,1,-8.767247561449452e-05,-0.08806724483994485,0.03620619795723995
HIF1A,TFRC,1,0.24846222782087765,0.10815819038674371,0.1861717283224551
MYC,RPS12,1,0.3123517217013659,0.3458056261432325,0.2845376406702013
ZBTB4,RPS12,1,-0.08802667069704757,-0.03321223299765844,-0.0947373982774294
AR,GAS6,1,-0.04233267893709711,0.0705981217837791,-0.10562009399061267
ESR1,GAS6,1,-0.07235089216391777,0.1064155705240126,-0.22329187837218062
EZH2,DACT3,-1,-0.4713658369933921,-0.49953946097518415,-0.42356911236294964
MYC,LBR,1,0.26810365680237613,0.39219857175831585,0.19014969500946496
AR,EP300,1,0.1766533799195314,0.1493754219555989,0.202924439991766
BRCA1,EP300,1,-0.11879050127898476,-0.055284565103515024,-0.14190235203869056
ESR1,EP300,1,0.06242027558380064,0.05850105457487945,0.08983059516937356
MYC,EP300,1,0.20251996593326269,0.20074406581753867,0.2057790408179027
NCOA3,EP300,1,-0.04762969776087732,-0.07192137423994648,-0.039368573396164
MYC,SHMT1,1,-0.031037586398682412,0.08800274742245914,-0.05702449418126848
MYC,PRKCQ,1,0.15825741827144246,0.14687706102647266,0.11504450655379007
RUNX1,PRKCQ,1,-0.2630681806246459,-0.2414332688881678,-0.2231216118977297
RUNX1,LGALS3,1,-0.038343138835331685,-0.04815301648184317,-0.023431030556309195
HIF1A,LGALS3,1,0.25552745943103383,0.25127335282914365,0.24973186575503095
HIF1A,WSB1,1,0.2037044336541087,0.24621156199971317,0.18522483399872197
MYC,ESD,1,0.33339264882324865,0.38439868006301753,0.3456188804481501
TP53,CACYBP,1,0.12590934041329183,0.12650267988863728,0.1294385952494278
ESR1,SERINC1,1,0.27590165010478385,0.09386154205367736,0.16948491640495802
