gene,null,rho_pred
RASSF1,real,-0.23041026628018893
SCGB3A1,real,-0.33842931196403936
CDKN2A,real,-0.22400434802630487
PYCARD,real,-0.3919352522636921
APC,real,-0.09859989731677474
GSTP1,real,-0.3491243897316926
SFRP1,real,-0.12886754004385212
SFRP2,real,-0.11053976263562991
SFRP4,real,-0.16338183591443223
WIF1,real,-0.18926305627353984
CDH1,real,-0.44276166704899633
RARRES1,real,-0.22191518891555836
ID4,real,-0.22187342049250355
CCND2,real,-0.20028918200201287
TWIST1,real,-0.17280068910909893
CCND1,real,-0.32762058866369265
MDM2,real,-0.2782962136007527
AURKA,real,-0.07405320020221653
PPM1D,real,-0.1419397281356087
FGF3,real,-0.4987059681871261
FGF19,real,-0.462496878014031
KRT19,real,-0.3324078698305011
MAL2,real,-0.2586889646043241
CA12,real,-0.48671843077038723
PITX2,real,-0.24658261594886036
PIP,real,-0.7293398357426792
ARID1B,real,-0.15728010395000408
RSAD1,real,-0.45110856244632275
COL1A1,real,-0.07221597995420721
BIRC5,real,-0.0925146956008546
ERBB2,real,-0.39517518308665966
CHEK2,real,-0.08057010733997778
ZNF83,real,-0.38968300443395054
ACTR3B,real,-0.43613805118378407
STC2,real,-0.5810821539473232
GIT1,real,-0.2285334914831383
NDRG1,real,-0.41978977232683923
LAMB3,real,-0.14737818344559006
AKT2,real,-0.44836940992521057
ALDH3B2,real,-0.7475201691416018
TGFB1,real,-0.21376045778260439
STC1,real,-0.5078197495427315
FSCN1,real,-0.1629315339400848
KCTD3,real,-0.19764463569707788
F12,real,-0.23674652129844795
SMAD4,real,-0.18138476420907246
PPP1R2,real,-0.24579691208837173
S100A4,real,-0.1560561268037363
LMO1,real,-0.4668230829690008
PRRX1,real,-0.058447602281003
ETV3,real,-0.09197864290638402
IL17RB,real,-0.3685070043115506
SND1,real,-0.3358302238721817
MIA,real,-0.4306674209048064
CCNB2,real,-0.02643970697691507
RGS2,real,-0.15535787093987605
ERBB3,real,-0.3567147305828031
GABRP,real,-0.17988464317751984
SERPINB9,real,-0.1573450442544003
RPRD2,real,-0.1543234014091645
CAPN8,real,-0.5559946812178584
FMOD,real,-0.4716403252307921
CHAD,real,-0.7695057091949411
NME3,real,-0.1180977809261432
ANLN,real,-0.09637967686418558
ESR1,real,-0.48258468521236625
MDFIC,real,-0.14074814736114502
BNIPL,real,-0.5517214615969864
RAB25,real,-0.27483932315454557
SQLE,real,-0.16107453641755481
ISM1,real,-0.18438028334094883
RASSF1,permute_readout_gene,0.0019992758260169094
SCGB3A1,permute_readout_gene,0.01197395898945603
CDKN2A,permute_readout_gene,0.002001194516609773
PYCARD,permute_readout_gene,0.0036351811301791217
APC,permute_readout_gene,-0.002059935973768169
GSTP1,permute_readout_gene,-0.0026822559592586965
SFRP1,permute_readout_gene,0.000941339230543339
SFRP2,permute_readout_gene,0.0040863686541319265
SFRP4,permute_readout_gene,0.0031213409719857235
WIF1,permute_readout_gene,0.006310131304899642
CDH1,permute_readout_gene,-0.0029236420222378498
RARRES1,permute_readout_gene,0.004239421144265737
ID4,permute_readout_gene,-0.0008347780946931836
CCND2,permute_readout_gene,0.0005733195737607178
TWIST1,permute_readout_gene,0.0044056830831623916
CCND1,permute_readout_gene,0.00236995213171907
MDM2,permute_readout_gene,-0.002399175268700566
AURKA,permute_readout_gene,0.005102979601134516
PPM1D,permute_readout_gene,-0.0003504562563765799
FGF3,permute_readout_gene,0.0007602443362384352
FGF19,permute_readout_gene,0.000900825336194759
KRT19,permute_readout_gene,0.0016913997465047824
MAL2,permute_readout_gene,-0.0017415808910070777
CA12,permute_readout_gene,0.009169128205943075
PITX2,permute_readout_gene,0.002417993197552763
PIP,permute_readout_gene,0.0025372472110803605
ARID1B,permute_readout_gene,0.0015970887133442257
RSAD1,permute_readout_gene,0.0038869724013153614
COL1A1,permute_readout_gene,0.00042299752818081055
BIRC5,permute_readout_gene,0.0015327387753516111
ERBB2,permute_readout_gene,-0.0030598690702039397
CHEK2,permute_readout_gene,0.0008057025493157867
ZNF83,permute_readout_gene,0.003939367419635036
ACTR3B,permute_readout_gene,0.0008787603917615304
STC2,permute_readout_gene,-0.001250248451228069
GIT1,permute_readout_gene,-0.004447082527219511
NDRG1,permute_readout_gene,0.0019688719562280803
LAMB3,permute_readout_gene,0.004436013156665193
AKT2,permute_readout_gene,0.00156912010514534
ALDH3B2,permute_readout_gene,-0.0014239637654879483
TGFB1,permute_readout_gene,-0.0038100771772462054
STC1,permute_readout_gene,0.0012041998717471157
FSCN1,permute_readout_gene,0.002743137494336547
KCTD3,permute_readout_gene,0.0009155844962864238
F12,permute_readout_gene,-0.0007636389430591465
SMAD4,permute_readout_gene,0.004277942552100765
PPP1R2,permute_readout_gene,0.005079733924548722
S100A4,permute_readout_gene,0.001982450383295411
LMO1,permute_readout_gene,0.0009888637260332977
PRRX1,permute_readout_gene,0.0025612308467874
ETV3,permute_readout_gene,0.0003077284879112104
IL17RB,permute_readout_gene,0.0012201397646443687
SND1,permute_readout_gene,0.0029702809681224043
MIA,permute_readout_gene,0.002960170943784744
CCNB2,permute_readout_gene,0.0036607882733360707
RGS2,permute_readout_gene,0.002745129981549673
ERBB3,permute_readout_gene,0.005662646951749183
GABRP,permute_readout_gene,-0.0015554678818902868
SERPINB9,permute_readout_gene,0.00016537638882710372
RPRD2,permute_readout_gene,-0.000804448020796188
CAPN8,permute_readout_gene,-0.001974775620048585
FMOD,permute_readout_gene,2.25815149377753e-05
CHAD,permute_readout_gene,0.00044794050873299374
NME3,permute_readout_gene,0.0013114989656017734
ANLN,permute_readout_gene,0.0060580448505616015
ESR1,permute_readout_gene,-0.005588408376496235
MDFIC,permute_readout_gene,0.003080089119192371
BNIPL,permute_readout_gene,0.002480424444733671
RAB25,permute_readout_gene,0.0027329536738744135
SQLE,permute_readout_gene,-0.000970119592718935
ISM1,permute_readout_gene,0.004037589630476271
RASSF1,permute_graph,-0.2076371774444448
SCGB3A1,permute_graph,-0.33882057729802656
CDKN2A,permute_graph,-0.2724687068307977
PYCARD,permute_graph,-0.35383920342245884
APC,permute_graph,-0.09856801752018737
GSTP1,permute_graph,-0.35794948191593656
SFRP1,permute_graph,-0.13523449411509844
SFRP2,permute_graph,-0.14893224922357404
SFRP4,permute_graph,-0.19343989857902377
WIF1,permute_graph,-0.2202559641382351
CDH1,permute_graph,-0.4745797595543263
RARRES1,permute_graph,-0.20990964532350967
ID4,permute_graph,-0.1752766858249915
CCND2,permute_graph,-0.18955218824045245
TWIST1,permute_graph,-0.18682233396944836
CCND1,permute_graph,-0.3433162174614555
MDM2,permute_graph,-0.306485766597944
AURKA,permute_graph,-0.19011643090994648
PPM1D,permute_graph,-0.17528923109188213
FGF3,permute_graph,-0.5583152639588168
FGF19,permute_graph,-0.409164357794811
KRT19,permute_graph,-0.35234011553211253
MAL2,permute_graph,-0.283316394313782
CA12,permute_graph,-0.471337762448946
PITX2,permute_graph,-0.27678118581750916
PIP,permute_graph,-0.7248235328344642
ARID1B,permute_graph,-0.1976589520823652
RSAD1,permute_graph,-0.45804020198261436
COL1A1,permute_graph,-0.12408335830066267
BIRC5,permute_graph,-0.25372044095160995
ERBB2,permute_graph,-0.4732151276124003
CHEK2,permute_graph,-0.17787459316485604
ZNF83,permute_graph,-0.38666003326430665
ACTR3B,permute_graph,-0.38702207546131556
STC2,permute_graph,-0.5991469231227408
GIT1,permute_graph,-0.2260518863055974
NDRG1,permute_graph,-0.4379498856764385
LAMB3,permute_graph,-0.2127066537521749
AKT2,permute_graph,-0.36797154198348364
ALDH3B2,permute_graph,-0.6915157982219057
TGFB1,permute_graph,-0.257182201950731
STC1,permute_graph,-0.475556077994283
FSCN1,permute_graph,-0.18336381998554716
KCTD3,permute_graph,-0.1605468964443356
F12,permute_graph,-0.23641842516964615
SMAD4,permute_graph,-0.17676190010501575
PPP1R2,permute_graph,-0.23554364975110895
S100A4,permute_graph,-0.16564485793103947
LMO1,permute_graph,-0.4372123704467387
PRRX1,permute_graph,-0.07920119524162571
ETV3,permute_graph,-0.09690908792606585
IL17RB,permute_graph,-0.3193073441863232
SND1,permute_graph,-0.348815332919407
MIA,permute_graph,-0.4136657540306751
CCNB2,permute_graph,-0.09019426045149706
RGS2,permute_graph,-0.16423698165004966
ERBB3,permute_graph,-0.3444841097993811
GABRP,permute_graph,-0.1777668512961987
SERPINB9,permute_graph,-0.15611014532966588
RPRD2,permute_graph,-0.1370166626959719
CAPN8,permute_graph,-0.5510223201835208
FMOD,permute_graph,-0.5267395168621656
CHAD,permute_graph,-0.7331723468432624
NME3,permute_graph,-0.11937843324715679
ANLN,permute_graph,-0.17844237805352026
ESR1,permute_graph,-0.49623144740642844
MDFIC,permute_graph,-0.1443997849394181
BNIPL,permute_graph,-0.5685587114277146
RAB25,permute_graph,-0.3263932169106042
SQLE,permute_graph,-0.14929451279168204
ISM1,permute_graph,-0.1620194178465198
RASSF1,shuffle_methy_patients,-0.20638132051238248
SCGB3A1,shuffle_methy_patients,-0.31621500492930443
CDKN2A,shuffle_methy_patients,-0.2014530893667142
PYCARD,shuffle_methy_patients,-0.3656720648814808
APC,shuffle_methy_patients,-0.08920628227506916
GSTP1,shuffle_methy_patients,-0.35206116740641064
SFRP1,shuffle_methy_patients,-0.1189028931090554
SFRP2,shuffle_methy_patients,-0.09830663279499263
SFRP4,shuffle_methy_patients,-0.14291442306795557
WIF1,shuffle_methy_patients,-0.16633248719963487
CDH1,shuffle_methy_patients,-0.39947703547810637
RARRES1,shuffle_methy_patients,-0.2027516002714367
ID4,shuffle_methy_patients,-0.20131265598049322
CCND2,shuffle_methy_patients,-0.18374814851429205
TWIST1,shuffle_methy_patients,-0.14537315154735686
CCND1,shuffle_methy_patients,-0.30560553029017345
MDM2,shuffle_methy_patients,-0.27185192153063453
AURKA,shuffle_methy_patients,-0.07050613125777501
PPM1D,shuffle_methy_patients,-0.13609222271862845
FGF3,shuffle_methy_patients,-0.4577475278380287
FGF19,shuffle_methy_patients,-0.40662873409134054
KRT19,shuffle_methy_patients,-0.3037253608863021
MAL2,shuffle_methy_patients,-0.2324167741198717
CA12,shuffle_methy_patients,-0.4192875181089748
PITX2,shuffle_methy_patients,-0.19910402144678194
PIP,shuffle_methy_patients,-0.699142003832035
ARID1B,shuffle_methy_patients,-0.14747662704339068
RSAD1,shuffle_methy_patients,-0.40538645558656117
COL1A1,shuffle_methy_patients,-0.06686785070397698
BIRC5,shuffle_methy_patients,-0.0920381223215469
ERBB2,shuffle_methy_patients,-0.3729183696708654
CHEK2,shuffle_methy_patients,-0.06686607960476616
ZNF83,shuffle_methy_patients,-0.35881746812083243
ACTR3B,shuffle_methy_patients,-0.39309753612078346
STC2,shuffle_methy_patients,-0.5430085390294268
GIT1,shuffle_methy_patients,-0.22887295216520942
NDRG1,shuffle_methy_patients,-0.39230511681554875
LAMB3,shuffle_methy_patients,-0.13313633191669705
AKT2,shuffle_methy_patients,-0.41228872439427355
ALDH3B2,shuffle_methy_patients,-0.7455499688611812
TGFB1,shuffle_methy_patients,-0.19466417090849333
STC1,shuffle_methy_patients,-0.4888940785592614
FSCN1,shuffle_methy_patients,-0.13155031257342037
KCTD3,shuffle_methy_patients,-0.18076244424366195
F12,shuffle_methy_patients,-0.20772307575616888
SMAD4,shuffle_methy_patients,-0.17128256190223645
PPP1R2,shuffle_methy_patients,-0.23298692044870975
S100A4,shuffle_methy_patients,-0.12430754994243051
LMO1,shuffle_methy_patients,-0.43229579903754156
PRRX1,shuffle_methy_patients,-0.04757851401588805
ETV3,shuffle_methy_patients,-0.079046519243882
IL17RB,shuffle_methy_patients,-0.34683273494451067
SND1,shuffle_methy_patients,-0.3122794748912928
MIA,shuffle_methy_patients,-0.3928391032276067
CCNB2,shuffle_methy_patients,-0.023408618269221658
RGS2,shuffle_methy_patients,-0.13001004662642285
ERBB3,shuffle_methy_patients,-0.3131368345352
GABRP,shuffle_methy_patients,-0.1689836751266104
SERPINB9,shuffle_methy_patients,-0.15360463031277913
RPRD2,shuffle_methy_patients,-0.1473247552860641
CAPN8,shuffle_methy_patients,-0.525396580885572
FMOD,shuffle_methy_patients,-0.44216008368372595
CHAD,shuffle_methy_patients,-0.7426717850520207
NME3,shuffle_methy_patients,-0.10989316383208485
ANLN,shuffle_methy_patients,-0.08068906617030358
ESR1,shuffle_methy_patients,-0.4386153762048988
MDFIC,shuffle_methy_patients,-0.12093375353744618
BNIPL,shuffle_methy_patients,-0.5045717011817143
RAB25,shuffle_methy_patients,-0.24000873845315154
SQLE,shuffle_methy_patients,-0.15450183965465322
ISM1,shuffle_methy_patients,-0.15654627851032685
