gene,rho_pred,rho_pred_lo,rho_pred_hi,Delta,Delta_lo,Delta_hi,rho_obs,rho_minus_obs,curated_flag,n
ACTR3B,-0.43613805118378407,-0.4752007794823309,-0.40296625089242327,-0.42114099860191345,-0.4427367873489857,-0.399443794041872,-0.15000638382084447,-0.2861316673629396,0,335
AGR2,-0.6853336288349867,-0.716052787946989,-0.651430804641387,-0.454039603471756,-0.4715522602200508,-0.4360318310558796,-0.43124241921274725,-0.25409120962223947,0,335
AKT1,-0.5471092241287332,-0.5852529670506554,-0.5097922632332796,-0.6704573631286621,-0.704093337059021,-0.6376657441258431,-0.26635343385723226,-0.28075579027150094,0,335
AKT2,-0.44836940992521057,-0.48725071508824114,-0.417852081670245,-0.5033698081970215,-0.5222650453448295,-0.48514338582754135,-0.11162334180253566,-0.33674606812267494,0,335
ALDH1A3,-0.18043840686409848,-0.20076516543885853,-0.1658345384492622,-0.30781951546669006,-0.3207636818289757,-0.29449560269713404,-0.0680580790491045,-0.11238032781499398,0,335
ANLN,-0.09637967686418558,-0.11064281278843481,-0.0870171973929695,-0.15277796983718872,-0.16571383327245712,-0.13915956318378447,-0.10288261430231223,0.006502937438126646,0,335
AP2B1,-0.19557864846767278,-0.2168139951146096,-0.18060695083782805,-0.28764352202415466,-0.29831433296203613,-0.27824375256896017,-0.05751918338163759,-0.1380594650860352,0,335
APC,-0.09859989731677474,-0.11150166030457542,-0.09147496970482984,-0.17699909210205078,-0.1845971591770649,-0.16942264027893544,-0.033596453149138825,-0.06500344416763591,1,335
AR,-0.5870075139486752,-0.6218684514879699,-0.5531982633757587,-0.45488059520721436,-0.47734893709421156,-0.4348026983439922,-0.13305176425281923,-0.453955749695856,0,335
ARID1A,-0.11888710080775906,-0.13541649446413728,-0.10818844259913495,-0.18350373208522797,-0.19223366528749466,-0.17409145422279834,-0.03166151705118548,-0.08722558375657358,0,335
ARID1B,-0.15728010395000408,-0.17585322530435182,-0.144083719774825,-0.2442430555820465,-0.257137855142355,-0.23199720084667205,-0.06696340793891961,-0.09031669601108447,0,335
ASPM,-0.06271831284465963,-0.07348998022391832,-0.05574154690580035,-0.10991400480270386,-0.11999302357435226,-0.09905955195426941,-0.031121764998787074,-0.031596547845872555,0,335
ATM,-0.13152035147843757,-0.14872612880304986,-0.12189563307126747,-0.2262825220823288,-0.23308445364236832,-0.21973508447408677,0.08261111040179768,-0.21413146188023524,0,335
AURKA,-0.07405320020221653,-0.08760326990590027,-0.06502846170435404,-0.11932641267776489,-0.13137702643871307,-0.10591942369937897,0.06691010303486843,-0.14096330323708495,0,335
AURKB,-0.06477455902840529,-0.07959936513846567,-0.05211447256973161,-0.07035839557647705,-0.08421595394611359,-0.05715848207473755,-0.07863909707237977,0.013864538043974486,0,335
AZGP1,-0.5000248467327729,-0.5329194286606991,-0.47162228300316866,-0.5207196474075317,-0.5441426664590836,-0.49893915727734567,-0.15174565580991536,-0.34827919092285753,0,335
BAG1,-0.3608030179277467,-0.3948986126569154,-0.33327657905404623,-0.37801849842071533,-0.39313130378723143,-0.36222451850771903,-0.10121356434253032,-0.2595894535852164,0,335
BBC3,-0.20519187980072542,-0.2288684246138345,-0.18773049852150517,-0.32804518938064575,-0.33887327313423155,-0.31667026206851007,-0.06353306180815342,-0.14165881799257202,0,335
BCL2,-0.23579226782863583,-0.2589873067241531,-0.21821544676984433,-0.2742055654525757,-0.2845624268054962,-0.26404512152075765,-0.14171220458869044,-0.09408006323994539,0,335
BIRC5,-0.0925146956008546,-0.10738833757728862,-0.08331460599091244,-0.14365613460540771,-0.15497806966304778,-0.13166629374027253,-0.09856173302875089,0.006047037427896293,0,335
BLVRA,-0.5950549460529099,-0.6340498409439947,-0.5632192273414005,-0.5626133680343628,-0.5845070034265518,-0.5421801909804345,-0.32818520741033924,-0.26686973864257063,0,335
BRCA1,-0.16719988303812705,-0.18774588297624376,-0.15405635990477226,-0.2763008177280426,-0.2896366536617279,-0.2644324705004692,-0.07942511768974696,-0.0877747653483801,0,335
BRCA2,-0.09917247893253085,-0.11367340197228634,-0.0900288415822369,-0.1441468894481659,-0.15272763557732105,-0.13576416298747063,0.037980222923023894,-0.13715270185555475,0,335
BRD4,-0.2830071161450733,-0.3101424214969166,-0.26116655569496994,-0.3332933485507965,-0.34844043254852297,-0.31685675755143167,0.09493858764347639,-0.3779457037885497,0,335
BUB1,-0.06566409360703257,-0.07757691601466751,-0.05685079524516057,-0.10324865579605103,-0.11459504812955856,-0.09105098843574524,0.14869037101891983,-0.2143544646259524,0,335
BUB1B,-0.0479525111325699,-0.05924807274471239,-0.04049847215760292,-0.07406896352767944,-0.08482642471790314,-0.06320092380046845,-0.18157597385186985,0.13362346271929995,0,335
CA12,-0.48671843077038723,-0.5217401888669086,-0.45487164272461655,-0.37761956453323364,-0.3913655921816826,-0.3639713548123837,-0.30112131813132803,-0.1855971126390592,0,335
CBFB,-0.159261816375295,-0.17992741853147742,-0.1441628567122388,-0.199622243642807,-0.21465181075036527,-0.1840713307261467,-0.08107643987079147,-0.07818537650450352,0,335
CCNB1,-0.06551074593369695,-0.0773545968619134,-0.057376631745779186,-0.10681867599487305,-0.11828620731830597,-0.0944115936756134,0.12260479041916168,-0.18811553635285863,0,335
CCNB2,-0.02643970697691507,-0.036623024904642025,-0.01693129531328201,-0.03896820545196533,-0.0513490840792656,-0.026768603920936586,-0.04193595750928846,0.015496250532373392,0,335
CCND1,-0.32762058866369265,-0.3568808076919088,-0.3011314493903218,-0.3432280421257019,-0.35661102905869485,-0.3307544946670532,-0.3296202903361721,0.001999701672479426,0,335
CCNE2,-0.06890874736122898,-0.07992146765212799,-0.06319198993534143,-0.12005928158760071,-0.1295289307832718,-0.1106268048286438,-0.1490756227417234,0.08016687538049441,0,335
CD44,-0.3345991623290706,-0.3646361800619188,-0.3093612051536093,-0.37314340472221375,-0.38571651577949523,-0.35998020097613337,-0.11323781009409754,-0.22136135223497305,0,335
CDC20,-0.06842258062786277,-0.08227001948832165,-0.05855465897832651,-0.09011512994766235,-0.10385331809520722,-0.0778426095843315,-0.07450397712038609,0.006081396492523317,0,335
CDC6,-0.1079521866886425,-0.12330601951975134,-0.09794782978414474,-0.17645126581192017,-0.19060235023498534,-0.16296377927064895,-0.17681988183706326,0.06886769514842077,0,335
CDCA7,-0.2546406745832245,-0.2830749787537099,-0.23197324962620552,-0.23129135370254517,-0.24340609312057496,-0.2197802372276783,-0.45639180062050744,0.20175112603728296,0,335
CDH1,-0.44276166704899633,-0.48245508461353437,-0.4078120981820953,-0.37129127979278564,-0.3888799026608467,-0.35447555407881737,-0.3552356906655772,-0.08752597638341914,1,335
CDH3,-0.15760805248720497,-0.1778114983642428,-0.1437724587082996,-0.23883356153964996,-0.25266005620360377,-0.2237404800951481,-0.06657782515991471,-0.09103022732729026,0,335
CDK4,-0.3558989180477826,-0.3906603888585385,-0.32899862023101506,-0.429179847240448,-0.45142433494329454,-0.4076395370066166,0.014204639760989748,-0.37010355780877235,0,335
CDK6,-0.22129515660017543,-0.24487375604989567,-0.205411340688859,-0.3155323565006256,-0.32859520688652993,-0.30240718871355055,-0.46052823408579313,0.2392330774856177,0,335
CDKN1B,-0.5223213622892093,-0.554452322397319,-0.4902795889090753,-0.5813276767730713,-0.6017941758036613,-0.5616776153445244,-0.35406362115853585,-0.1682577411306735,0,335
CDKN2A,-0.22400434802630487,-0.25505556841164995,-0.20189412398275222,-0.16069555282592773,-0.1743584807962179,-0.14876401647925377,0.05649170741672306,-0.2804960554430279,1,335
CDKN3,-0.10233293166755804,-0.11968155050933743,-0.0891646946514767,-0.1489471197128296,-0.16466667950153352,-0.13272079974412918,-0.06143725342491989,-0.04089567824263815,0,335
CENPA,-0.12483164771722816,-0.14239287060201497,-0.11126307243256006,-0.16910618543624878,-0.18339272290468217,-0.15421922653913497,-0.028920942762662313,-0.09591070495456584,0,335
CENPF,-0.049653356741347174,-0.058104694336831936,-0.045607376170754735,-0.08454251289367676,-0.09241165742278099,-0.07784809917211533,0.12915490979661148,-0.17880826653795867,0,335
CEP55,-0.06624265268256249,-0.07859439313120205,-0.05787337888251845,-0.09588581323623657,-0.10850525796413421,-0.08308988511562349,-0.11936723567789795,0.053124582995335456,0,335
CHEK1,-0.1218131042956113,-0.13782574549350435,-0.1111262382106033,-0.1764172911643982,-0.18684054911136627,-0.16652638837695122,0.0013747558188526997,-0.123187860114464,0,335
CHEK2,-0.08057010733997778,-0.09569636324352251,-0.06878340699610642,-0.08411476016044617,-0.09726470336318016,-0.07175338119268418,-0.03874340870497811,-0.04182669863499967,0,335
DLGAP5,-0.06488569550388337,-0.07870428907112845,-0.05512059187315247,-0.0999484658241272,-0.11225015372037887,-0.08716728240251542,0.056551076950576463,-0.12143677245445983,0,335
DNMT1,-0.109578498538965,-0.12477889103950994,-0.09985788617963552,-0.142281174659729,-0.1523452654480934,-0.13208216167986395,0.11071509252670807,-0.22029359106567306,0,335
DNMT3A,-0.33448979695280345,-0.3664131722746177,-0.3083992442395363,-0.3449231684207916,-0.36424982026219366,-0.32606950849294664,0.06093676187071487,-0.3954265588235183,0,335
DNMT3B,-0.11387429967477473,-0.13229884253032173,-0.10149143092753449,-0.12424740195274353,-0.13800431787967682,-0.1110825426876545,0.012177457451834075,-0.12605175712660882,0,335
E2F1,-0.08336017896340069,-0.09867183553820491,-0.07285140220637502,-0.12243056297302246,-0.1355520322918892,-0.10870629847049713,0.11468438389745031,-0.19804456286085098,0,335
EGFR,-0.15175279849628062,-0.16861314016750228,-0.14094342152132244,-0.29016271233558655,-0.3028644934296608,-0.2783222235739231,-0.16489219042396527,0.013139391927684652,0,335
EGLN1,-0.12818729035530174,-0.14418291951737852,-0.11745324153506946,-0.16322559118270874,-0.17308339700102807,-0.1539188429713249,0.05946290197825865,-0.1876501923335604,0,335
ERBB2,-0.39517518308665966,-0.4316335687793983,-0.3667706672544167,-0.5048163533210754,-0.5272536352276802,-0.4820573501288891,-0.24408443241448874,-0.15109075067217093,0,335
ERBB3,-0.3567147305828031,-0.3906154738922985,-0.32872823758015557,-0.3625933527946472,-0.37775870114564897,-0.3497831918299198,-0.2394127523205189,-0.11730197826228422,0,335
ESM1,-0.2931746277043295,-0.3223418864243404,-0.26751841894163203,-0.30291637778282166,-0.31932336241006853,-0.2860400527715683,-0.183206575910539,-0.10996805179379052,0,335
ESR1,-0.48258468521236625,-0.5177947409435238,-0.44802665316264867,-0.4195472002029419,-0.4385834939777851,-0.40255644991993905,-0.5970809979188745,0.11449631270650823,0,335
EXO1,-0.070802790375585,-0.08170650096881157,-0.06423888864391275,-0.11420994997024536,-0.12357680052518845,-0.10419729799032211,-0.126381468915698,0.05557867854011299,0,335
EXT1,-0.270448030222869,-0.29950078558225124,-0.24817123824912227,-0.37782347202301025,-0.39951415434479715,-0.35702856406569483,-0.2568096216947768,-0.013638408528092227,0,335
EZH2,-0.04515092736427676,-0.056580287555918374,-0.0363054158300774,-0.05550563335418701,-0.0654279686510563,-0.04477299004793167,-0.0565855495831365,0.011434622218859741,0,335
F12,-0.23674652129844795,-0.26622758820736947,-0.2130358555668454,-0.304423451423645,-0.32585723474621775,-0.2838822200894356,0.014699385876434766,-0.2514459071748827,0,335
FGF19,-0.462496878014031,-0.49701649805386144,-0.4354211324858563,-0.28206777572631836,-0.2892225310206413,-0.27514875680208206,0.025072780000398164,-0.48756965801442914,0,335
FGF3,-0.4987059681871261,-0.53207963014522,-0.4704298774884886,-0.3066214323043823,-0.31655689999461173,-0.29600424095988276,0.10371952747641991,-0.602425495663546,0,335
FGF4,-0.4850277689820721,-0.5176256133968935,-0.45602962500249505,-0.2764478623867035,-0.2856160283088684,-0.266535097360611,0.021355555809963626,-0.5063833247920357,0,335
FGFR1,-0.609499293193103,-0.6451117657118812,-0.5781037036633715,-0.7545129656791687,-0.7799755990505218,-0.7291155725717544,-0.38056477663010874,-0.2289345165629943,0,335
FGFR2,-0.7299923382102603,-0.7573077510185611,-0.7032358561849554,-0.9293237328529358,-0.9576055988669395,-0.9039148822426796,-0.40572692567955776,-0.32426541253070257,0,335
FGFR4,-0.6026895643191552,-0.6394597575520613,-0.568176962143197,-0.5537047982215881,-0.57824447453022,-0.5290733575820923,-0.15464710238371873,-0.4480424619354365,0,335
FLT1,-0.12245940791595455,-0.13916627651498725,-0.11202002389692522,-0.2121933102607727,-0.22244818471372127,-0.20274581834673883,-0.04136811664517447,-0.08109129127078007,0,335
FOXA1,-0.5023187153939683,-0.5389318394223992,-0.4711783058535455,-0.35746127367019653,-0.3734720669686794,-0.34412899389863016,-0.3155580097800136,-0.18676070561395475,0,335
FOXC1,-0.14620719168404556,-0.16160882607591967,-0.1372917019502155,-0.21644164621829987,-0.2272773116827011,-0.20552343614399435,-0.03265691692230557,-0.11355027476173998,0,335
FOXM1,-0.0064414878297010805,-0.014886723104953845,0.0016712427679736288,-0.008008360862731934,-0.01696552485227585,0.0011246696114540096,-0.0029391113513201317,-0.0035023764783809488,0,335
GABRP,-0.17988464317751984,-0.19879854711735775,-0.16817678076226877,-0.30065810680389404,-0.31399098560214045,-0.2871632561087608,-0.20229340378093058,0.022408760603410738,0,335
GATA3,-0.3178678832677891,-0.3471033078536225,-0.29460657035607624,-0.2814846634864807,-0.29077909514307976,-0.27150303646922114,-0.3040234030872158,-0.013844480180573271,0,335
GMPS,-0.17223319940363652,-0.1976708784038885,-0.15462557042215844,-0.2257886826992035,-0.24363186284899713,-0.21105542704463007,-0.19666574606642956,0.024432546662793042,0,335
GPR160,-0.4503345920912006,-0.48735050534624236,-0.4178347197059791,-0.3957509398460388,-0.41506001353263855,-0.37503698095679283,-0.24366693053126162,-0.20666766155993896,0,335
GPR18,-0.12888133987264377,-0.14379263505841872,-0.11899706094666887,-0.20050333440303802,-0.21063166484236717,-0.1895518571138382,-0.5257220520889517,0.39684071221630796,0,335
GRB7,-0.32088627909780504,-0.35275002379212916,-0.29137091645592533,-0.40394026041030884,-0.42387607097625735,-0.3855555810034275,-0.13583430154616144,-0.1850519775516436,0,335
GREB1,-0.47490800327472893,-0.5068536684072321,-0.44443645211493826,-0.3943251371383667,-0.41202797964215276,-0.3751691788434982,-0.27424255965680583,-0.2006654436179231,0,335
GSTM1,-0.8627768117504105,-0.8771732850770669,-0.8477916019635668,-0.9323152303695679,-0.963451187312603,-0.9023745074868202,-0.5344766372275819,-0.32830017452282867,0,335
GSTP1,-0.3491243897316926,-0.38076680550067354,-0.32368079049381293,-0.54973304271698,-0.5738507777452468,-0.5257580727338791,-0.02300441760402436,-0.3261199721276682,1,335
HOXB13,-0.34732982345634356,-0.3807011107672704,-0.3196679655277541,-0.299091637134552,-0.3097322009503841,-0.287432312220335,0.11731403607375906,-0.4646438595301026,0,335
HTATIP2,-0.2963971427183909,-0.3290238517070418,-0.27232633349905877,-0.2534318268299103,-0.26791674345731736,-0.23951043635606767,-0.2429787546442297,-0.053418388074161216,0,335
IGF1R,-0.31072518774220975,-0.34069931677788756,-0.28660367422599464,-0.31331655383110046,-0.32240193486213686,-0.304511933773756,-0.12223835910269015,-0.1884868286395196,0,335
IGFBP3,-0.19502075221626894,-0.21843914250725227,-0.17858104590714474,-0.27991771697998047,-0.2908865801990032,-0.2689762346446514,-0.11113402193480844,-0.0838867302814605,0,335
IGFBP5,-0.62384504920903,-0.6578216351942118,-0.5912708614919585,-0.6873329877853394,-0.7154956519603729,-0.6613302767276764,-0.4006262528248407,-0.22321879638418923,0,335
IL17RB,-0.3685070043115506,-0.40365587996051716,-0.3398428298739623,-0.3732492923736572,-0.3895536072552204,-0.359220240265131,-0.15632891998518955,-0.21217808432636104,0,335
IL25,-0.3968627454513559,-0.42703939323137036,-0.37398868464580304,-0.31719622015953064,-0.3284530334174633,-0.3076321631669998,0.201818753167987,-0.5986814986193429,0,335
IL6ST,-0.45501014641612725,-0.48751492842818733,-0.4273480432007523,-0.49966007471084595,-0.5135435283184051,-0.4845649942755699,-0.2770019662168201,-0.17800818019930714,0,335
JUP,-0.31256786887945237,-0.34393705387101364,-0.28475783794075954,-0.41605061292648315,-0.4345316454768181,-0.3966161236166954,-0.4032653243619372,0.09069745548248481,0,335
KIF23,-0.04234034050832869,-0.05298889720654227,-0.03484560914882047,-0.06758230924606323,-0.0791556641459465,-0.056118315458297735,0.09930065242649032,-0.14164099293481902,0,335
KIF2C,-0.05080457122837101,-0.06361584025725561,-0.041372971645087554,-0.06932294368743896,-0.08208586126565934,-0.056787505745887756,-0.04939002591831263,-0.001414545310058378,0,335
KRT5,-0.11139800779486626,-0.1253667697750468,-0.1040234603027531,-0.24045492708683014,-0.2538796618580818,-0.22558839209377765,0.004232154028829335,-0.11563016182369559,0,335
LIN9,-0.12276477493821766,-0.1409131843548515,-0.11052013608251124,-0.1631317287683487,-0.17433578930795193,-0.15335489846765996,0.0189216449829552,-0.14168641992117287,0,335
LMO1,-0.4668230829690008,-0.5004687616556119,-0.4340044439721944,-0.2683599591255188,-0.28135656490921973,-0.25617063269019125,-0.03587364661200257,-0.43094943635699823,0,335
LOX,-0.06148739889314954,-0.0714929650778089,-0.05688136954956279,-0.13960373401641846,-0.1501160930842161,-0.12992578856647014,-0.12260957828479502,0.06112217939164548,0,335
MAP2K4,-0.23508744411272553,-0.2577603985304368,-0.21559108558306345,-0.32780683040618896,-0.3421722695231438,-0.31597049459815024,-0.09393568938881298,-0.14115175472391256,0,335
MAP3K1,-0.2783365061077986,-0.30546318168865727,-0.256497723066636,-0.35262465476989746,-0.36494684517383574,-0.3401987314224243,-0.18495143388208454,-0.09338507222571404,0,335
MCM2,-0.15718741642463857,-0.17796327950166393,-0.14335329009786235,-0.21784034371376038,-0.23238174729049205,-0.2021565057337284,0.10072328690167641,-0.257910703326315,0,335
MCM6,-0.08520345046704692,-0.09682696378170536,-0.07865788289182153,-0.1121746301651001,-0.11986449360847473,-0.10490667000412941,0.07258148947307944,-0.15778493994012635,0,335
MDM2,-0.2782962136007527,-0.3038760020025899,-0.2542626368829779,-0.3189139664173126,-0.32865762934088705,-0.3084034137427807,-0.19458747749703154,-0.08370873610372115,0,335
MDM4,-0.15760059912861057,-0.17628215394070998,-0.14573627129272,-0.21977472305297852,-0.22963749766349792,-0.21016525626182556,0.12521530434988043,-0.282815903478491,0,335
MELK,-0.10230725072900136,-0.11689983746975925,-0.0924810254610214,-0.15001267194747925,-0.1603456012904644,-0.1395557016134262,0.04041469300205559,-0.14272194373105695,0,335
MGP,-0.5227211879360488,-0.5572752989837894,-0.4924370818068849,-0.6096233129501343,-0.6413582742214203,-0.5814854443073273,-0.09662758254727884,-0.42609360538877,0,335
MIA,-0.4306674209048064,-0.462793789606306,-0.4037783344125236,-0.3757037818431854,-0.38709232658147813,-0.36381238996982573,-0.2342755200345062,-0.19639190087030023,0,335
MKI67,-0.02570307729682071,-0.03602079001020327,-0.017481926145584286,-0.038015127182006836,-0.049038419127464296,-0.027062557637691505,0.05314435095693475,-0.07884742825375546,0,335
MLPH,-0.5264306076414809,-0.566185603049712,-0.4917395954584586,-0.3681996464729309,-0.3814210183918476,-0.35489552915096284,-0.2215760376900783,-0.3048545699514026,0,335
MMP2,-0.06982174900439943,-0.08168614487135414,-0.063954298373259,-0.13103751838207245,-0.13958951495587826,-0.12276340033859015,-0.25460018130051204,0.18477843229611263,0,335
MMP9,-0.1062445518662238,-0.11985415789559865,-0.09597399825893135,-0.13052397966384888,-0.13993382602930068,-0.12135246992111207,-0.08704818507973394,-0.019196366786489852,0,335
MTDH,-0.06982440565321564,-0.08298018327969432,-0.06217163567999393,-0.11815740168094635,-0.1292961485683918,-0.10799220688641072,-0.35999834020658045,0.2901739345533648,0,335
MTOR,-0.10730470233549202,-0.12169614582101797,-0.09857887978046831,-0.16689442098140717,-0.17566071972250938,-0.15913093835115433,0.01992981148016964,-0.12723451381566167,0,335
MYBL2,-0.0699638797160666,-0.08416753171740333,-0.059225079413022776,-0.09508872032165527,-0.1069513976573944,-0.08275732249021531,-0.012750087199009847,-0.05721379251705676,0,335
MYC,-0.25377475466074134,-0.279790247924209,-0.23368087565406437,-0.26607000827789307,-0.27935226559638976,-0.2529325433075428,0.05336682711336389,-0.3071415817741052,0,335
NCOA3,-0.0959342454021181,-0.11121855452492331,-0.08826287163767414,-0.15778321027755737,-0.16982156336307525,-0.14751464650034904,-0.019049959781928683,-0.07688428562018942,0,335
NCOR1,-0.18682786867493253,-0.20799375826535296,-0.1710525701307605,-0.29185301065444946,-0.30292016714811326,-0.2803355984389782,0.0033157565466082764,-0.19014362522154082,0,335
NDC80,-0.06558941225697691,-0.08009558212619189,-0.05472527197092058,-0.09311091899871826,-0.10856780558824539,-0.07873384952545166,-0.10219301836513962,0.03660360610816271,0,335
NDRG1,-0.41978977232683923,-0.4526270959670079,-0.3923244009505979,-0.45661047101020813,-0.48186286836862563,-0.4336391627788544,-0.23316873715256056,-0.18662103517427867,0,335
NEK2,-0.09993530611092956,-0.11467066905216874,-0.09153291843514236,-0.17264676094055176,-0.1845094934105873,-0.1616098925471306,0.05570602311150822,-0.15564132922243779,0,335
NF1,-0.12092253657577773,-0.13720432724673332,-0.11122179617461327,-0.2024768590927124,-0.2133371688425541,-0.19081004112958908,-0.11816452383080321,-0.0027580127449745168,0,335
NMU,-0.2141222047964115,-0.2410254368077617,-0.1916864655837443,-0.147504985332489,-0.1618927910923958,-0.133433698117733,0.20707573695141,-0.4211979417478215,0,335
NOTCH3,-0.4558241140950935,-0.4875063510874197,-0.42820083895971817,-0.6009783744812012,-0.6300100237131119,-0.571381801366806,-0.09359862364822595,-0.3622254904468675,0,335
NUF2,-0.09873656712841575,-0.11529449006996544,-0.08842987666962095,-0.15320563316345215,-0.16736001819372176,-0.13984685838222505,0.12523907409062474,-0.22397564121904048,0,335
NUSAP1,-0.145749657721254,-0.16506154164790898,-0.13098779749546302,-0.12650784850120544,-0.13486019596457482,-0.1185453923419118,0.05525145185946555,-0.20100110958071954,0,335
OXCT1,-0.3898443220537348,-0.4238952967452209,-0.35928221297104523,-0.4769268035888672,-0.4954378567636013,-0.4581817060709,-0.09629483038188018,-0.2935494916718546,0,335
PAK1,-0.6574780756306332,-0.6904308471328604,-0.6232808885167856,-0.8044320344924927,-0.835474680364132,-0.7704029634594918,-0.44445916269805813,-0.21301891293257508,0,335
PCOLCE,-0.15069168869810143,-0.17028352834903562,-0.1385363018396801,-0.26311010122299194,-0.2751066409051418,-0.2520658329129219,-0.3605894820167767,0.20989779331867528,0,335
PGR,-0.31394209427543684,-0.34330920608611065,-0.2902882325985397,-0.3201684355735779,-0.3354661837220192,-0.3057690396904945,-0.041864777906872826,-0.272077316368564,0,335
PHGDH,-0.2660453727680074,-0.2921978886478245,-0.2477402738728799,-0.31141340732574463,-0.3264331348240376,-0.2972138591110706,-0.1747387560757028,-0.09130661669230458,0,335
PIK3CA,-0.09255675920711125,-0.10581946055134762,-0.08448594095610737,-0.15129095315933228,-0.15923252366483212,-0.1427873346954584,-0.11151258251088442,0.01895582330377317,0,335
PIK3R1,-0.3180675747038075,-0.3449114941205686,-0.2977116993715937,-0.48956170678138733,-0.5101361736655236,-0.4691498659551144,-0.24644963803735817,-0.0716179366664493,0,335
PITX2,-0.24658261594886036,-0.27810622577909844,-0.22522364982319873,-0.2520368993282318,-0.261982873827219,-0.24257022477686405,0.1464923084902973,-0.39307492443915765,0,335
PLAT,-0.7805995794682274,-0.8018367292878028,-0.7592689915046466,-0.8864374160766602,-0.9262912437319756,-0.8485132843255997,-0.6856670454400368,-0.09493253402819068,0,335
PLAU,-0.10293481021603025,-0.11779299638591541,-0.09492991642387577,-0.17988240718841553,-0.1879525177180767,-0.17125941216945648,-0.08663770539943567,-0.016297104816594576,0,335
PLK1,-0.08529289097719261,-0.09847137593204872,-0.07640258317768835,-0.12941837310791016,-0.1423906311392784,-0.1178617924451828,0.03217796815750163,-0.11747085913469424,0,335
PPM1D,-0.1419397281356087,-0.1604029790288538,-0.12959808127349373,-0.19111046195030212,-0.2003329448401928,-0.182241552695632,-0.07557294792078956,-0.06636678021481915,0,335
PRC1,-0.21541614036150616,-0.23895483155888525,-0.1965227765581251,-0.20653215050697327,-0.21928446963429452,-0.19373123086988928,0.08285609522461847,-0.29827223558612465,0,335
PTEN,-0.18924431214022547,-0.2102518663439146,-0.17340193715307958,-0.2769867181777954,-0.2890610694885254,-0.264777909219265,0.048573535232307244,-0.2378178473725327,0,335
PTTG1,-0.10660526573882458,-0.12269568806759265,-0.09401253114527001,-0.14786911010742188,-0.1606898382306099,-0.13493139296770096,-0.00880903438325907,-0.0977962313555655,0,335
RACGAP1,-0.050216123515580746,-0.06009289289657197,-0.04368106092043948,-0.08593416213989258,-0.09601183384656906,-0.07580480128526687,0.08081151130574672,-0.13102763482132745,0,335
RAD51,-0.03176746858969833,-0.04357384272496074,-0.022678874896302086,-0.048237502574920654,-0.06283295303583145,-0.034152290225029,-0.04317920661874545,0.011411738029047117,0,335
RASSF1,-0.23041026628018893,-0.257526331701054,-0.21010474459175296,-0.3110235035419464,-0.32262186855077746,-0.300286802649498,-0.174499508445795,-0.05591075783439392,1,335
RASSF7,-0.13394070614160475,-0.1509802820199006,-0.12321355138376149,-0.2475643754005432,-0.2584467574954033,-0.2369022760540247,0.11658772008222364,-0.25052842622382837,0,335
RB1,-0.24107907274288193,-0.2666502136664063,-0.22131117607464437,-0.34119912981987,-0.35684286430478096,-0.32524603754282,-0.06732377462558892,-0.173755298117293,0,335
RBBP8,-0.28460656632420706,-0.3122398300543258,-0.2647849735436592,-0.3527122735977173,-0.3698295600712299,-0.337470518052578,-0.08093854934055131,-0.20366801698365575,0,335
RFC4,-0.1164119896606578,-0.1316470101836392,-0.10421507688048558,-0.13258981704711914,-0.14539750367403032,-0.12009788304567337,-0.02079018934412625,-0.09562180031653156,0,335
RRM2,-0.0605476831702161,-0.07165644643160476,-0.05420635144748191,-0.08299094438552856,-0.09052640572190285,-0.07538024336099625,-0.03417674246389949,-0.026370940706316612,0,335
RSF1,-0.1465351402372863,-0.16462413993000935,-0.13461935105430684,-0.20541107654571533,-0.21354345232248306,-0.19756497405469417,-0.037994586519923906,-0.1085405537173624,0,335
RSPO2,-0.3567256523612698,-0.3909976757513686,-0.32565782246179587,-0.2276226282119751,-0.2413838677108288,-0.21329934261739253,0.040148301961785246,-0.39687395432305506,0,335
RUNDC1,-0.25442659299396814,-0.27985011018021516,-0.23620434067176593,-0.3304893672466278,-0.3402318760752678,-0.32071987837553023,-0.09134385812596557,-0.16308273486800257,0,335
RUNX1,-0.22217022720191446,-0.2447188212462256,-0.20450364109480718,-0.2835376262664795,-0.29713660180568696,-0.2713238261640072,0.15635860475211627,-0.37852883195403075,0,335
SCG5,-0.3361550730225595,-0.3682925876769192,-0.3103360266060901,-0.39161086082458496,-0.4065992318093777,-0.3761617310345173,-0.5566570483765944,0.22050197535403487,0,335
SCUBE2,-0.7116637491261324,-0.7390668425791964,-0.6852518558524731,-0.6235859394073486,-0.6449226856231689,-0.603723230957985,-0.670295124037639,-0.04136862508849337,0,335
SEC14L2,-0.46715811590304496,-0.5023638032283767,-0.43518678231555874,-0.44103768467903137,-0.4615129791200161,-0.4206692449748516,-0.11953002310943146,-0.3476280927936135,0,335
SERPINB5,-0.16456212594683348,-0.18305151034123318,-0.15133810992212066,-0.30630403757095337,-0.3219426266849041,-0.28909595906734464,0.12619030367526904,-0.2907524296221025,0,335
SERPINE1,-0.28180003820613037,-0.3113532704951468,-0.25852080732554655,-0.3737070858478546,-0.388309970498085,-0.3597307078540325,-0.02686024539407326,-0.2549397928120571,0,335
SFRP1,-0.12886754004385212,-0.14289297963068168,-0.1214552048605497,-0.2633737623691559,-0.27617932185530664,-0.2505961634218693,-0.029699130523600986,-0.09916840952025113,1,335
SFRP2,-0.11053976263562991,-0.12612857238923314,-0.10062457160125514,-0.18214023113250732,-0.19054164215922356,-0.1735789433121681,-0.1803234682021884,0.06978370556655848,1,335
SIAH2,-0.19374718429209856,-0.21501176515907416,-0.17841571456984714,-0.19851544499397278,-0.20756392329931259,-0.18937833234667778,-0.06396205456890058,-0.12978512972319797,0,335
SLC2A3,-0.15671158110333538,-0.17633736232437336,-0.14347849533976537,-0.22899706661701202,-0.23822692632675171,-0.22041560113430023,-0.3100989101300801,0.15338732902674473,0,335
SLC39A6,-0.41513650433364846,-0.448824310376694,-0.38766180400367595,-0.42120492458343506,-0.43877341896295546,-0.4039898470044136,-0.5543898344036874,0.13925333007003893,0,335
SMAD3,-0.40211375942819366,-0.4338551705168649,-0.37586568651688307,-0.42960095405578613,-0.44458376094698904,-0.4142241798341274,-0.1497679481123042,-0.25234581131588946,0,335
SMAD4,-0.18138476420907246,-0.20183913569655187,-0.1668508729774689,-0.26373976469039917,-0.27555061876773834,-0.25109970942139626,0.16621937361949876,-0.34760413782857125,0,335
SNAI2,-0.15935494667546318,-0.17800556052543667,-0.14781818685665724,-0.2819119989871979,-0.2935919977724552,-0.2712129160761833,-0.14518340717286113,-0.014171539502602054,0,335
STC2,-0.5810821539473232,-0.6139847676175906,-0.5489117632528464,-0.588908851146698,-0.6093291208148003,-0.5689909249544144,-0.44104544969592807,-0.14003670425139514,0,335
TBX3,-0.5892885421405923,-0.6256952394779068,-0.5587173033005084,-0.5575264692306519,-0.5774881839752197,-0.537493097782135,-0.41415197323902303,-0.1751365689015693,0,335
TFF3,-0.7426765819416382,-0.7686031058261943,-0.7192186712372679,-0.6126703023910522,-0.6378590375185013,-0.5871704608201981,-0.2292752448195294,-0.5134013371221088,0,335
TGFB1,-0.21376045778260439,-0.2342958238783056,-0.1973646060986569,-0.3180525302886963,-0.33089779317379,-0.30533161833882333,-0.21159940247436898,-0.0021610553082354045,0,335
TMEM45B,-0.7501061215809796,-0.7754349149928328,-0.7249054976226389,-0.6166306138038635,-0.6445356830954552,-0.5914111480116844,-0.2025219284246007,-0.5475841931563789,0,335
TOP2A,-0.056932574497759444,-0.06837810440929475,-0.04830423951997629,-0.10344672203063965,-0.11682090759277344,-0.08997088968753815,0.005923228170524623,-0.06285580266828407,0,335
TP53,-0.4338083177635698,-0.46788478935933603,-0.40286410869732614,-0.4442211985588074,-0.45958801731467247,-0.42949515432119373,-0.16942805509142125,-0.26438026267214854,0,335
TPX2,-0.06119280605775216,-0.07468589108208708,-0.05159689921139426,-0.09163564443588257,-0.10571708530187607,-0.07878996878862381,-0.16516859670850198,0.10397579065074983,0,335
TSPAN14,-0.5540080982697378,-0.5891160947604831,-0.5236975620557476,-0.5841512084007263,-0.599978618323803,-0.5688570126891136,-0.27948303818801634,-0.2745250600817215,0,335
TWIST1,-0.17280068910909893,-0.19656601399545878,-0.15590784562901833,-0.24853311479091644,-0.26066537350416186,-0.23656725957989694,0.03254535704709983,-0.20534604615619875,1,335
TYMS,-0.1176762593139714,-0.13480293975520624,-0.10551183817459849,-0.16742688417434692,-0.1816896118223667,-0.15363475382328035,-0.06608819664852629,-0.051588062665445106,0,335
UBE2C,-0.11666643758061024,-0.13668449538394306,-0.10290720785017499,-0.17626142501831055,-0.1923503652215004,-0.15950189530849457,-0.05889681191987029,-0.05776962566073995,0,335
UBE2T,-0.07849334592370695,-0.09227865000199009,-0.0692955242108357,-0.12524551153182983,-0.13685249164700508,-0.11362483501434326,-0.08866201498921136,0.010168669065504413,0,335
VEGFA,-0.5994000427182851,-0.6362526787815482,-0.56551274366692,-0.4945705831050873,-0.5080581128597259,-0.48006491288542746,0.03795213411130831,-0.6373521768295933,0,335
WIF1,-0.18926305627353984,-0.20949708607007195,-0.1762782991679275,-0.2851583957672119,-0.2945673197507858,-0.2752009749412537,-0.14475726190105573,-0.044505794372484114,1,335
XRCC4,-0.2540296453554965,-0.282216483933201,-0.2301732914616791,-0.34688207507133484,-0.36474850252270696,-0.3294154807925224,0.054829679659870026,-0.3088593250153665,0,335
ZEB1,-0.09970816264805783,-0.11565514132166636,-0.09138320017113079,-0.16689369082450867,-0.17619366124272345,-0.15752570778131486,-0.05773272218888449,-0.04197544045917334,0,335
ZEB2,-0.10351853499759169,-0.11770857160463426,-0.09581652505168868,-0.20247288048267365,-0.21335898973047734,-0.1921645998954773,-0.16545683942271477,0.06193830442512309,0,335
ZNF703,-0.39448888214247235,-0.4264097727589919,-0.36550872945949103,-0.3996109962463379,-0.4143658846616745,-0.38558070585131643,-0.1444882090829003,-0.2500006730595721,0,335
FMOD,-0.4716403252307921,-0.5061067901588358,-0.4442033496811776,-0.6139899492263794,-0.6428334400057792,-0.5890542790293694,-0.35725138209721286,-0.11438894313357922,0,335
AGR3,-0.5776395061869766,-0.6140971523966546,-0.5419079085793643,-0.41100069880485535,-0.4283390358090401,-0.3949876755475998,-0.47457802944218175,-0.10306147674479482,0,335
NDUFS6,-0.06193592976828613,-0.07572824604059317,-0.05192934111432364,-0.11836336553096771,-0.13343795761466026,-0.10429360941052437,0.012861803046359309,-0.07479773281464544,0,335
COL1A2,-0.06610937746694935,-0.07640957541926972,-0.061200998701815126,-0.12231194972991943,-0.13014991246163846,-0.11398066431283951,-0.03239725240350855,-0.033712125063440804,0,335
MARCKS,-0.3103077986948632,-0.3410074842092998,-0.2857026401071629,-0.40402311086654663,-0.4149231262505054,-0.3936562716960907,-0.3924699641229269,0.0821621654280637,0,335
VIM,-0.1572868931636455,-0.17797331244945455,-0.14328381371987478,-0.2507455348968506,-0.2617344051599503,-0.23958939947187902,-0.19967665947422852,0.04238976631058303,0,335
A2M,-0.18803125677242433,-0.20853790737732525,-0.17452608797688104,-0.330735445022583,-0.34734719768166544,-0.31504170298576356,-0.25021513476245805,0.06218387799003372,0,335
ECM1,-0.5862921374591106,-0.6190135920184693,-0.5555764050695755,-0.6141150593757629,-0.6452580377459526,-0.5841409385204315,-0.6694610778443115,0.08316894038520095,0,335
SLPI,-0.2422246787490715,-0.26481766776139926,-0.22575693591486243,-0.3721248507499695,-0.38971547335386275,-0.35187243968248366,-0.11470162021373033,-0.12752305853534118,0,335
ELN,-0.1999661039876417,-0.22391737490997585,-0.18253547443134716,-0.28500843048095703,-0.29984566643834115,-0.2700449749827385,0.15858240874328106,-0.35854851273092275,0,335
CTSS,-0.08189267567564708,-0.09325764460989625,-0.07617999694334322,-0.16359320282936096,-0.17577439844608306,-0.15208327807486058,-0.17553513778959765,0.09364246211395057,0,335
APOD,-0.46948172432321184,-0.500548572101375,-0.442076295230374,-0.6728706359863281,-0.7017285570502281,-0.6430699557065964,-0.25161478748260413,-0.2178669368406077,0,335
PABPC1,-0.21212337174541615,-0.2378768268509402,-0.19079616593086055,-0.25928640365600586,-0.27421423718333243,-0.2444503027945757,-0.23943701083972782,0.02731363909431167,0,335
CPXM1,-0.15984864058047535,-0.18002792013398852,-0.1464569194846441,-0.25574272871017456,-0.2646938480436802,-0.24577737376093864,-0.08651705118547554,-0.07333158939499981,0,335
PIP,-0.7293398357426792,-0.7538574143006899,-0.7067790220290326,-0.7152774333953857,-0.7471693605184555,-0.6824240446090698,-0.35732798794734627,-0.372011847795333,0,335
RGS1,-0.17758487085228838,-0.19696492431156548,-0.16375400142727017,-0.23705148696899414,-0.24985352978110315,-0.22422707155346872,-0.04761883482501948,-0.12996603602726892,0,335
HOXB2,-0.8723827373947105,-0.8857554040652367,-0.8568317550247668,-1.0700132846832275,-1.1100338369607925,-1.0327185094356537,-0.7376105996961303,-0.1347721376985802,0,335
MT1E,-0.5921786808694258,-0.624558594937218,-0.561120355005899,-0.8204364776611328,-0.8561069786548614,-0.7841740041971207,-0.3773332865186472,-0.2148453943507786,0,335
TRPS1,-0.3190067000603373,-0.34925423603703226,-0.2944808570172729,-0.4344031810760498,-0.4544556841254234,-0.4149393983185291,-0.4696446126935895,0.15063791263325216,0,335
TSPYL5,-0.5846160872392846,-0.620248900936134,-0.5523857710025266,-0.7522128820419312,-0.7915430009365082,-0.7185189038515091,-0.6132145091480155,0.028598421908730853,0,335
NID1,-0.0541885514538175,-0.06326900763145056,-0.050608473356270056,-0.10664235055446625,-0.11521048471331596,-0.09918094873428346,-0.1413017249083922,0.08711317345457471,0,335
WASL,-0.1608020823222925,-0.1803811125416186,-0.14563388496061896,-0.22935783863067627,-0.24390084408223628,-0.21403244994580745,-0.09654571454106713,-0.06425636778122538,0,335
COL14A1,-0.2566474775806685,-0.2818889806739191,-0.2377151781434688,-0.4043176472187042,-0.4221577614545822,-0.38939175605773924,-0.025353663674782635,-0.23129381390588588,0,335
TP53INP1,-0.43177849047638533,-0.46627847155408475,-0.4027243328455897,-0.5478657484054565,-0.570149852335453,-0.5231371790170669,-0.393298903259579,-0.03847958721680633,0,335
ENPP2,-0.15388077419806392,-0.16881122054471057,-0.146011328266465,-0.2794148325920105,-0.2915647514164448,-0.26757175624370577,-0.24656358923943159,0.09268281504136766,0,335
SYNGR2,-0.23436896819954195,-0.26161411512163085,-0.21345987520236342,-0.29540637135505676,-0.3101929396390915,-0.28136763647198676,-0.16419985189535644,-0.07016911630418551,0,335
C1orf115,-0.4251229948253785,-0.45687253268203976,-0.39711376888879163,-0.4385620653629303,-0.4558730162680149,-0.42023564130067825,-0.06777766428762945,-0.3573453305377491,0,335
PLTP,-0.17088672122862136,-0.19201083479663442,-0.15594181928464534,-0.26408323645591736,-0.2772470861673355,-0.2522025018930435,0.039092284514127405,-0.20997900574274878,0,335
PRRX1,-0.058447602281003,-0.06787274757180965,-0.053579268270702564,-0.1274484097957611,-0.13772416189312936,-0.1173840619623661,0.017277491924466634,-0.07572509420546963,0,335
LRP5,-0.44731752458559276,-0.48201028092728937,-0.4190199953739709,-0.5022103786468506,-0.5232255280017852,-0.480754217505455,-0.14269595138082047,-0.3046215732047723,0,335
S100A16,-0.4292072971970978,-0.4675171467991338,-0.3948128669938507,-0.5537986159324646,-0.5855259791016578,-0.5237587168812752,-0.5688533380999196,0.13964604090282173,0,335
IFI16,-0.09976572336149486,-0.1131266350980281,-0.09194312420811608,-0.18987588584423065,-0.2033806897699833,-0.17674683183431625,0.1695948188910027,-0.26936054225249756,0,335
CHAD,-0.7695057091949411,-0.7928878430754548,-0.746972145992437,-0.7737157940864563,-0.8004120782017707,-0.7490412294864655,-0.46072960688431247,-0.30877610231062863,0,335
EIF3K,-0.34300155216833567,-0.3755701024121472,-0.31505617212754733,-0.44640183448791504,-0.4609855398535728,-0.4321504607796669,-0.0330605313892471,-0.3099410207790886,0,335
IGFBP4,-0.43819296904312166,-0.47158998627508886,-0.4090997888727916,-0.44629818201065063,-0.46680437251925466,-0.4267477959394455,-0.04180349322676608,-0.3963894758163556,0,335
TPD52,-0.25235625178448673,-0.2776763621358314,-0.2328343194092678,-0.368657648563385,-0.3869687780737877,-0.35032414793968203,-0.4287083615285421,0.17635210974405535,0,335
ANXA9,-0.38365344476236274,-0.4162791506918855,-0.3569620289944114,-0.4090600311756134,-0.42691321969032286,-0.39192059114575384,-0.5173097302197313,0.13365628545736852,0,335
FABP4,-0.1411555739600244,-0.15530364207672073,-0.13317962180744108,-0.2727150321006775,-0.2849598690867424,-0.26120373532176017,-0.08813854871322538,-0.05301702524679902,0,335
KRT19,-0.3324078698305011,-0.36485366037888683,-0.3060551860000754,-0.4201311469078064,-0.4381045013666153,-0.40278126373887063,-0.3736287552826118,0.04122088545211072,0,335
PLEKHF2,-0.22782903677204022,-0.2514245066400006,-0.2109181589612426,-0.32362592220306396,-0.33955533131957055,-0.306764754652977,-0.4020990002936558,0.17426996352161558,0,335
GIMAP4,-0.098687271533715,-0.11215910642419104,-0.0917837779092442,-0.19836929440498352,-0.2104399401694536,-0.18636800311505794,-0.17705910141337794,0.07837182987966294,0,335
RAB25,-0.27483932315454557,-0.30378622851090975,-0.25291761706774374,-0.36382079124450684,-0.3804063379764557,-0.34584092497825625,-0.41266441631644224,0.13782509316189667,0,335
FXYD5,-0.5172377171877929,-0.5506959807824294,-0.487512632888564,-0.7205753326416016,-0.7496347546577453,-0.6920050203800201,-0.4880025662959795,-0.02923515089181339,0,335
RGS2,-0.15535787093987605,-0.17304224397879708,-0.14441596412246474,-0.24910959601402283,-0.2611914284527302,-0.2364071264863014,-0.14915542050227903,-0.006202450437597012,0,335
KAT2A,-0.2259099031855311,-0.24804957906926606,-0.20934199122468183,-0.34161922335624695,-0.35298559814691544,-0.32883805558085444,-0.07953570470998303,-0.14637419847554808,0,335
PLOD2,-0.16308930936144744,-0.1837086288581097,-0.14834146999819978,-0.24767690896987915,-0.2650896549224854,-0.23174749538302422,-0.1888251216117871,0.025735812250339662,0,335
FSCN1,-0.1629315339400848,-0.18309765070497983,-0.1483444994925709,-0.22603392601013184,-0.24140853211283683,-0.21139642521739008,-0.07169381918465842,-0.09123771475542639,0,335
SQLE,-0.16107453641755481,-0.17991813983992405,-0.14657585997581432,-0.24518339335918427,-0.25959455519914626,-0.23121364414691925,-0.3935277632368525,0.2324532268192977,0,335
GIMAP7,-0.10330851214951028,-0.11795368594524629,-0.09475013159001609,-0.20222319662570953,-0.2156896933913231,-0.18903880491852762,-0.12531823346909593,0.022009721319585646,0,335
CD163,-0.09573794857292045,-0.10797952062486876,-0.08777014247142388,-0.1763993352651596,-0.18788922652602197,-0.16371211968362331,-0.006944320868735968,-0.08879362770418449,0,335
CX3CL1,-0.20859165232746826,-0.23226190738055927,-0.1933215890730348,-0.3379776179790497,-0.35290431678295137,-0.3228841572999954,-0.48738269729198325,0.278791044964515,0,335
CLEC11A,-0.11032427891039139,-0.12383904929923754,-0.10133750330729249,-0.20331624150276184,-0.21264771185815334,-0.19361774176359176,0.030562223101770876,-0.14088650201216227,0,335
MRPL36,-0.06498177763606959,-0.07900398464766129,-0.05509347819142914,-0.11450974643230438,-0.13025611005723475,-0.09980347231030465,-0.02097500095757313,-0.044006776678496465,0,335
AKR1B1,-0.22861998016126597,-0.25340008302308825,-0.20857630298393276,-0.3415515124797821,-0.35703426524996756,-0.32600045427680013,-0.20521079376428383,-0.02340918639698214,0,335
CST1,-0.39389954892319334,-0.4237017721550065,-0.3683247156985241,-0.2957925498485565,-0.3077030763030052,-0.2836836002767086,0.1052338256418564,-0.49913337456504975,0,335
EPHX2,-0.5124558969102178,-0.5446069681935806,-0.4843515762794389,-0.6022568941116333,-0.6214008122682572,-0.5827416375279426,-0.320368218786308,-0.19208767812390976,0,335
RAB34,-0.6676813781840861,-0.6985989768915715,-0.6369893352354703,-0.9776716232299805,-1.0157171726226806,-0.9384925112128257,-0.5255550732224252,-0.1421263049616609,0,335
C6orf62,-0.20478305106623107,-0.23137756009516916,-0.1848010180542257,-0.24678155779838562,-0.26117921620607376,-0.23040364980697634,-0.010418396449510111,-0.19436465461672095,0,335
CHI3L1,-0.23548269441993705,-0.25884458153519446,-0.21873849873044668,-0.33589619398117065,-0.3517183944582939,-0.31875370144844056,-0.3328431622894935,0.09736046786955646,0,335
LGALS3BP,-0.6994410244154593,-0.7327859977947585,-0.6650624976915187,-0.7792502045631409,-0.8160376623272896,-0.7439500749111175,-0.4751969408730514,-0.22424408354240788,0,335
PYCARD,-0.3919352522636921,-0.4296200718534405,-0.3622131727546167,-0.5859536528587341,-0.6104672193527222,-0.560896497964859,-0.48120666981601834,0.08927141755232626,1,335
GRHL2,-0.18035929776601584,-0.2016756890690472,-0.16400297825667742,-0.25948429107666016,-0.274354362487793,-0.2449721682816744,-0.3588377615770591,0.17847846381104326,0,335
ATP6V1B2,-0.1744188096446635,-0.19373412306957966,-0.16180904279143332,-0.2761309742927551,-0.2887677185237408,-0.2642773769795895,0.03684055424656197,-0.21125936389122546,0,335
LXN,-0.6132084177153333,-0.6453745582706584,-0.5847827588459913,-0.743282675743103,-0.7818505719304085,-0.7109826788306236,-0.37035864305504135,-0.24284977466029195,0,335
ZHX1,-0.13339668350068554,-0.15249391388725542,-0.12066460966600431,-0.23710936307907104,-0.24986258745193482,-0.22563668601214887,-0.020611123169439374,-0.11278556033124616,0,335
CLSTN2,-0.40446518885801336,-0.4392350217886369,-0.37339905919423483,-0.3728107213973999,-0.38828120306134223,-0.3581042915582657,-0.2543189739923139,-0.15014621486569946,0,335
QSOX1,-0.24635384896746462,-0.26889462285616306,-0.22908283651759237,-0.3515349328517914,-0.363985475897789,-0.3396833181381226,-0.16134596478684424,-0.08500788418062039,0,335
LAMB3,-0.14737818344559006,-0.16420828838868676,-0.13666314911163704,-0.25930047035217285,-0.27640233337879183,-0.24348816871643067,-0.4544603756240186,0.3070821921784285,0,335
PTN,-0.22027928361117735,-0.2390362718050709,-0.20724649816245339,-0.3909873962402344,-0.4083583168685436,-0.372478623688221,0.2216896697011095,-0.44196895331228686,0,335
S100A9,-0.26545072620797927,-0.2897477264650203,-0.24595619890016177,-0.2731837034225464,-0.2896278828382492,-0.2559439942240715,-0.135728968502228,-0.12972175770575128,0,335
THRSP,-0.48869593688854557,-0.5171620733747568,-0.46516853990656604,-0.8029671907424927,-0.8318082973361015,-0.7734324887394906,-0.21591869565772506,-0.2727772412308205,0,335
SSR3,-0.1854540122374999,-0.20543816526132372,-0.17026355331219803,-0.2602120339870453,-0.27415361627936363,-0.24719689041376114,-0.16551555737139792,-0.01993845486610199,0,335
ID4,-0.22187342049250355,-0.24267889672735085,-0.20816787729640537,-0.4006834030151367,-0.41756729781627655,-0.38363933116197585,-0.1627121024475569,-0.05916131804494665,1,335
PDK4,-0.18795480432315786,-0.20696757459690596,-0.1737871150457183,-0.3312852382659912,-0.3486562453210354,-0.31391200944781306,-0.10672344011337667,-0.08123136420978119,0,335
FPR3,-0.0651041310732161,-0.07446868686568456,-0.06035162901312129,-0.13036487996578217,-0.13860829547047615,-0.12181076407432556,0.01281775468253259,-0.07792188575574868,0,335
TIMP2,-0.07892121397471748,-0.09062720437119892,-0.07243933472583325,-0.1440584808588028,-0.15250288136303425,-0.13560990989208221,-0.21753061042094915,0.13860939644623166,0,335
KCNK1,-0.634430909192017,-0.6685254235696165,-0.6027062264811724,-0.7478711605072021,-0.7799784153699875,-0.7165584594011307,-0.5588684039171126,-0.07556250527490438,0,335
LMOD1,-0.1556151231002456,-0.17237707601235402,-0.14460080778197568,-0.2623537480831146,-0.27590114772319796,-0.24853442907333376,0.0865221582421511,-0.2421372813423967,0,335
KDM2A,-0.2832182458991832,-0.3138453226185324,-0.2597962986044405,-0.3527585566043854,-0.36590778082609177,-0.3398125484585762,-0.15334033425685945,-0.12987791164232376,0,335
KRT10,-0.40093996342623195,-0.4384489471805255,-0.3693398365446018,-0.47209376096725464,-0.4950099468231201,-0.4504896938800812,-0.03464021062141804,-0.3662997528048139,0,335
PPP1R1B,-0.6662856044143701,-0.6948974597431694,-0.6400356572487793,-1.0160528421401978,-1.058411604166031,-0.9739906013011932,-0.5859891092016394,-0.08029649521273075,0,335
RPL37,-0.30018803298752,-0.33218161325480555,-0.27240520592952566,-0.38046932220458984,-0.3962468393146992,-0.36571980118751524,-0.011248930710008556,-0.28893910227751146,0,335
NES,-0.22732766810378124,-0.24769976116828313,-0.21338268262445134,-0.30572450160980225,-0.3230661638081074,-0.2894497558474541,-0.05700305146636365,-0.1703246166374176,0,335
MRC2,-0.15095727976742698,-0.16933521598909904,-0.1394538878606335,-0.2850313186645508,-0.2991678290069103,-0.2710333153605461,-0.03328428430984513,-0.11767299545758185,0,335
POLD2,-0.2342908922426656,-0.2629862737062631,-0.2131644465890404,-0.3474363684654236,-0.3633632890880108,-0.331801799684763,-0.03958479629227686,-0.19470609595038874,0,335
NECAB3,-0.20666425361130875,-0.22671548678172865,-0.18916611037737607,-0.30150943994522095,-0.31082125604152677,-0.29261850789189336,-0.04039873344994447,-0.16626552016136428,0,335
KRT15,-0.2533414257204975,-0.2840308079782534,-0.23303578113198964,-0.4419378638267517,-0.470073002576828,-0.4177147328853607,-0.25265886138171423,-0.0006825643387832758,0,335
CAPN8,-0.5559946812178584,-0.5879359097938254,-0.526744447343294,-0.5564428567886353,-0.576868349313736,-0.536153881251812,-0.4568268580110569,-0.09916782320680156,0,335
EFNA4,-0.16387774369345787,-0.1843712363864326,-0.15130958940443073,-0.20671124756336212,-0.21754401810467244,-0.1969604194164276,0.01883067553592176,-0.18270841922937964,0,335
METRN,-0.29135172384160757,-0.320874252792517,-0.26868581197825064,-0.439782977104187,-0.45434208065271375,-0.42606347501277925,-0.29170103290221266,0.00034930906060509637,0,335
MNDA,-0.07844965880984041,-0.08949935963459242,-0.07309823565175727,-0.14437073469161987,-0.153416832908988,-0.1357290953397751,0.12873662020867316,-0.20718627901851355,0,335
TM4SF1,-0.482681505302557,-0.5219346671194913,-0.44908142794091055,-0.6018603444099426,-0.6363037824630737,-0.569448909163475,-0.3963312181606936,-0.08635028714186338,0,335
SYCP2,-0.6828210294212568,-0.7159914515445911,-0.6486443627898475,-0.7904225587844849,-0.8271051928400993,-0.7583849176764489,-0.6375793189739924,-0.04524171044726433,0,335
COL10A1,-0.06682755819693115,-0.07718690145956765,-0.062197285117825844,-0.13061311841011047,-0.137346475943923,-0.12368130497634411,0.055570096622601484,-0.12239765481953263,0,335
BNIPL,-0.5517214615969864,-0.5878571289292223,-0.5176364334514574,-0.6525234580039978,-0.6783544689416885,-0.6252187594771386,-0.457908277262107,-0.09381318433487945,0,335
AQP1,-0.1542267289105747,-0.1699868639360132,-0.14294772711110296,-0.2791195213794708,-0.29466740489006044,-0.2642313003540039,-0.23226351135681728,0.07803678244624257,0,335
CD9,-0.4694344211637333,-0.5049144175472601,-0.4396908411204938,-0.4349469840526581,-0.4496342070400715,-0.42050277069211006,-0.07703101260166235,-0.39240340856207095,0,335
PTMS,-0.302928956607843,-0.3322653026917414,-0.28005615989244176,-0.4457244873046875,-0.4618351235985756,-0.4303761899471283,-0.06900846494643975,-0.23392049166140327,0,335
SND1,-0.3358302238721817,-0.3678520460858822,-0.3089140358564457,-0.3270666003227234,-0.3403582014143467,-0.3137120775878429,-0.10547731828453967,-0.23035290558764204,0,335
FZD6,-0.3040854843924993,-0.33616806617806555,-0.27818153931602263,-0.43972060084342957,-0.4620827116072178,-0.4179577961564064,-0.5789550962041802,0.2748696118116809,0,335
C1S,-0.14988974971811372,-0.16778289821420841,-0.13719527595642791,-0.2598332464694977,-0.27491798549890517,-0.24614523649215697,-0.2809864279968847,0.131096678278771,0,335
S100A14,-0.40223360380812484,-0.43861263846307474,-0.36927970212667305,-0.5038594007492065,-0.5287585183978081,-0.4775405377149582,-0.44319133587835,0.040957732070225183,0,335
RBP1,-0.5471223597213263,-0.5856969471282544,-0.5145121654469208,-0.5885197520256042,-0.6094025850296021,-0.5684146508574486,-0.5557064974528556,0.008584137731529329,0,335
RIN2,-0.34882226972464936,-0.378378635862149,-0.3222944943019483,-0.5914537906646729,-0.6171032741665841,-0.5651569753885269,-0.35353982865824857,0.0047175589335992085,0,335
YWHAZ,-0.04109673367914114,-0.050390083357269494,-0.03459957829838447,-0.06242603063583374,-0.07176916599273682,-0.0537026546895504,-0.21499974464716623,0.17390301096802507,0,335
MAL2,-0.2586889646043241,-0.2877133821054628,-0.23362745426216186,-0.3093303442001343,-0.3298164218664169,-0.290363185107708,-0.24703535359983658,-0.01165361100448753,0,335
COL1A1,-0.07221597995420721,-0.0827818989201447,-0.06696066847720526,-0.1400812566280365,-0.14765823297202588,-0.13293139785528182,-0.0625113312819989,-0.009704648672208313,0,335
KRT14,-0.13679114272979595,-0.15268619364355396,-0.12799624976425442,-0.28192776441574097,-0.293593792617321,-0.27107755839824677,0.01054224174252774,-0.1473333844723237,0,335
ETV3,-0.09197864290638402,-0.10584597347911467,-0.08311693952954344,-0.13930091261863708,-0.1487993985414505,-0.1298919327557087,0.11344464588945777,-0.2054232887958418,0,335
MIR635,-0.4076137604357505,-0.4408949884922551,-0.3811406912551707,-0.38353729248046875,-0.39849658459424975,-0.3681957460939884,-0.04266211713034486,-0.36495164330540564,0,335
TMEM204,-0.14312474109923876,-0.16154923298486784,-0.13070893994095256,-0.21051552891731262,-0.22203387022018434,-0.20043602883815764,-0.49652943579791387,0.3534046946986751,0,335
MT2A,-0.3938232440224112,-0.4281974944711587,-0.36621194014674374,-0.4930236339569092,-0.5192846551537513,-0.4678102247416973,0.020151807259681066,-0.4139750512820923,0,335
CRABP2,-0.35763481662281676,-0.3919271349298059,-0.3319641805887167,-0.48629963397979736,-0.5034169167280197,-0.4697407953441143,-0.41579548791542714,0.05816067129261038,0,335
SLC30A1,-0.19061086277296313,-0.21319447926409799,-0.1745046974214775,-0.2728967070579529,-0.28678702339529993,-0.2589861623942852,-0.10511375968744814,-0.08549710308551499,0,335
FAM107B,-0.3480112538777011,-0.3790722537380851,-0.32303463993758946,-0.4311850666999817,-0.45088399574160576,-0.4116463989019394,-0.024951482961582172,-0.3230597709161189,0,335
COPZ2,-0.19656972606771955,-0.21951508682141804,-0.18012736690449654,-0.34605786204338074,-0.35704398453235625,-0.33509802520275117,0.016622192714783653,-0.2131919187825032,0,335
NRN1,-0.1598964602591671,-0.17948586011482698,-0.1476904909041577,-0.26665711402893066,-0.2782896190881729,-0.2550234295427799,-0.1467541462916385,-0.013142313967528602,0,335
CYB5R1,-0.17367900672605777,-0.19232024330671926,-0.16228548243387966,-0.22706744074821472,-0.2349359467625618,-0.21966657117009164,0.21952938472734704,-0.3932083914534048,0,335
EFR3A,-0.06765333320396939,-0.07856431763653654,-0.06186175321986635,-0.12129885703325272,-0.13072845451533793,-0.11199178509414195,0.12811785810043028,-0.19577119130439968,0,335
ISM1,-0.18438028334094883,-0.20494314987313178,-0.1684840083691402,-0.3232129216194153,-0.3374567277729511,-0.30883008912205695,-0.1237960113887364,-0.06058427195221243,0,335
RARRES1,-0.22191518891555836,-0.24284574030948014,-0.2078774833240975,-0.31279516220092773,-0.32945957109332086,-0.29792727828025817,-0.14340487468559684,-0.07851031422996152,1,335
GAPDH,-0.3007865169291715,-0.33071960070424966,-0.27455372952390056,-0.2931785583496094,-0.31264550015330317,-0.273966833204031,-0.27129387280875356,-0.029492644120417966,0,335
ASAP1,-0.08659154947351606,-0.09943992336724403,-0.07818868830313036,-0.14650367200374603,-0.1583190381526947,-0.13452470488846302,0.03785701518072597,-0.12444856465424203,0,335
RTP4,-0.5660489162544018,-0.5989533688958034,-0.5355956079688752,-0.5994572639465332,-0.6261520400643349,-0.5757754772901535,-0.4405838642544336,-0.1254650519999682,0,335
TFAP2C,-0.2808837895477401,-0.3087969602248715,-0.2583592050497986,-0.3394854664802551,-0.3581079363822937,-0.3194855235517025,-0.1347557550144913,-0.14612803453324882,0,335
ADAMTS2,-0.06164384599010406,-0.07270152097014099,-0.05630826110785791,-0.12965935468673706,-0.13772107064723968,-0.12102915924042464,0.010639595010405628,-0.07228344100050968,0,335
TMEM147,-0.26178528879961555,-0.2901370344163599,-0.2405997512903724,-0.394707590341568,-0.41077166199684145,-0.3801524855196476,-0.06143118879511766,-0.20035410000449788,0,335
SSH3,-0.39145041385473395,-0.4276744972874274,-0.36247054221444797,-0.3953278958797455,-0.40918746367096903,-0.3805021055042744,-0.19625493150160234,-0.1951954823531316,0,335
PPP1R2,-0.24579691208837173,-0.27323700907954385,-0.2229964423869014,-0.28836724162101746,-0.2989399291574955,-0.2766385219991207,-0.022249530789167936,-0.2235473812992038,0,335
CFH,-0.09856314699735767,-0.11057768805104055,-0.09179326424368706,-0.19443552196025848,-0.20715253315865995,-0.18241215385496617,-0.046801230704999856,-0.05176191629235782,0,335
CD93,-0.09330859082209834,-0.10657356544681669,-0.08617404019288047,-0.16093939542770386,-0.17085481584072112,-0.15112559720873833,-0.28377136984027684,0.19046277901817849,0,335
SNRPE,-0.2455742701315082,-0.2706475622927738,-0.2279890370595244,-0.3499487638473511,-0.3657108798623085,-0.33601714447140696,-0.39997446471662224,0.15440019458511403,0,335
INHBA,-0.07749444596881241,-0.09087189484820618,-0.07141934889090489,-0.15691924095153809,-0.16746105551719664,-0.14700968265533448,-0.10939571624839774,0.03190127027958532,0,335
DSTN,-0.5599037923593089,-0.5983776991786381,-0.5250091426533386,-0.5997562408447266,-0.6315129116177559,-0.56972935795784,-0.2684693512761258,-0.29143444108318306,0,335
CLDN3,-0.31365170783499774,-0.3468546174730055,-0.2869840046614752,-0.475576251745224,-0.49869712367653846,-0.4532907694578171,-0.3818619690257013,0.06821026119070356,0,335
LY96,-0.14086850829627293,-0.157300920954219,-0.13081206065195305,-0.24493008852005005,-0.2555268831551075,-0.23477312438189984,-0.10853133817652542,-0.0323371701197475,0,335
ALDOC,-0.4996881902911189,-0.5382384379482495,-0.4693920509892004,-0.6723543405532837,-0.6966231882572174,-0.6474965870380401,-0.5513428367146305,0.051654646423511585,0,335
FKBP10,-0.49477471835969905,-0.5338407093763428,-0.459041899527977,-0.5996452569961548,-0.6266059845685958,-0.570251977443695,-0.4456143150798616,-0.04916040327983745,0,335
ATP6V1C1,-0.07648344350264405,-0.08987268011573968,-0.07012897937666313,-0.12637998163700104,-0.13412854969501495,-0.11911912001669407,0.06647919512786793,-0.14296263863051198,0,335
CCDC3,-0.16002338903594152,-0.18090494265672405,-0.14728182447698887,-0.26613688468933105,-0.2766988195478916,-0.25411119014024736,0.05943146165809085,-0.21945485069403237,0,335
NME4,-0.16350551767598684,-0.18376376551624832,-0.15013070236685164,-0.3195638656616211,-0.3319282427430153,-0.3079411491751671,-0.23342951623405642,0.06992399855806958,0,335
ID1,-0.25186181992147005,-0.2763206626829035,-0.2332113813780392,-0.33852094411849976,-0.35064167305827143,-0.3273915261030197,-0.06643514676404122,-0.18542667315742883,0,335
HOXB7,-0.35147581911723924,-0.3805026697608677,-0.3284478922099443,-0.42381760478019714,-0.4384659372270107,-0.40937574580311775,-0.40267804497705506,0.05120222585981582,0,335
TM4SF18,-0.28732749125145474,-0.3157288132060736,-0.266010347810485,-0.3490772843360901,-0.36326992213726045,-0.3342784531414509,-0.4098039528618669,0.12247646161041215,0,335
CDC42SE1,-0.14655816451098694,-0.16558645433737854,-0.13345294863173604,-0.2090068757534027,-0.21863472908735276,-0.19969244934618474,0.13370274376619898,-0.2802609082771859,0,335
SCNN1A,-0.8456520534811283,-0.8615747309964605,-0.8294288988242494,-0.8647807240486145,-0.9061115697026253,-0.8258087158203125,-0.5628110516706459,-0.28284100181048233,0,335
CMTM3,-0.15512010087082537,-0.1738915271394562,-0.14234772572544468,-0.2793024480342865,-0.28905351236462595,-0.26916004419326783,-0.16287872017159713,0.007758619300771763,0,335
S100A10,-0.314664259978643,-0.3463115533455013,-0.2896905407699799,-0.3911592364311218,-0.4160963654518127,-0.3680651843547821,-0.3211492792666267,0.006485019287983673,0,335
SKAP1,-0.7664195688201119,-0.7919967988682177,-0.7425449921120978,-0.7887062430381775,-0.8113025575876236,-0.7652598440647125,-0.4773604177572361,-0.2890591510628758,0,335
VEZF1,-0.2239165310237691,-0.2496983691034152,-0.20369136701138021,-0.30379337072372437,-0.3178567335009575,-0.2895225740969181,-0.19119351914507873,-0.03272301187869037,0,335
TMEM97,-0.14193220096396278,-0.15884994761747054,-0.12841455657063777,-0.19615764915943146,-0.209378182888031,-0.18299646824598312,0.12359779375151617,-0.26552999471547895,0,335
SELENBP1,-0.4001962493492945,-0.4336334056782705,-0.3741056101375756,-0.42719897627830505,-0.4449215024709702,-0.40865612775087357,-0.3441785937719444,-0.05601765557735011,0,335
SFRP4,-0.16338183591443223,-0.18366813532747286,-0.14901815815696748,-0.2528122067451477,-0.2638468824326992,-0.24139718785881997,0.058534530086947645,-0.22191636600137987,1,335
CHCHD2,-0.2291755149470554,-0.2575227821254837,-0.20517659599811247,-0.3168308436870575,-0.33594131991267207,-0.29790605902671813,-0.07200183854040322,-0.1571736764066522,0,335
LPL,-0.12890488071887996,-0.14350244205476842,-0.11898841473784308,-0.2643910050392151,-0.2770568624138832,-0.2507117934525013,0.05808670505470935,-0.18699158577358932,0,335
CACNG4,-0.7249265516925527,-0.7541803098505839,-0.6950462302772288,-0.7374873757362366,-0.7657008796930314,-0.7072477072477341,-0.6321227481071972,-0.09280380358535556,0,335
SLC7A2,-0.5907246084173542,-0.6241325081684254,-0.55735985627151,-0.6886147260665894,-0.7139805346727371,-0.6638115778565407,-0.5978524826679266,0.007127874250572375,0,335
ADAMTS12,-0.06691109504304082,-0.07770219376953279,-0.062471267599746624,-0.13548602163791656,-0.14466611705720425,-0.12630461789667607,0.013407938919602161,-0.08031903396264299,0,335
MDFIC,-0.14074814736114502,-0.15664947709445795,-0.13003435581287653,-0.26249921321868896,-0.2763126097619534,-0.24823605045676234,-0.17285599376939084,0.03210784640824582,0,335
SLC2A10,-0.4797252455365201,-0.5139897401498627,-0.4455939740679323,-0.45986801385879517,-0.48134631514549253,-0.4378847241401672,-0.28648991994688666,-0.1932353255896334,0,335
ZNF83,-0.38968300443395054,-0.4216806948503842,-0.3625250508735954,-0.3742923438549042,-0.3837182894349098,-0.3645239628851414,-0.018109303780498704,-0.37157370065345185,0,335
RGS5,-0.2569631760149947,-0.2807002926241856,-0.23765686506092493,-0.30332356691360474,-0.3195048771798611,-0.28702972903847696,-0.012244806761743039,-0.24471836925325166,0,335
MAPK3,-0.28185287599925274,-0.3104470302375256,-0.2579643216370944,-0.3735086917877197,-0.38761341869831084,-0.3589016325771809,-0.08305223242214932,-0.19880064357710342,0,335
CST7,-0.101182012363736,-0.11324176881365161,-0.09525981110413788,-0.18597453832626343,-0.19504703134298323,-0.17693191692233085,-0.37185756418931865,0.27067555182558267,0,335
CLEC2B,-0.1509870932708089,-0.1688163704264463,-0.13898107771824636,-0.25255319476127625,-0.262206506729126,-0.24277511686086656,-0.2093376147491797,0.058350521478370804,0,335
TUBB2A,-0.5532229109529472,-0.5899970268509025,-0.5190341771441819,-0.5331642627716064,-0.5575004935264587,-0.5102064371109009,-0.34171188539764824,-0.21151102555529894,0,335
SNHG9,-0.09890614987785042,-0.11444563459118948,-0.08996564471196317,-0.14423047006130219,-0.15086980536580086,-0.13762650080025196,0.13126955045133615,-0.23017570032918655,0,335
MFAP5,-0.17233533279145966,-0.19606339244210874,-0.1554799069564842,-0.2682705521583557,-0.2803893446922302,-0.2565660700201988,-0.2151909400814576,0.04285560728999793,0,335
C17orf58,-0.4251069073408804,-0.4606164667059452,-0.3931020470625305,-0.40393733978271484,-0.4173178464174271,-0.3901704058051109,-0.4163805650958212,-0.008726342245059193,0,335
ALDH3B2,-0.7475201691416018,-0.7739985723863879,-0.7220682904408862,-0.7246266007423401,-0.7592124447226525,-0.6910614475607872,-0.2340800275781061,-0.5134401415634957,0,335
GOLPH3L,-0.1868235147022556,-0.2082487395715623,-0.1737027465809425,-0.2877255082130432,-0.3014494955539703,-0.2765862688422203,-0.019001123552468625,-0.16782239114978698,0,335
KRT23,-0.3379468350206956,-0.36517251672331874,-0.3147357016375457,-0.5367788672447205,-0.560935840010643,-0.510597912967205,-0.1828144350956935,-0.1551323999250021,0,335
BNIP3L,-0.33976029302096,-0.36787447174873766,-0.31539277261563436,-0.44660961627960205,-0.4681796796619892,-0.42644923701882365,-0.16837838182909237,-0.17138191119186763,0,335
CCND2,-0.20028918200201287,-0.22191504925333663,-0.18435863904341143,-0.2985144257545471,-0.30895414426922796,-0.28823618590831757,-0.24596624283146815,0.045677060829455274,1,335
COX7A1,-0.38756757401824377,-0.4172209522893517,-0.36493836245495864,-0.5132102966308594,-0.5338510572910309,-0.49421634450554847,-0.5331067395763031,0.1455391655580593,0,335
SELL,-0.10029277296831053,-0.11291412580760807,-0.0935734860094783,-0.1776285022497177,-0.1866597577929497,-0.168963485583663,0.05909854065855496,-0.15939131362686548,0,335
SHC1,-0.3489235175628671,-0.3801534668637735,-0.3238073550484084,-0.4994066059589386,-0.5237549111247063,-0.475606394559145,-0.120659321016815,-0.22826419654605212,0,335
DSP,-0.31161250844682353,-0.34206734022701085,-0.28581905632281657,-0.31307724118232727,-0.3283387295901775,-0.2996162086725235,-0.017839587349820614,-0.2937729210970029,0,335
PTPRC,-0.05002632071682272,-0.057769785203627196,-0.04618106137999656,-0.10995640605688095,-0.12041437160223722,-0.1004852393642068,-0.27773186538378586,0.22770554466696313,0,335
TRAM1,-0.09628507063745856,-0.1116491817877808,-0.08576402104681329,-0.15238574147224426,-0.1625124279409647,-0.14220662787556648,-0.07991777638752347,-0.01636729424993509,0,335
SEMA3C,-0.32150513068038084,-0.34945766229681985,-0.29769156104347033,-0.40554389357566833,-0.4279742404818535,-0.382130266726017,-0.11758678804438034,-0.2039183426360005,0,335
STAC2,-0.19451702208239555,-0.21422985893360225,-0.18025431372263706,-0.3471696674823761,-0.36069570332765577,-0.3330664947628975,-0.09153362450474543,-0.10298339757765011,0,335
RARRES2,-0.1660182646813177,-0.18612513333448655,-0.15154899188928475,-0.2600953280925751,-0.26999714970588684,-0.2511632740497589,-0.05473073043678103,-0.11128753424453666,0,335
CPA3,-0.23191333914375956,-0.2536976975541164,-0.21697496911987155,-0.2212110161781311,-0.22941726371645926,-0.21285765394568443,-0.06536872949197553,-0.16654460965178403,0,335
GIT1,-0.2285334914831383,-0.25059296705325845,-0.21154503425623694,-0.3057769536972046,-0.3162206314504147,-0.29582454860210416,-0.03390191897654584,-0.19463157250659247,0,335
NPEPPS,-0.14557653277339774,-0.16322058354593252,-0.13486647042399189,-0.22851116955280304,-0.23777126222848893,-0.21981646306812763,0.14128193506377437,-0.2868584678371721,0,335
RSAD1,-0.45110856244632275,-0.49240469031163375,-0.4141843898231814,-0.49523842334747314,-0.5155315503478051,-0.4761103868484497,-0.20208559426988243,-0.24902296817644032,0,335
ELOVL2,-0.49966273079465706,-0.5322917966598881,-0.4664507106978592,-0.4849024713039398,-0.5003347262740135,-0.4700223818421364,-0.16352540122314008,-0.336137329571517,0,335
SEC62,-0.2504073046945957,-0.2775066132704462,-0.22957663928642802,-0.33023902773857117,-0.349032998085022,-0.3120868571102619,-0.14273042401338049,-0.10767688068121523,0,335
PRR15L,-0.6160843876504802,-0.6505060855386801,-0.5789082018234474,-0.646672785282135,-0.6780489176511765,-0.6114049464464187,-0.3137737318539893,-0.3023106557964909,0,335
COTL1,-0.16942910657812807,-0.1887457691870595,-0.15375356793766487,-0.24585308134555817,-0.2642259180545807,-0.22641465142369271,0.3277941983836166,-0.4972233049617447,0,335
OLR1,-0.12375349107265007,-0.13858465018416546,-0.11400881826099421,-0.19489768147468567,-0.20487194806337355,-0.18464959412813187,-0.0006939213811652875,-0.12305956969148478,0,335
SLAMF7,-0.08215221551482306,-0.09346758832412946,-0.07676807850096154,-0.15010985732078552,-0.15971698388457298,-0.1412251379340887,0.02477465112419085,-0.1069268666390139,0,335
RAB4A,-0.2379319770368807,-0.2600019998953528,-0.22236154270487524,-0.34603288769721985,-0.35682851895689965,-0.3351872354745865,-0.14853108282369165,-0.08940089421318906,0,335
CD55,-0.14706838867529992,-0.16298717099253318,-0.13625873010599626,-0.19048330187797546,-0.19986275397241116,-0.18082027472555637,0.045549842124108175,-0.1926182307994081,0,335
VANGL2,-0.5359015606712655,-0.5694711045747594,-0.5070773513418522,-0.6909826993942261,-0.7193464413285255,-0.6631045341491699,-0.6141692095553031,0.07826764888403759,0,335
DHX9,-0.055211656431259706,-0.06526413735361448,-0.049521327674735285,-0.08501313626766205,-0.09291577748954297,-0.0773705879226327,0.1199558239597564,-0.1751674803910161,0,335
NDUFS2,-0.20207445000650523,-0.22176363685696052,-0.18803047285494462,-0.30712050199508667,-0.31816543340682985,-0.2964689634740353,-0.29325804680617445,0.09118359679966923,0,335
CLDN4,-0.32781659034557165,-0.3620207337045085,-0.29864542508699277,-0.421714723110199,-0.44531594291329385,-0.39850848019123075,-0.17242795858177037,-0.15538863176380127,0,335
TBC1D20,-0.22822650095326524,-0.25339557850456546,-0.2087888889701547,-0.2515206038951874,-0.2604237750172615,-0.24329808615148069,0.15513099600372815,-0.3833574969569934,0,335
SEZ6L2,-0.6831454357600361,-0.7144481367199887,-0.6523939397767216,-0.7546175718307495,-0.7819170907139779,-0.7287271380424499,-0.48145117015436084,-0.20169426560567522,0,335
NET1,-0.5482412516477528,-0.5881756545627093,-0.5148926139768075,-0.5972234606742859,-0.6317393377423286,-0.5671646028757096,-0.5012100532410658,-0.047031198406687014,0,335
LAPTM4B,-0.11688295445913126,-0.13222107833752814,-0.10802526286513257,-0.16137263178825378,-0.1732277475297451,-0.149491548538208,-0.15119249773374363,0.03430954327461237,0,335
ELF3,-0.2564932443577275,-0.2800217324818965,-0.2359647358063344,-0.32497093081474304,-0.3398358397185802,-0.30912577658891677,-0.06189401580634042,-0.19459922855138712,0,335
MAPRE1,-0.11627591020462755,-0.1341131762102916,-0.10548147614690269,-0.166281595826149,-0.17791630253195762,-0.15527972504496573,-0.08568492013840126,-0.030590990066226287,0,335
LYPLA1,-0.11964734514399748,-0.13528855190921532,-0.10963895300563546,-0.20266921818256378,-0.21278037764132024,-0.1931189689785242,0.0926854180764271,-0.2123327632204246,0,335
MUC1,-0.30758635716585897,-0.3335198198861089,-0.2881277806280365,-0.3128943145275116,-0.32779803648591044,-0.2974575735628605,-0.13232511522796628,-0.1752612419378927,0,335
ACLY,-0.19586903496388453,-0.21987759616374758,-0.1774512003518136,-0.27640366554260254,-0.2895248971879482,-0.26312382221221925,-0.24961633236724845,0.053747297403363925,0,335
AEBP1,-0.08570371220768035,-0.09834468647476917,-0.0784645887951769,-0.16856321692466736,-0.17930421121418477,-0.15762124098837377,-0.014475313764794506,-0.07122839844288584,0,335
CALD1,-0.11315124842196322,-0.12926113351694743,-0.10263864925801296,-0.216966912150383,-0.2294472873210907,-0.20281877927482128,0.02076369648762177,-0.133914944909585,0,335
SDCBP,-0.16065847569461633,-0.18029740998209956,-0.14833572504886233,-0.24760067462921143,-0.26215992867946625,-0.23355886042118074,-0.08473341164153571,-0.07592506405308062,0,335
RPRD2,-0.1543234014091645,-0.17423479033027406,-0.14180935578685364,-0.2423778921365738,-0.2530239008367062,-0.23255398049950599,-0.02056835156978155,-0.13375504983938297,0,335
ELMO3,-0.3443008010310627,-0.3797622045458686,-0.3172458857785468,-0.4905872941017151,-0.510467879474163,-0.47238871455192566,-0.3199555047687142,-0.024345296262348493,0,335
SERPINB9,-0.1573450442544003,-0.1747733549325675,-0.14628108573314277,-0.2817292809486389,-0.29587088003754614,-0.2671722322702408,-0.2602670990641319,0.10292205480973163,0,335
RARA,-0.4080522550820258,-0.4446419276760793,-0.3769534715776689,-0.44434985518455505,-0.460980224609375,-0.42774200364947323,-0.143167077359141,-0.2648851777228848,0,335
KCTD3,-0.19764463569707788,-0.21779302226995761,-0.1829046316090445,-0.29705753922462463,-0.30843144431710245,-0.2860473707318306,-0.2668264749818061,0.06918183928472824,0,335
ABCC11,-0.7026372681245605,-0.7301984207514953,-0.6777553640868743,-0.5823844075202942,-0.6063841551542282,-0.5591397657990456,-0.12732243402321158,-0.575314834101349,0,335
MAGEF1,-0.28223307196317243,-0.31079734188595465,-0.2599644008436894,-0.3522619605064392,-0.36680328845977783,-0.3374626271426678,-0.1845125314403177,-0.09772054052285473,0,335
PI4KB,-0.140347805128296,-0.1560996680156995,-0.1309654849593299,-0.2193218171596527,-0.23008542507886887,-0.20860043689608573,0.13210615017300156,-0.27245395530129757,0,335
PPP2R5A,-0.2372368205966394,-0.26315893128766366,-0.21834967717060197,-0.2995765209197998,-0.3131641663610935,-0.2869417481124401,-0.11629342594129438,-0.12094339465534501,0,335
GOLT1A,-0.41076321760736606,-0.4424030667498344,-0.382333952729341,-0.5550486445426941,-0.5748419970273971,-0.5343227759003639,-0.403200528580366,-0.00756268902700008,0,335
SOX9,-0.3798393826118922,-0.40904283982955636,-0.35137754320872266,-0.4031444191932678,-0.42070934399962423,-0.38616522774100304,-0.27081029837978626,-0.10902908423210594,0,335
NME3,-0.1180977809261432,-0.13286581399697173,-0.10815031234629859,-0.23322872817516327,-0.24220647439360618,-0.22407507076859473,-0.05782433001800238,-0.060273450908140826,0,335
CTHRC1,-0.10578347570501065,-0.11975242919187543,-0.09766130912603241,-0.21851137280464172,-0.23232753612101079,-0.2050168201327324,-0.0056758551128021145,-0.10010762059220854,0,335
CD4,-0.09825335222706752,-0.11038418788796206,-0.09199380254910586,-0.18449509143829346,-0.1961353413760662,-0.17211248949170113,-0.3074588562746576,0.20920550404759006,0,335
GCC1,-0.22375654177737814,-0.24922873805466192,-0.20359263475453138,-0.2596697211265564,-0.270743515342474,-0.24857649058103562,-0.10698294243070365,-0.11677359934667449,0,335
ANKH,-0.20424198025732987,-0.22806017340884524,-0.18771973004410256,-0.31560689210891724,-0.32813536152243616,-0.3027375526726246,-0.31277402550974814,0.10853204525241827,0,335
CTF1,-0.6972151954822791,-0.7280174966657964,-0.6684459214538183,-0.9358221292495728,-0.9738529726862908,-0.8979638829827309,-0.6770945316190646,-0.020120663863214427,0,335
PXMP4,-0.8225189887307879,-0.8427915847171761,-0.8019670890769496,-0.8383852243423462,-0.8680069848895073,-0.8103102803230285,-0.29496731483727645,-0.5275516738935114,0,335
VWF,-0.1653062827985737,-0.1823086346607929,-0.1540702323341456,-0.2954380512237549,-0.30845782831311225,-0.28182362094521524,-0.12812361376316814,-0.03718266903540557,0,335
CRNKL1,-0.14992162950390825,-0.1685100422420395,-0.13781709421066507,-0.19574150443077087,-0.20439733676612376,-0.18669837787747384,0.1826353689210066,-0.3325569984249148,0,335
WFDC2,-0.6918410901102903,-0.7236117348786266,-0.661917722385649,-0.8986944556236267,-0.9408533334732055,-0.8554330050945282,-0.5589213896301215,-0.13291970048016877,0,335
KDELR2,-0.33223371174143845,-0.36389628688493286,-0.3051973165453419,-0.3766328692436218,-0.40152695029973984,-0.35447077006101607,-0.15298764036327503,-0.17924607137816342,0,335
PRR14,-0.13056115366418528,-0.14815627908879392,-0.11901222047646653,-0.23959791660308838,-0.25032658129930496,-0.22846737653017044,-0.10064093561278298,-0.029920218051402298,0,335
C1orf116,-0.41721547962393285,-0.44698476856088243,-0.3935541366133817,-0.5486403703689575,-0.57191361784935,-0.5248527258634568,-0.33455594142205997,-0.08265953820187288,0,335
GMFG,-0.1653201564090584,-0.18287004014452726,-0.15416539683611366,-0.301009863615036,-0.3172472171485424,-0.28688220083713534,-0.4369144788978411,0.2715943224887827,0,335
SLC2A4RG,-0.12450089493961017,-0.1405686334572235,-0.1135398546671844,-0.22163216769695282,-0.23221423663198948,-0.20987072624266148,0.2102986989773119,-0.33479959391692204,0,335
RSL1D1,-0.3717183023639435,-0.40582355454493074,-0.342236341963699,-0.40523338317871094,-0.4273054413497448,-0.38385342732071875,-0.26634705003638776,-0.10537125232755573,0,335
STC1,-0.5078197495427315,-0.5403880083009048,-0.4791957430407652,-0.5999204516410828,-0.6214205235242843,-0.5782931193709373,-0.39602268682977865,-0.11179706271295281,0,335
S100A4,-0.1560561268037363,-0.17781127554655152,-0.14241689972349408,-0.20435956120491028,-0.2154122196137905,-0.1945583563297987,-0.3827438938753623,0.226687767071626,0,335
ZNF880,-0.7375376636230963,-0.7651167206119084,-0.7123186830483897,-0.9728186726570129,-1.0043967694044114,-0.9413848355412483,-0.5458243427856441,-0.19171332083745218,0,335
CREG1,-0.19430419499389703,-0.217774639613755,-0.17856004842905934,-0.2563308775424957,-0.26898260340094565,-0.2439977467060089,0.07810764398707915,-0.2724118389809762,0,335
CD40,-0.20901199320683286,-0.23007816787029506,-0.19516893423221923,-0.3662227392196655,-0.38127519488334655,-0.35234315916895864,-0.3059037575169491,0.09689176431011623,0,335
PRKAR1A,-0.23382450278382,-0.25983876090001584,-0.21447371184577274,-0.3448781669139862,-0.358015801012516,-0.33215294778347015,-0.2740676429656678,0.040243140181847825,0,335
S100A6,-0.4988787979517806,-0.5379641478601258,-0.4640018728945565,-0.6773146390914917,-0.7171952098608017,-0.6456801936030387,-0.42340627912618267,-0.07547251882559791,0,335
ECH1,-0.3426200278800079,-0.375076993437483,-0.31665137388674425,-0.5113110542297363,-0.532471564412117,-0.4905175782740116,-0.04653390447250489,-0.296086123407503,0,335
GRAMD1A,-0.21727085023800485,-0.24086687441254837,-0.20079063695393168,-0.2881092131137848,-0.2993641413748264,-0.27744404822587965,0.10753483232374564,-0.32480568256175046,0,335
RHOD,-0.36569021860836476,-0.40168938078789845,-0.3367286158328022,-0.5340651273727417,-0.5567811027169227,-0.5140352830290794,-0.25114876856095913,-0.11454145004740562,0,335
FCER1A,-0.23420469877337594,-0.25532356235276915,-0.21815926674387864,-0.36325615644454956,-0.38641852512955666,-0.34075191169977187,0.2590615144976572,-0.49326621327103315,0,335
SCGB3A1,-0.33842931196403936,-0.36586724509549295,-0.31737544789472244,-0.4606952667236328,-0.4758092388510704,-0.44594317525625227,-0.3840261149363956,0.04559680297235624,1,335
