macro_f1,weighted_f1,balanced_accuracy,mcc,f1__BRCA_Basal,precision__BRCA_Basal,recall__BRCA_Basal,f1__BRCA_Her2,precision__BRCA_Her2,recall__BRCA_Her2,f1__BRCA_LumA,precision__BRCA_LumA,recall__BRCA_LumA,f1__BRCA_LumB,precision__BRCA_LumB,recall__BRCA_LumB,f1__BRCA_Normal,precision__BRCA_Normal,recall__BRCA_Normal,roc_auc_macro,pr_auc_macro,roc_auc__BRCA_Basal,pr_auc__BRCA_Basal,roc_auc__BRCA_Her2,pr_auc__BRCA_Her2,roc_auc__BRCA_LumA,pr_auc__BRCA_LumA,roc_auc__BRCA_LumB,pr_auc__BRCA_LumB,roc_auc__BRCA_Normal,pr_auc__BRCA_Normal,model,repeat,fold,n_selected,best_inner_f1,M_condition
0.8294526346576777,0.9019533615622936,0.8100732600732601,0.8570448776297096,0.9696969696969697,0.9411764705882353,1.0,0.8387096774193549,0.8666666666666667,0.8125,0.9326424870466321,0.9278350515463918,0.9375,0.8607594936708861,0.85,0.8717948717948718,0.5454545454545454,0.75,0.42857142857142855,0.9893628738648301,0.9356731886111506,0.9996044303797468,0.9980764678030303,0.9942528735632183,0.9396417920314979,0.9800531914893618,0.9835993614243924,0.9814909152657497,0.9335789340417302,0.9914129586260734,0.823469387755102,MOGFormer_BASELINE,0,0,444,0.8947331014102419,full
0.7911311135101458,0.8721209181311049,0.7712912087912087,0.8153543703821989,0.96875,0.96875,0.96875,0.7142857142857143,0.8333333333333334,0.625,0.9139784946236559,0.9444444444444444,0.8854166666666666,0.8131868131868132,0.7115384615384616,0.9487179487179487,0.5454545454545454,0.75,0.42857142857142855,0.9870893688685758,0.9198493140396256,0.9990110759493671,0.9951354710230866,0.9953304597701149,0.9500133090593617,0.9737367021276596,0.9762288237777053,0.976736287994566,0.9301571543404484,0.990632318501171,0.7477118119975263,MOGFormer_BASELINE,0,0,444,0.8947331014102419,rna_only
0.1872061235647895,0.3642830422146125,0.325,0.2362687038506189,0.0,0.0,0.0,0.25806451612903225,0.14814814814814814,1.0,0.6779661016949152,0.7407407407407407,0.625,0.0,0.0,0.0,0.0,0.0,0.0,0.6286121097030737,0.30916914796195105,0.31111550632911394,0.19425233739278316,0.697198275862069,0.15353706921939178,0.7514960106382979,0.7600729090234604,0.6787230429614536,0.3665071848246772,0.704527712724434,0.07147623934944256,MOGFormer_BASELINE,0,0,444,0.8947331014102419,cnv_only
0.14263565891472868,0.3463892288861689,0.20096153846153847,0.006354320303231154,0.0,0.0,0.0,0.0,0.0,0.0,0.6666666666666666,0.5053763440860215,0.9791666666666666,0.046511627906976744,0.25,0.02564102564102564,0.0,0.0,0.0,0.6220078511755677,0.33469960430450085,0.7323971518987342,0.46745751469941893,0.5014367816091954,0.08877655662874955,0.625110815602837,0.6626275883181596,0.6109696043470878,0.26451491702784047,0.6401249024199844,0.1901214448483356,MOGFormer_BASELINE,0,0,444,0.8947331014102419,methy_only
0.8409266409266409,0.8904863510126668,0.845856227106227,0.838749026702081,0.9523809523809523,0.967741935483871,0.9375,0.8333333333333334,0.75,0.9375,0.918918918918919,0.9550561797752809,0.8854166666666666,0.8333333333333334,0.7777777777777778,0.8974358974358975,0.6666666666666666,0.8,0.5714285714285714,0.9845055722444875,0.9089671514182707,0.9994066455696202,0.9970684032869013,0.990301724137931,0.8938217677575262,0.9761746453900709,0.9796930844575935,0.9792834097469859,0.9353479742611588,0.9773614363778298,0.7389045273281727,MOGFormer_BASELINE,0,0,444,0.8947331014102419,rna_cnv
0.8323685837971553,0.8861478371252807,0.8051053113553113,0.8321899679359347,0.9696969696969697,0.9411764705882353,1.0,0.9333333333333333,1.0,0.875,0.9081632653061225,0.89,0.9270833333333334,0.8051948051948052,0.8157894736842105,0.7948717948717948,0.5454545454545454,0.75,0.42857142857142855,0.9886178524763594,0.9352215241846477,0.9994066455696203,0.9971852022058824,0.9971264367816092,0.9723345588235295,0.9802748226950355,0.98340639715732,0.9748683987094583,0.9129250524800963,0.9914129586260734,0.8102564102564103,MOGFormer_BASELINE,0,0,444,0.8947331014102419,rna_methy
0.2528884908195253,0.45732198835647114,0.28605769230769235,0.2268708494263318,0.0,0.0,0.0,0.13636363636363635,0.10714285714285714,0.1875,0.7142857142857143,0.6578947368421053,0.78125,0.41379310344827586,0.375,0.46153846153846156,0.0,0.0,0.0,0.7866913099406561,0.42027736736464283,0.8680775316455696,0.5609777584784852,0.7007902298850575,0.15740056061074784,0.7914450354609929,0.7965718545112215,0.7519103413143148,0.41059752456805304,0.8212334113973457,0.17583913865470668,MOGFormer_BASELINE,0,0,444,0.8947331014102419,cnv_methy
0.8691461802802009,0.8943207145540297,0.8414317042606516,0.8408185183519199,1.0,1.0,1.0,0.8,0.8571428571428571,0.75,0.9175257731958762,0.9081632653061225,0.9270833333333334,0.7948717948717948,0.775,0.8157894736842105,0.8333333333333334,1.0,0.7142857142857143,0.976236729532952,0.9248389336456773,1.0,0.9999999999999998,0.9888649425287357,0.9003571433894324,0.9790558510638299,0.9790104977880111,0.9561980609418284,0.871555137650022,0.9570647931303669,0.8732718894009215,MOGFormer_BASELINE,0,1,444,0.8898142282554048,full
0.7184842850700947,0.8289621929994084,0.7133615288220552,0.7819774970457579,1.0,1.0,1.0,0.11764705882352941,1.0,0.0625,0.9381443298969072,0.9285714285714286,0.9479166666666666,0.7032967032967034,0.6037735849056604,0.8421052631578947,0.8333333333333334,1.0,0.7142857142857143,0.9697123611561494,0.9017229995432852,1.0,0.9999999999999998,0.9748563218390804,0.842424197179632,0.9730718085106382,0.9713576467091034,0.9388850415512466,0.8399166417683214,0.9617486338797814,0.8549165120593691,MOGFormer_BASELINE,0,1,444,0.8898142282554048,rna_only
0.238830667402096,0.4510146021424217,0.290530303030303,0.2726304116022956,0.4594594594594595,0.4146341463414634,0.5151515151515151,0.0,0.0,0.0,0.7346938775510204,0.6040268456375839,0.9375,0.0,0.0,0.0,0.0,0.0,0.0,0.7122671411995233,0.36950529578095936,0.7857556456282571,0.4583649013413704,0.7144396551724138,0.26777896123639894,0.7671764184397164,0.7724712761496529,0.6038781163434903,0.2865256872138028,0.6900858704137391,0.062385652963571465,MOGFormer_BASELINE,0,1,444,0.8898142282554048,cnv_only
0.24367901006556467,0.4396702810678927,0.3159090909090909,0.26483085459279043,0.5306122448979592,0.4,0.7878787878787878,0.0,0.0,0.0,0.6877828054298643,0.608,0.7916666666666666,0.0,0.0,0.0,0.0,0.0,0.0,0.7275076619919036,0.3319865219284157,0.8259023354564756,0.521108227925474,0.7219827586206896,0.17415338228348792,0.6295434397163121,0.5726531180342613,0.6693213296398892,0.2800858997208338,0.7907884465261515,0.11193198167802149,MOGFormer_BASELINE,0,1,444,0.8898142282554048,methy_only
0.8523710168777612,0.8865737067403294,0.812155388471178,0.8316512768840355,1.0,1.0,1.0,0.7407407407407407,0.9090909090909091,0.625,0.9246231155778895,0.8932038834951457,0.9583333333333334,0.7631578947368421,0.7631578947368421,0.7631578947368421,0.8333333333333334,1.0,0.7142857142857143,0.9780917923323574,0.9270441811832182,1.0,0.9999999999999998,0.9863505747126438,0.8967457191286525,0.979831560283688,0.9793541060988655,0.9570637119113572,0.8815700602804097,0.9672131147540983,0.8775510204081631,MOGFormer_BASELINE,0,1,444,0.8898142282554048,rna_cnv
0.8035998738472829,0.8662009185747964,0.7660401002506265,0.8036825195624008,0.9850746268656716,0.9705882352941176,1.0,0.64,0.8888888888888888,0.5,0.9214659685863874,0.9263157894736842,0.9166666666666666,0.7441860465116279,0.6666666666666666,0.8421052631578947,0.7272727272727273,1.0,0.5714285714285714,0.9802992608921706,0.927131797393417,1.0,0.9999999999999998,0.988146551724138,0.9009818844948154,0.9776152482269505,0.9766498677205501,0.9529085872576177,0.8664016189881734,0.9828259172521467,0.8916256157635467,MOGFormer_BASELINE,0,1,444,0.8898142282554048,rna_methy
0.28037802840434417,0.47979158422371715,0.33693181818181817,0.3257247894876597,0.5555555555555556,0.43859649122807015,0.7575757575757576,0.10526315789473684,0.3333333333333333,0.0625,0.7410714285714286,0.6484375,0.8645833333333334,0.0,0.0,0.0,0.0,0.0,0.0,0.7844656855349932,0.4666482529357857,0.8747346072186837,0.6412962472971745,0.7449712643678161,0.33026303854384514,0.7928856382978724,0.7509191730297421,0.6627423822714681,0.33579399383196573,0.8469945355191257,0.27496881197620116,MOGFormer_BASELINE,0,1,444,0.8898142282554048,cnv_methy
0.8592756343150182,0.8872798904646861,0.851268315018315,0.8324002927854518,1.0,1.0,1.0,0.7586206896551724,0.7857142857142857,0.7333333333333333,0.9238578680203046,0.900990099009901,0.9479166666666666,0.7567567567567568,0.8,0.717948717948718,0.8571428571428571,0.8571428571428571,0.8571428571428571,0.9836027507738818,0.9225420789523323,1.0,0.9999999999999998,0.9866666666666667,0.8714700500816652,0.9782801418439716,0.977610340018836,0.95618950585838,0.8155780566092123,0.9968774395003903,0.9480519480519478,MOGFormer_BASELINE,0,2,444,0.843952588292211,full
0.5316986594292293,0.7167207569874601,0.5239552114552115,0.6244256917717664,0.68,1.0,0.5151515151515151,0.0,0.0,0.0,0.8911917098445595,0.8865979381443299,0.8958333333333334,0.6428571428571429,0.4931506849315068,0.9230769230769231,0.4444444444444444,1.0,0.2857142857142857,0.9195986257210119,0.6850613438023548,0.9957537154989384,0.9824520072361664,0.795047619047619,0.18157844117511082,0.9618794326241135,0.9653051284198467,0.9132280523009,0.6973780685875766,0.9320843091334895,0.5985930735930736,MOGFormer_BASELINE,0,2,444,0.843952588292211,rna_only
0.2929317808628153,0.43539019963702363,0.377732683982684,0.2203533458570599,0.5151515151515151,0.5151515151515151,0.5151515151515151,0.0,0.0,0.0,0.6637931034482759,0.5661764705882353,0.8020833333333334,0.0,0.0,0.0,0.2857142857142857,0.19047619047619047,0.5714285714285714,0.7703261194410939,0.4310453147329983,0.8193398957730168,0.4582525330687292,0.7504761904761905,0.17315119355159095,0.7731604609929078,0.7039420946344167,0.6374596705722533,0.306093716334597,0.8711943793911007,0.5137870360756576,MOGFormer_BASELINE,0,2,444,0.843952588292211,cnv_only
0.14838862934515795,0.2560447758083942,0.24621212121212124,0.09765250588060659,0.3583815028901734,0.22142857142857142,0.9393939393939394,0.0,0.0,0.0,0.3835616438356164,0.56,0.2916666666666667,0.0,0.0,0.0,0.0,0.0,0.0,0.7096260899504745,0.39821770396784956,0.8915267322910635,0.7275184350906087,0.6457142857142857,0.1405255348332345,0.5733599290780141,0.5595096801751213,0.7739853965019527,0.49042485549440024,0.6635441061670571,0.07311001424588319,MOGFormer_BASELINE,0,2,444,0.843952588292211,methy_only
0.7167457829526795,0.8312739529073466,0.67759657009657,0.7593586167945823,0.9523809523809523,1.0,0.9090909090909091,0.36363636363636365,0.5714285714285714,0.26666666666666666,0.9090909090909091,0.8823529411764706,0.9375,0.7586206896551724,0.6875,0.8461538461538461,0.6,1.0,0.42857142857142855,0.9628662216915016,0.843168922655852,0.9998069870681335,0.9991087344028519,0.9234285714285714,0.6331411943176649,0.9700797872340425,0.9710857129087553,0.9381898454746137,0.7764283855694023,0.9828259172521467,0.836080586080586,MOGFormer_BASELINE,0,2,444,0.843952588292211,rna_cnv
0.7130550658579805,0.7917178078796893,0.6997881285381286,0.7188938800743766,0.96875,1.0,0.9393939393939394,0.3157894736842105,0.75,0.2,0.8837209302325582,0.7983193277310925,0.9895833333333334,0.5970149253731343,0.7142857142857143,0.5128205128205128,0.8,0.75,0.8571428571428571,0.9770713992664346,0.8779548476477921,1.0,0.9999999999999998,0.9744761904761905,0.69923134802311,0.9771719858156028,0.978483443834092,0.9368313805399897,0.7640074983298106,0.9968774395003903,0.9480519480519478,MOGFormer_BASELINE,0,2,444,0.843952588292211,rna_methy
0.2962534874451973,0.43851083467936486,0.37437770562770567,0.28992035330037713,0.5,0.3448275862068966,0.9090909090909091,0.0,0.0,0.0,0.6735751295336787,0.6701030927835051,0.6770833333333334,0.0,0.0,0.0,0.3076923076923077,0.3333333333333333,0.2857142857142857,0.8203921962929421,0.5339272352393184,0.9191275815479637,0.8126142181506778,0.7847619047619048,0.236977096099487,0.7320478723404256,0.7015633806309768,0.7807777211750722,0.5113495209798286,0.8852459016393444,0.40713196033562166,MOGFormer_BASELINE,0,2,444,0.843952588292211,cnv_methy
0.879579230293516,0.8925976842706167,0.9065675990675992,0.842690059227084,0.9846153846153847,1.0,0.9696969696969697,0.8484848484848485,0.7777777777777778,0.9333333333333333,0.9183673469387755,0.9,0.9375,0.7714285714285715,0.8709677419354839,0.6923076923076923,0.875,0.7777777777777778,1.0,0.9797392537919489,0.9229044127548856,0.9752943447210963,0.9759081498211931,0.9866666666666666,0.8922432306255834,0.9730718085106382,0.9740466004525249,0.9675666496858549,0.8768592302674165,0.9960967993754879,0.8954648526077096,MOGFormer_BASELINE,0,3,444,0.9002823417701779,full
0.39680224403927067,0.6520587583966929,0.4158362470862471,0.5200543151288851,0.5217391304347826,0.9230769230769231,0.36363636363636365,0.0,0.0,0.0,0.8709677419354839,0.9,0.84375,0.591304347826087,0.4473684210526316,0.8717948717948718,0.0,0.0,0.0,0.9161377423582968,0.6349657116881646,0.9834008878594866,0.9470501570165909,0.819047619047619,0.19044084510419607,0.9511303191489361,0.9502390215359834,0.8965868568517575,0.7304353566923033,0.9305230288836847,0.3566631780917495,MOGFormer_BASELINE,0,3,444,0.9002823417701779,rna_only
0.1485589378238342,0.2602808835560404,0.2376602564102564,0.13272581019196772,0.0,0.0,0.0,0.0,0.0,0.0,0.359375,0.71875,0.23958333333333334,0.38341968911917096,0.24025974025974026,0.9487179487179487,0.0,0.0,0.0,0.6583218256561746,0.30014493509071183,0.41478479058096895,0.15891092173416616,0.7219047619047619,0.17632780807786286,0.7894503546099291,0.7704625007083223,0.6566479877738156,0.2729954190428263,0.7088212334113974,0.12202802589038153,MOGFormer_BASELINE,0,3,444,0.9002823417701779,cnv_only
0.23108350586611456,0.4234390323635175,0.24833333333333335,0.16100022116809665,0.0,0.0,0.0,0.08571428571428572,0.05454545454545454,0.2,0.6570048309178744,0.6126126126126126,0.7083333333333334,0.4126984126984127,0.5416666666666666,0.3333333333333333,0.0,0.0,0.0,0.614178259321555,0.33263805689922166,0.66106929164254,0.29134950866492826,0.49523809523809526,0.07950700827564802,0.7124335106382979,0.7480615906822261,0.6642893530310747,0.4913294456253012,0.5378610460577674,0.052942731248004325,MOGFormer_BASELINE,0,3,444,0.9002823417701779,methy_only
0.8594871794871795,0.8827530364372469,0.8583304195804196,0.8249453041398956,0.9846153846153847,1.0,0.9696969696969697,0.75,1.0,0.6,0.9128205128205128,0.898989898989899,0.9270833333333334,0.775,0.7560975609756098,0.7948717948717948,0.875,0.7777777777777778,1.0,0.9779505385197694,0.9339882159052225,0.988033198224281,0.9802232854864432,0.9817142857142858,0.8982750023086157,0.9703014184397164,0.9692542968279538,0.9512650704703685,0.8539345266491313,0.9984387197501952,0.9682539682539681,MOGFormer_BASELINE,0,3,444,0.9002823417701779,rna_cnv
0.6262280576194875,0.7956459386178364,0.6433187645687646,0.7108240484075629,0.9032258064516129,0.9655172413793104,0.8484848484848485,0.6666666666666666,0.5714285714285714,0.8,0.8855721393034826,0.8476190476190476,0.9270833333333334,0.6756756756756757,0.7142857142857143,0.6410256410256411,0.0,0.0,0.0,0.9729244281252752,0.8598885775568912,0.985331017178151,0.9719387862232909,0.9740952380952381,0.7744593859299742,0.9730718085106383,0.9735324821355945,0.9539820003396162,0.845158491998997,0.9781420765027322,0.7343537414965986,MOGFormer_BASELINE,0,3,444,0.9002823417701779,rna_methy
0.19894032602166573,0.2893530040848097,0.3207371794871795,0.18185940951071572,0.0,0.0,0.0,0.22857142857142856,0.13333333333333333,0.8,0.38016528925619836,0.92,0.23958333333333334,0.38596491228070173,0.29333333333333333,0.5641025641025641,0.0,0.0,0.0,0.7305508240566201,0.38553781191926034,0.621501640609921,0.30473725120533557,0.8026666666666666,0.20135980961251115,0.8481826241134752,0.8282680389658136,0.7121752419765665,0.4868850555796193,0.6682279469164716,0.10643890423302187,MOGFormer_BASELINE,0,3,444,0.9002823417701779,cnv_methy
0.7540463680778471,0.8438523534681651,0.7446703296703296,0.7621414538002194,0.96875,0.96875,0.96875,0.48484848484848486,0.4444444444444444,0.5333333333333333,0.9157894736842105,0.925531914893617,0.90625,0.7341772151898734,0.725,0.7435897435897436,0.6666666666666666,0.8,0.5714285714285714,0.9637986315587671,0.8039970269563506,0.9978105095541402,0.9915829613095238,0.921455938697318,0.5013624323945394,0.9650537634408601,0.9664056883506141,0.9574358974358974,0.8244859902632237,0.9772370486656201,0.7361480624638519,MOGFormer_BASELINE,0,4,444,0.8334343115800069,full
0.4634216518793467,0.6473632021137388,0.44735347985347984,0.5296256001163862,0.8771929824561403,1.0,0.78125,0.125,1.0,0.06666666666666667,0.8016877637130801,0.6737588652482269,0.9895833333333334,0.37037037037037035,0.6666666666666666,0.2564102564102564,0.14285714285714285,0.14285714285714285,0.14285714285714285,0.9346031037953711,0.6911248500799564,0.9996019108280255,0.9981617647058824,0.8812260536398467,0.4159359747829689,0.9618055555555556,0.9680159485238184,0.9394871794871794,0.778914678575687,0.890894819466248,0.2945958838114253,MOGFormer_BASELINE,0,4,444,0.8334343115800069,rna_only
0.10520580089244498,0.08447098291882105,0.28958333333333336,0.11546237538218804,0.417910447761194,0.4,0.4375,0.0,0.0,0.0,0.020618556701030927,1.0,0.010416666666666666,0.0,0.0,0.0,0.0875,0.0457516339869281,1.0,0.674527849292167,0.3092888805222046,0.7730891719745223,0.4126638840641587,0.5486590038314176,0.09190553496622575,0.6540098566308244,0.6215678007158744,0.681025641025641,0.3433585104191974,0.7158555729984302,0.07694867244556686,MOGFormer_BASELINE,0,4,444,0.8334343115800069,cnv_only
0.02955665024630542,0.011728829462819612,0.2,-0.008042136807802127,0.0,0.0,0.0,0.1477832512315271,0.0797872340425532,1.0,0.0,0.0,0.0,0.0,0.0,0.0,0.0,0.0,0.0,0.6020665420748025,0.28478035742651475,0.642515923566879,0.3164237834336825,0.6279693486590039,0.14056254941512436,0.604054659498208,0.5936488747359199,0.5769230769230769,0.32517132027352696,0.5588697017268446,0.048095259274319936,MOGFormer_BASELINE,0,4,444,0.8334343115800069,methy_only
0.6666060634844708,0.811057753841289,0.657445054945055,0.7313187702715893,0.9508196721311475,1.0,0.90625,0.3,0.6,0.2,0.9109947643979057,0.9157894736842105,0.90625,0.7096774193548387,0.6111111111111112,0.8461538461538461,0.46153846153846156,0.5,0.42857142857142855,0.9575562335028212,0.7671840755121264,0.9992038216560509,0.9965277777777778,0.9042145593869733,0.46280548918016945,0.9639336917562724,0.9658938490773974,0.9502564102564102,0.7933463227497771,0.9701726844583988,0.6173469387755102,MOGFormer_BASELINE,0,4,444,0.8334343115800069,rna_cnv
0.5814826724883959,0.7024706135043638,0.5955906593406592,0.6404562078365271,0.96875,0.96875,0.96875,0.5789473684210527,0.4782608695652174,0.7333333333333333,0.8430493273542601,0.7401574803149606,0.9791666666666666,0.26666666666666666,1.0,0.15384615384615385,0.25,1.0,0.14285714285714285,0.9644024377770158,0.8267931532287763,0.9990047770700637,0.9953368015552996,0.9555555555555555,0.7095679832656576,0.9571012544802867,0.9611608582393885,0.944102564102564,0.8473118877894185,0.9662480376766092,0.6205882352941177,MOGFormer_BASELINE,0,4,444,0.8334343115800069,rna_methy
0.19567193846685677,0.26738466308079994,0.2847802197802198,0.07025840254741533,0.3157894736842105,1.0,0.1875,0.10344827586206896,0.06976744186046512,0.2,0.3586206896551724,0.5306122448979592,0.2708333333333333,0.09523809523809523,0.6666666666666666,0.05128205128205128,0.10526315789473684,0.056818181818181816,0.7142857142857143,0.7099316978234411,0.36927869375308875,0.8220541401273886,0.5753275132826086,0.5739463601532566,0.09966638504195469,0.7118055555555555,0.6564085214233691,0.6953846153846154,0.4079143047156641,0.7464678178963893,0.1070767443018471,MOGFormer_BASELINE,0,4,444,0.8334343115800069,cnv_methy
0.8410884353741496,0.8911707841031149,0.8334478021978022,0.8407611825996986,0.9538461538461539,0.9393939393939394,0.96875,0.6923076923076923,0.9,0.5625,0.9387755102040817,0.92,0.9583333333333334,0.8205128205128205,0.8205128205128205,0.8205128205128205,0.8,0.75,0.8571428571428571,0.9879353047525008,0.9379383949741353,0.9986155063291139,0.9943910256410257,0.9874281609195402,0.9275130063173541,0.9838209219858155,0.9853346402650144,0.9760570555272542,0.9015009216949019,0.9937548790007806,0.8809523809523809,MOGFormer_BASELINE,1,0,444,0.8518681318681318,full
0.4620223911754259,0.6749127088145195,0.4574175824175824,0.5520476743748091,0.8363636363636363,1.0,0.71875,0.0,0.0,0.0,0.852017937219731,0.7480314960629921,0.9895833333333334,0.4788732394366197,0.53125,0.4358974358974359,0.14285714285714285,0.14285714285714285,0.14285714285714285,0.9407726769404391,0.6569273914207571,0.9974287974683544,0.9909722222222223,0.9037356321839081,0.4252891358991402,0.9701906028368794,0.9734453608900753,0.8996434029546613,0.6040061761598828,0.9328649492583919,0.29092406193246534,MOGFormer_BASELINE,1,0,444,0.8518681318681318,rna_only
0.22435527232898536,0.458358531996625,0.26858974358974363,0.26166050458396634,0.0,0.0,0.0,0.0,0.0,0.0,0.7603305785123967,0.6301369863013698,0.9583333333333334,0.3614457831325301,0.3409090909090909,0.38461538461538464,0.0,0.0,0.0,0.7030005633868273,0.3682597917372372,0.6354825949367089,0.22561489900600365,0.6788793103448276,0.1382187792871518,0.8285682624113475,0.8051989108156103,0.6320258108337579,0.2732459737467846,0.7400468384074942,0.39902039583063553,MOGFormer_BASELINE,1,0,444,0.8518681318681318,cnv_only
0.1603550295857988,0.3243382123948926,0.20144230769230767,0.04782350360584321,0.0,0.0,0.0,0.0,0.0,0.0,0.5325443786982249,0.6164383561643836,0.46875,0.2692307692307692,0.1794871794871795,0.5384615384615384,0.0,0.0,0.0,0.5996119080083637,0.2945789085989948,0.7832278481012658,0.3947379811889897,0.5298132183908045,0.08935799044652507,0.6606826241134752,0.6799650381031791,0.5559517744948208,0.26002686563754646,0.46838407494145196,0.04880666761873365,MOGFormer_BASELINE,1,0,444,0.8518681318681318,methy_only
0.6774531683235274,0.7764672382925258,0.6832875457875458,0.7012480261758224,0.9354838709677419,0.9666666666666667,0.90625,0.2222222222222222,1.0,0.125,0.8962264150943396,0.8189655172413793,0.9895833333333334,0.5833333333333334,0.6363636363636364,0.5384615384615384,0.75,0.6666666666666666,0.8571428571428571,0.9766961774430186,0.8660821935882794,0.9970332278481012,0.9889875952060933,0.9737787356321839,0.8555777759821878,0.9841533687943262,0.9857060197983833,0.9363219561895059,0.7393686018980437,0.9921935987509758,0.7607709750566893,MOGFormer_BASELINE,1,0,444,0.8518681318681318,rna_cnv
0.8092475293147562,0.8698346885803764,0.7647664835164836,0.808657831031759,0.9841269841269841,1.0,0.96875,0.64,0.8888888888888888,0.5,0.9183673469387755,0.9,0.9375,0.7764705882352941,0.717391304347826,0.8461538461538461,0.7272727272727273,1.0,0.5714285714285714,0.9819974890391693,0.9237358980502972,0.9976265822784811,0.9914772727272727,0.9752155172413792,0.8694605822088957,0.9823803191489362,0.9838873350826824,0.9578875870266599,0.8371196063550836,0.9968774395003903,0.9367346938775509,MOGFormer_BASELINE,1,0,444,0.8518681318681318,rna_methy
0.317762640944114,0.5143667977987473,0.34347527472527467,0.3222309620259671,0.0,0.0,0.0,0.13043478260869565,0.1,0.1875,0.7821782178217822,0.7452830188679245,0.8229166666666666,0.4943820224719101,0.44,0.5641025641025641,0.18181818181818182,0.25,0.14285714285714285,0.7035497949238557,0.3404995292678493,0.5534018987341771,0.20713429117928228,0.7051005747126436,0.13740381791768416,0.8192597517730497,0.7664896535734094,0.7405331974868398,0.4660220788473598,0.6994535519125683,0.1254478048215108,MOGFormer_BASELINE,1,0,444,0.8518681318681318,cnv_methy
0.8591286836182206,0.8775019447061632,0.889241569833675,0.8207688418090514,0.9538461538461539,0.96875,0.9393939393939394,0.7894736842105263,0.6818181818181818,0.9375,0.9,0.9642857142857143,0.84375,0.7951807228915663,0.7333333333333333,0.868421052631579,0.8571428571428571,0.8571428571428571,0.8571428571428571,0.9867817480647487,0.9544246093736973,0.998648909476935,0.9944197216924489,0.9956896551724138,0.9534373102387809,0.9786125886524824,0.980286174687073,0.9617382271468145,0.8618369831073269,0.9992193598750976,0.982142857142857,MOGFormer_BASELINE,1,1,444,0.8395191467258174,full
0.398573876737911,0.6382692844511285,0.4313696172248804,0.5290553208071928,0.6122448979591837,0.9375,0.45454545454545453,0.0,0.0,0.0,0.8379888268156425,0.9036144578313253,0.78125,0.5426356589147286,0.38461538461538464,0.9210526315789473,0.0,0.0,0.0,0.9434025519354302,0.7652229214795232,0.9971048060220035,0.985887409936016,0.8311781609195402,0.2967079845949028,0.9655363475177305,0.965369335105219,0.9349030470914127,0.8070614423873288,0.9882903981264637,0.7710884353741496,MOGFormer_BASELINE,1,1,444,0.8395191467258174,rna_only
0.1716135373769214,0.3683598645298996,0.22192982456140356,0.1043510341791707,0.0,0.0,0.0,0.11764705882352941,0.1111111111111111,0.125,0.6891385767790262,0.5380116959064327,0.9583333333333334,0.05128205128205128,1.0,0.02631578947368421,0.0,0.0,0.0,0.6798022345845054,0.3102702131596836,0.6917583478093032,0.3291479872782505,0.7058189655172413,0.1732969093193534,0.7288342198581561,0.6700647644123328,0.7042936288088644,0.3314486885040075,0.5683060109289617,0.04739271628447362,MOGFormer_BASELINE,1,1,444,0.8395191467258174,cnv_only
0.13426573426573427,0.33919764446080236,0.2,0.0,0.0,0.0,0.0,0.0,0.0,0.0,0.6713286713286714,0.5052631578947369,1.0,0.0,0.0,0.0,0.0,0.0,0.0,0.6263369620093006,0.2731038093745223,0.7048832271762209,0.3681615689190257,0.49389367816091956,0.09652411704382768,0.6236702127659575,0.5763358114673158,0.5129847645429363,0.20875466358806397,0.7962529274004684,0.11574288585437813,MOGFormer_BASELINE,1,1,444,0.8395191467258174,methy_only
0.815468204857358,0.8626736867834407,0.8293930849851903,0.7922406431205483,0.9180327868852459,1.0,0.8484848484848485,0.7857142857142857,0.9166666666666666,0.6875,0.9090909090909091,0.9340659340659341,0.8854166666666666,0.7586206896551724,0.673469387755102,0.868421052631579,0.7058823529411765,0.6,0.8571428571428571,0.9816457127027178,0.9135171362505397,0.9982628836132021,0.9922021073230749,0.9845545977011494,0.8690025166028204,0.9752881205673759,0.9771668438438098,0.9579293628808864,0.8601665944353738,0.9921935987509758,0.8690476190476191,MOGFormer_BASELINE,1,1,444,0.8395191467258174,rna_cnv
0.8401879627885025,0.8703128892204949,0.8438012645249489,0.812052415751387,0.9230769230769231,0.9375,0.9090909090909091,0.8648648648648649,0.7619047619047619,1.0,0.8950276243093923,0.9529411764705882,0.84375,0.7906976744186046,0.7083333333333334,0.8947368421052632,0.7272727272727273,1.0,0.5714285714285714,0.9868452352635659,0.9340306268816907,0.9971048060220035,0.9873095770628976,0.9946120689655172,0.9307333382991277,0.980607269503546,0.981942204530896,0.9665858725761772,0.8725489668964849,0.9953161592505855,0.8976190476190475,MOGFormer_BASELINE,1,1,444,0.8395191467258174,rna_methy
0.1927608744647284,0.3832596704743604,0.24772727272727274,0.15383373680022755,0.058823529411764705,1.0,0.030303030303030304,0.2,0.16666666666666666,0.25,0.7049808429118773,0.5575757575757576,0.9583333333333334,0.0,0.0,0.0,0.0,0.0,0.0,0.7141931847846178,0.3873386917400225,0.7759119861030689,0.5301917036145188,0.6788793103448276,0.21228776606970526,0.7779255319148937,0.7791551972387871,0.7098337950138505,0.3505507633291461,0.628415300546448,0.06450802844795527,MOGFormer_BASELINE,1,1,444,0.8395191467258174,cnv_methy
0.8066762625324188,0.8321825792061813,0.8740705128205128,0.76743317699471,0.9705882352941176,0.9428571428571428,1.0,0.7857142857142857,0.8461538461538461,0.7333333333333333,0.8402366863905325,0.9726027397260274,0.7395833333333334,0.7368421052631579,0.625,0.8974358974358975,0.7,0.5384615384615384,1.0,0.9763869530361111,0.8476692363843974,0.9996139741362672,0.9982683982683982,0.9775238095238095,0.7871056330884164,0.9740691489361704,0.9715872425661654,0.9463406350823569,0.8492111293966575,0.9843871975019516,0.63217377860235,MOGFormer_BASELINE,1,2,444,0.8256520763187429,full
0.6445266644278951,0.8301447230663822,0.6323543123543123,0.768501759772096,0.9,1.0,0.8181818181818182,0.5806451612903226,0.5625,0.6,0.9014084507042254,0.8205128205128205,1.0,0.8405797101449275,0.9666666666666667,0.7435897435897436,0.0,0.0,0.0,0.9626088362027441,0.785200366114191,0.9982628836132021,0.9926457558036503,0.9180952380952382,0.5584054899697601,0.9671985815602837,0.9628715087827217,0.9716420444897267,0.9414097077890634,0.9578454332552694,0.47066936822575917,MOGFormer_BASELINE,1,2,444,0.8256520763187429,rna_only
0.13333333333333333,0.3368421052631579,0.19791666666666669,-0.03353280265077049,0.0,0.0,0.0,0.0,0.0,0.0,0.6666666666666666,0.5026455026455027,0.9895833333333334,0.0,0.0,0.0,0.0,0.0,0.0,0.700301915384774,0.3396546726877351,0.8521520941903108,0.59142485106332,0.6201904761904762,0.10062584788111843,0.681072695035461,0.6721363591901595,0.6057055527254203,0.24363956968927453,0.7423887587822015,0.09044673561480285,MOGFormer_BASELINE,1,2,444,0.8256520763187429,cnv_only
0.05079718205413423,0.0331186698671038,0.20205128205128203,-0.006085806194501846,0.0,0.0,0.0,0.15053763440860216,0.08187134502923976,0.9333333333333333,0.0,0.0,0.0,0.10344827586206896,0.15789473684210525,0.07692307692307693,0.0,0.0,0.0,0.6117921423621475,0.26257959713604795,0.6622273692337387,0.22663578146569333,0.5542857142857143,0.0894131500765204,0.5960771276595744,0.6518342221869161,0.6007811173374087,0.27902632907550984,0.6455893832943014,0.0659885028755999,MOGFormer_BASELINE,1,2,444,0.8256520763187429,methy_only
0.8193324219640008,0.8846121883656509,0.8217615717615716,0.8268024667477073,0.9393939393939394,0.9393939393939394,0.9393939393939394,0.6666666666666666,0.6666666666666666,0.6666666666666666,0.9263157894736842,0.9361702127659575,0.9166666666666666,0.85,0.8292682926829268,0.8717948717948718,0.7142857142857143,0.7142857142857143,0.7142857142857143,0.979765257139715,0.8589615559055812,0.9990349353406678,0.9956922162804513,0.9683809523809523,0.7371106510236944,0.979831560283688,0.978047245662103,0.9648497198166072,0.9010984622738811,0.9867291178766588,0.6828592042877757,MOGFormer_BASELINE,1,2,444,0.8256520763187429,rna_cnv
0.7332717685540266,0.8150221648046351,0.7457084582084582,0.7340686351551926,0.96875,1.0,0.9393939393939394,0.6451612903225806,0.625,0.6666666666666666,0.8409090909090909,0.925,0.7708333333333334,0.75,0.631578947368421,0.9230769230769231,0.46153846153846156,0.5,0.42857142857142855,0.9704567303361529,0.8279277678912116,0.9992279482725342,0.9964858670741022,0.9657142857142856,0.8080802825086172,0.9601063829787233,0.9560796529556429,0.9514348785871964,0.8312296891543485,0.9758001561280251,0.5477633477633477,MOGFormer_BASELINE,1,2,444,0.8256520763187429,rna_methy
0.1835884076847932,0.39082932012545196,0.22115384615384617,0.09664907445662821,0.0,0.0,0.0,0.0,0.0,0.0,0.6746987951807228,0.5490196078431373,0.875,0.24324324324324326,0.2571428571428571,0.23076923076923078,0.0,0.0,0.0,0.708693300197372,0.3210681244360507,0.7243775332947308,0.3836091992667451,0.6914285714285714,0.11858723555943218,0.7739361702127658,0.7471549272655783,0.6542706741382238,0.2904509971818141,0.6994535519125683,0.06553826290668396,MOGFormer_BASELINE,1,2,444,0.8256520763187429,cnv_methy
0.7575873227347991,0.8607428285753551,0.7585930735930735,0.7937335966211961,0.9538461538461539,0.96875,0.9393939393939394,0.7272727272727273,0.6666666666666666,0.8,0.9246231155778895,0.8932038834951457,0.9583333333333334,0.7536231884057971,0.8666666666666667,0.6666666666666666,0.42857142857142855,0.42857142857142855,0.42857142857142855,0.9705901108966021,0.8564448782828735,0.9992279482725342,0.996403154925882,0.9900952380952381,0.8941790453555158,0.9689716312056736,0.9698157559647291,0.9578875870266599,0.8404772288190341,0.9367681498829041,0.5813492063492063,MOGFormer_BASELINE,1,3,444,0.9019501646938213,full
0.6911052168839055,0.8338266197660072,0.6924000999000999,0.7576302553114884,0.8852459016393442,0.9642857142857143,0.8181818181818182,0.6875,0.6470588235294118,0.7333333333333333,0.91005291005291,0.9247311827956989,0.8958333333333334,0.7727272727272727,0.6938775510204082,0.8717948717948718,0.2,0.3333333333333333,0.14285714285714285,0.9645564823380802,0.8098345180786588,0.998648909476935,0.9931286897820195,0.984,0.8427336302042184,0.9659796099290779,0.9661908469517874,0.9553404652742401,0.8568416456774903,0.9188134270101483,0.39027777777777783,MOGFormer_BASELINE,1,3,444,0.9019501646938213,rna_only
0.1555208007507038,0.35582371631299076,0.21333333333333332,0.10024038187032788,0.0,0.0,0.0,0.08695652173913043,0.125,0.06666666666666667,0.6906474820143885,0.5274725274725275,1.0,0.0,0.0,0.0,0.0,0.0,0.0,0.7043332664200512,0.3384770871030956,0.7143408608376761,0.4183871736278604,0.6297142857142857,0.10643889019682222,0.7181959219858155,0.6456874702958924,0.7084394634063508,0.3961632121776708,0.750975800156128,0.12570868921723216,MOGFormer_BASELINE,1,3,444,0.9019501646938213,cnv_only
0.10472905307666629,0.07892804225987245,0.24662004662004663,0.10831673600655291,0.2727272727272727,0.5454545454545454,0.18181818181818182,0.15789473684210525,0.08571428571428572,1.0,0.0,0.0,0.0,0.09302325581395349,0.5,0.05128205128205128,0.0,0.0,0.0,0.570094260842975,0.28728219435712476,0.7320980505693881,0.3725558629412587,0.5942857142857143,0.12998211145665262,0.4380540780141844,0.4694213126085621,0.7113262013924266,0.43274353892371786,0.37470725995316156,0.031708145855432676,MOGFormer_BASELINE,1,3,444,0.9019501646938213,methy_only
0.7377712912926451,0.8551060319863069,0.7400886613386614,0.7859131630256053,0.9696969696969697,0.9696969696969697,0.9696969696969697,0.7058823529411765,0.631578947368421,0.8,0.9128205128205128,0.898989898989899,0.9270833333333334,0.7671232876712328,0.8235294117647058,0.717948717948718,0.3333333333333333,0.4,0.2857142857142857,0.9699257158671172,0.8399107217279429,0.9994209612044007,0.9973501246228518,0.9893333333333334,0.902037037037037,0.9718528368794326,0.9734790442109522,0.9577177789098319,0.8387527184056182,0.9313036690085871,0.4879346843632557,MOGFormer_BASELINE,1,3,444,0.9019501646938213,rna_cnv
0.7763306544202067,0.8638535258928033,0.7801315351315351,0.8027182011245707,0.9538461538461539,0.96875,0.9393939393939394,0.8,0.7,0.9333333333333333,0.92,0.8846153846153846,0.9583333333333334,0.746268656716418,0.8928571428571429,0.6410256410256411,0.46153846153846156,0.5,0.42857142857142855,0.9712670167733565,0.872016714891809,0.9992279482725342,0.9962659739537865,0.9916190476190476,0.9172709551656919,0.9693040780141844,0.9669918970624226,0.9594158600781117,0.8842952030175986,0.936768149882904,0.5952595452595453,MOGFormer_BASELINE,1,3,444,0.9019501646938213,rna_methy
0.2448499776085983,0.4343920145190563,0.2882305194805195,0.2106797932431871,0.45454545454545453,0.45454545454545453,0.45454545454545453,0.0,0.0,0.0,0.6982758620689655,0.5955882352941176,0.84375,0.0,0.0,0.0,0.07142857142857142,0.047619047619047616,0.14285714285714285,0.7084350060438521,0.39902720483616017,0.781702374059062,0.6296266739966141,0.6144761904761904,0.10543808448041254,0.7354831560283688,0.7171579053236468,0.7196467991169978,0.4006339358054937,0.6908665105386417,0.14227942457463358,MOGFormer_BASELINE,1,3,444,0.9019501646938213,cnv_methy
0.8523076923076923,0.892796092796093,0.8277930402930403,0.8389855267818176,1.0,1.0,1.0,0.7692307692307693,0.9090909090909091,0.6666666666666666,0.9230769230769231,0.9090909090909091,0.9375,0.8,0.7804878048780488,0.8205128205128205,0.7692307692307693,0.8333333333333334,0.7142857142857143,0.9878370866072677,0.915809344476863,1.0,1.0,0.9850574712643678,0.8713727889549924,0.988239247311828,0.9895666422127298,0.9705982905982905,0.8920868830533271,0.9952904238618524,0.8260204081632654,MOGFormer_BASELINE,1,4,444,0.8667029768724683,full
0.48832717903242384,0.7000257571639091,0.4840064102564102,0.6290505280694173,0.9841269841269841,1.0,0.96875,0.125,1.0,0.06666666666666667,0.8240343347639485,0.7007299270072993,1.0,0.5084745762711864,0.75,0.38461538461538464,0.0,0.0,0.0,0.9446613137026294,0.748081765473552,1.0,1.0,0.8862068965517241,0.45092046530292296,0.9807347670250897,0.983405159539792,0.927008547008547,0.7611780489242396,0.9293563579277865,0.5449051536008058,MOGFormer_BASELINE,1,4,444,0.8667029768724683,rna_only
0.20498419948198526,0.38746474706814876,0.283301282051282,0.16202265799647197,0.0,0.0,0.0,0.22784810126582278,0.140625,0.6,0.6794258373205742,0.6283185840707964,0.7395833333333334,0.11764705882352941,0.25,0.07692307692307693,0.0,0.0,0.0,0.7396408682585457,0.36317595744159437,0.7999601910828026,0.4929492030938467,0.7203065134099617,0.15695655098313585,0.7561043906810037,0.7679465718942966,0.6357264957264958,0.2932196471736392,0.7861067503924647,0.10480781406305326,MOGFormer_BASELINE,1,4,444,0.8667029768724683,cnv_only
0.09157677857229427,0.09047997388804566,0.2125,0.06255978934606289,0.10810810810810811,0.4,0.0625,0.0,0.0,0.0,0.0,0.0,0.0,0.34977578475336324,0.21195652173913043,1.0,0.0,0.0,0.0,0.6194851813352248,0.2676406522391884,0.6767515923566879,0.3040621443328215,0.4459770114942529,0.08561375319568079,0.6320564516129031,0.5879293430543234,0.655042735042735,0.2986583885736924,0.6875981161695448,0.061939632039423854,MOGFormer_BASELINE,1,4,444,0.8667029768724683,methy_only
0.7276930205370572,0.8233175892706983,0.6632967032967032,0.76111736478429,1.0,1.0,1.0,0.6363636363636364,1.0,0.4666666666666667,0.8807339449541285,0.7868852459016393,1.0,0.676923076923077,0.8461538461538461,0.5641025641025641,0.4444444444444444,1.0,0.2857142857142857,0.9780803299671884,0.8744062199844806,1.0,1.0,0.9681992337164751,0.8015809018982394,0.985663082437276,0.9872515482189776,0.9514529914529916,0.8260557926623291,0.9850863422291994,0.7571428571428571,MOGFormer_BASELINE,1,4,444,0.8667029768724683,rna_cnv
0.7946001421259152,0.8693730940417244,0.7582783882783882,0.8072474008849527,0.9846153846153847,0.9696969696969697,1.0,0.75,1.0,0.6,0.9072164948453608,0.8979591836734694,0.9166666666666666,0.7857142857142857,0.7333333333333333,0.8461538461538461,0.5454545454545454,0.75,0.42857142857142855,0.9828970681709835,0.8920584643477772,1.0,1.0,0.9758620689655172,0.8466042859551988,0.984655017921147,0.9865026168589177,0.9649572649572649,0.8640541057934562,0.9890109890109889,0.7631313131313131,MOGFormer_BASELINE,1,4,444,0.8667029768724683,rna_methy
0.270501551657267,0.44314224604920777,0.3169551282051282,0.22486394395441783,0.17142857142857143,1.0,0.09375,0.1956521739130435,0.11688311688311688,0.6,0.6473988439306358,0.7272727272727273,0.5833333333333334,0.3380281690140845,0.375,0.3076923076923077,0.0,0.0,0.0,0.761403422432866,0.3985597543313291,0.8992834394904459,0.6710036266770653,0.6731800766283524,0.12498165271245809,0.76288082437276,0.7445265625267523,0.6914529914529915,0.32968968135794074,0.7802197802197802,0.12259724838242882,MOGFormer_BASELINE,1,4,444,0.8667029768724683,cnv_methy
0.8185696218850549,0.8572941122953298,0.8527930402930404,0.7922206584135533,0.96875,0.96875,0.96875,0.7692307692307693,0.6521739130434783,0.9375,0.8876404494382022,0.9634146341463414,0.8229166666666666,0.7529411764705882,0.6956521739130435,0.8205128205128205,0.7142857142857143,0.7142857142857143,0.7142857142857143,0.9704312217312048,0.8869192114748886,0.9994066455696202,0.9973214285714286,0.9888649425287357,0.9149299834972624,0.9771719858156029,0.9806048650983371,0.95618950585838,0.8555845773855455,0.9305230288836845,0.6861552028218694,MOGFormer_BASELINE,2,0,444,0.8943888177639726,full
0.6428925291983152,0.7924397043046906,0.6359432234432234,0.7137481921031812,0.9333333333333333,1.0,0.875,0.4444444444444444,0.5454545454545454,0.375,0.8764044943820225,0.9512195121951219,0.8125,0.7102803738317757,0.5588235294117647,0.9743589743589743,0.25,1.0,0.14285714285714285,0.9644450400644196,0.8693524531402741,0.9994066455696203,0.9971852022058824,0.9694683908045978,0.7851202906148268,0.9660904255319149,0.9677262290390979,0.9629818305314994,0.8872721450974501,0.9242779078844652,0.709458398744113,MOGFormer_BASELINE,2,0,444,0.8943888177639726,rna_only
0.21951480829570674,0.4230568769056643,0.28701923076923075,0.24920911938421336,0.0,0.0,0.0,0.0,0.0,0.0,0.659217877094972,0.7108433734939759,0.6145833333333334,0.4383561643835616,0.29906542056074764,0.8205128205128205,0.0,0.0,0.0,0.622861563357584,0.28359794024830937,0.2155854430379747,0.10837638370431893,0.6907327586206896,0.1623785070527678,0.7532136524822695,0.7255772298461689,0.6702326371200543,0.30846777100045875,0.7845433255269321,0.11318980963783237,MOGFormer_BASELINE,2,0,444,0.8943888177639726,cnv_only
0.13473684210526315,0.34038781163434906,0.2,0.018911062386095044,0.0,0.0,0.0,0.0,0.0,0.0,0.6736842105263158,0.5079365079365079,1.0,0.0,0.0,0.0,0.0,0.0,0.0,0.6579509837502601,0.3350127397087412,0.8279272151898733,0.4787265728402041,0.6943247126436781,0.25605752926749237,0.615802304964539,0.6460468998184319,0.586517235523858,0.2390536277189964,0.565183450429352,0.055179068898581096,MOGFormer_BASELINE,2,0,444,0.8943888177639726,methy_only
0.7960786379088246,0.814658228847314,0.8180173992673992,0.745902018756591,0.96875,0.96875,0.96875,0.8275862068965517,0.9230769230769231,0.75,0.8192771084337349,0.9714285714285714,0.7083333333333334,0.6981132075471698,0.5522388059701493,0.9487179487179487,0.6666666666666666,0.625,0.7142857142857143,0.9734568965906588,0.8888369252786642,0.9992088607594937,0.9965277777777778,0.9913793103448276,0.910365505367407,0.9744015957446808,0.9779671601167367,0.9616233655968756,0.8708087769689347,0.9406713505074161,0.688515406162465,MOGFormer_BASELINE,2,0,444,0.8943888177639726,rna_cnv
0.8525164587664588,0.8917824707298392,0.8747481684981684,0.8398229876795885,0.96875,0.96875,0.96875,0.8,0.6666666666666666,1.0,0.9297297297297298,0.9662921348314607,0.8958333333333334,0.7948717948717948,0.7948717948717948,0.7948717948717948,0.7692307692307693,0.8333333333333334,0.7142857142857143,0.9772992758996327,0.9104359975528468,0.9996044303797469,0.9981617647058824,0.9924568965517242,0.9361556535569694,0.9796099290780141,0.9821587648068317,0.9718118526065547,0.8913929296596053,0.9430132708821234,0.7443108750349454,MOGFormer_BASELINE,2,0,444,0.8943888177639726,rna_methy
0.23922913343965974,0.39894568958280874,0.3088141025641026,0.2153509430913227,0.0,0.0,0.0,0.2,0.12162162162162163,0.5625,0.5921052631578947,0.8035714285714286,0.46875,0.40404040404040403,0.3333333333333333,0.5128205128205128,0.0,0.0,0.0,0.646777857835395,0.270065479430808,0.4986155063291139,0.158839671730966,0.6494252873563219,0.14150058143239552,0.6954787234042553,0.6433313160995592,0.6924775004245203,0.32411998194157177,0.6978922716627635,0.08253584594954727,MOGFormer_BASELINE,2,0,444,0.8943888177639726,cnv_methy
0.7926277799266679,0.8615277985516275,0.7806860902255639,0.801031975221293,0.9565217391304348,0.9166666666666666,1.0,0.6206896551724138,0.6923076923076923,0.5625,0.9253731343283582,0.8857142857142857,0.96875,0.746268656716418,0.8620689655172413,0.6578947368421053,0.7142857142857143,0.7142857142857143,0.7142857142857143,0.9846371894186088,0.9038834615272865,0.9998069870681335,0.9991087344028519,0.9816810344827587,0.7921206209249687,0.9812721631205674,0.9818590919416278,0.9674515235457063,0.8717867358248602,0.9929742388758782,0.8745421245421245,MOGFormer_BASELINE,2,1,444,0.8921223874165051,full
0.6050256728872732,0.7115311002958019,0.6725976874003189,0.6269454824393265,0.8387096774193549,0.896551724137931,0.7878787878787878,0.42857142857142855,0.5,0.375,0.8715596330275229,0.7786885245901639,0.9895833333333334,0.34782608695652173,1.0,0.21052631578947367,0.5384615384615384,0.3684210526315789,1.0,0.9642780655441958,0.8064447314031952,0.9951746767033391,0.9771101978321872,0.9321120689655173,0.4974580268410192,0.9639849290780141,0.961049685639791,0.9418282548476454,0.8073200324172644,0.9882903981264637,0.7892857142857141,MOGFormer_BASELINE,2,1,444,0.8921223874165051,rna_only
0.09007407407407407,0.06727485380116958,0.2606060606060606,0.09895258508792146,0.37037037037037035,0.47619047619047616,0.30303030303030304,0.0,0.0,0.0,0.0,0.0,0.0,0.0,0.0,0.0,0.08,0.041666666666666664,1.0,0.6972762014406556,0.3349685651655359,0.7402045937077784,0.34975340716845305,0.6734913793103449,0.19170506349363453,0.822695035460993,0.7898252833635855,0.6028393351800554,0.23410878472512753,0.6471506635441062,0.10945028707687887,MOGFormer_BASELINE,2,1,444,0.8921223874165051,cnv_only
0.16640692640692642,0.35934381408065613,0.1994517543859649,0.03262784414475937,0.0,0.0,0.0,0.0,0.0,0.0,0.6320346320346321,0.5407407407407407,0.7604166666666666,0.2,0.17307692307692307,0.23684210526315788,0.0,0.0,0.0,0.64685348943371,0.2777005196372774,0.7307469600463231,0.37674632642884504,0.6253591954022988,0.11623706638148992,0.5695921985815604,0.5470121001230299,0.5872576177285318,0.2359908906700152,0.721311475409836,0.11251621458300674,MOGFormer_BASELINE,2,1,444,0.8921223874165051,methy_only
0.753142413931607,0.843801113163285,0.7245628275233539,0.7791551195416375,0.9696969696969697,0.9696969696969697,0.9696969696969697,0.47619047619047616,1.0,0.3125,0.9175257731958762,0.9081632653061225,0.9270833333333334,0.735632183908046,0.6530612244897959,0.8421052631578947,0.6666666666666666,0.8,0.5714285714285714,0.981782829932375,0.9083339120594441,0.9994209612044007,0.9974747474747473,0.978448275862069,0.8235460915169448,0.9800531914893618,0.9811774420207758,0.9572368421052632,0.8496230322936488,0.9937548790007806,0.889848246991104,MOGFormer_BASELINE,2,1,444,0.8921223874165051,rna_cnv
0.758339744773394,0.8172296855883785,0.7535429482797904,0.7493138163415964,0.9393939393939394,0.9393939393939394,0.9393939393939394,0.6875,0.6875,0.6875,0.8909952606635071,0.8173913043478261,0.9791666666666666,0.6071428571428571,0.9444444444444444,0.4473684210526316,0.6666666666666666,0.625,0.7142857142857143,0.9795778874179455,0.8741212170543411,0.998648909476935,0.9938556689893586,0.96875,0.6834131305149449,0.9767287234042554,0.9769380718817667,0.9600069252077563,0.839775837262259,0.9937548790007806,0.8766233766233766,MOGFormer_BASELINE,2,1,444,0.8921223874165051,rna_methy
0.17562667240821897,0.24129315520014777,0.3036753816359079,0.07398250502567284,0.1702127659574468,0.2857142857142857,0.12121212121212122,0.0,0.0,0.0,0.29457364341085274,0.5757575757575758,0.19791666666666666,0.29213483146067415,0.2549019607843137,0.34210526315789475,0.12121212121212122,0.06521739130434782,0.8571428571428571,0.7030195285309905,0.32720722772601124,0.7295888824551245,0.41157661155167125,0.7209051724137931,0.19970029199074055,0.7635195035460993,0.7000982188350735,0.6000692520775623,0.2339432504051705,0.7010148321623731,0.09071776584740027,MOGFormer_BASELINE,2,1,444,0.8921223874165051,cnv_methy
0.928170373687615,0.9372465646875809,0.9393881118881119,0.9061001855713814,0.9696969696969697,0.9696969696969697,0.9696969696969697,0.896551724137931,0.9285714285714286,0.8666666666666667,0.9523809523809523,0.967741935483871,0.9375,0.8888888888888888,0.8571428571428571,0.9230769230769231,0.9333333333333333,0.875,1.0,0.9932297849457836,0.9762256440814442,0.9980698706813357,0.9929527836504579,0.9969523809523809,0.9702380952380951,0.9876994680851063,0.9884685203253573,0.9842078451349975,0.9473259640504537,0.9992193598750976,0.982142857142857,MOGFormer_BASELINE,2,2,444,0.8289058704453443,full
0.6674456131340507,0.7751433461554549,0.6736417748917749,0.715824964972331,0.9552238805970149,0.9411764705882353,0.9696969696969697,0.11764705882352941,0.5,0.06666666666666667,0.8588235294117647,0.9864864864864865,0.7604166666666666,0.6782608695652174,0.5131578947368421,1.0,0.7272727272727273,1.0,0.5714285714285714,0.9761701330335611,0.903024680503334,0.9824358232001544,0.9721915013473236,0.9474285714285715,0.6995795725589776,0.9851507092198581,0.9861307841379899,0.967396841569027,0.8889675762184102,0.9984387197501952,0.9682539682539681,MOGFormer_BASELINE,2,2,444,0.8289058704453443,rna_only
0.18434443656980865,0.3838391957924578,0.24387820512820513,0.1568045961763045,0.0,0.0,0.0,0.1568627450980392,0.1111111111111111,0.26666666666666666,0.714859437751004,0.5816993464052288,0.9270833333333334,0.05,1.0,0.02564102564102564,0.0,0.0,0.0,0.7096630688497569,0.3561766711752007,0.6967766840378304,0.2857621659696339,0.715047619047619,0.25652128053351425,0.79864804964539,0.8006226844736066,0.7148921718458142,0.37784734319937313,0.6229508196721312,0.060129881699875744,MOGFormer_BASELINE,2,2,444,0.8289058704453443,cnv_only
0.12847905040304722,0.2548666377610249,0.2441666666666667,0.13201572890051266,0.0,0.0,0.0,0.16352201257861634,0.09027777777777778,0.8666666666666667,0.4788732394366197,0.7391304347826086,0.3541666666666667,0.0,0.0,0.0,0.0,0.0,0.0,0.592561716270868,0.3003395658069226,0.6647365373480023,0.30861789683900265,0.5756190476190476,0.12311253430083295,0.6218971631205674,0.6465975224964616,0.5931397520801495,0.3166226109584487,0.5074160811865729,0.10674726443986703,MOGFormer_BASELINE,2,2,444,0.8289058704453443,methy_only
0.912450704789966,0.9276657894628951,0.9005282217782217,0.891856147479394,0.9696969696969697,0.9696969696969697,0.9696969696969697,0.8571428571428571,0.9230769230769231,0.8,0.9518716577540107,0.978021978021978,0.9270833333333334,0.8604651162790697,0.7872340425531915,0.9487179487179487,0.9230769230769231,1.0,0.8571428571428571,0.9937778953231513,0.9751217870632708,0.9974908318857364,0.9914361001317522,0.9946666666666666,0.9561111111111111,0.9902482269503546,0.9910547444866207,0.9872643912379011,0.9548641224440124,0.9992193598750976,0.982142857142857,MOGFormer_BASELINE,2,2,444,0.8289058704453443,rna_cnv
0.9157477305303393,0.9138843764930722,0.909516317016317,0.8718867296395547,0.9846153846153847,1.0,0.9696969696969697,0.8461538461538461,1.0,0.7333333333333333,0.9347826086956522,0.9772727272727273,0.8958333333333334,0.8131868131868132,0.7115384615384616,0.9487179487179487,1.0,1.0,1.0,0.988410708624303,0.9701279032435647,0.9949816637714727,0.9866461222393423,0.980952380952381,0.9487179487179487,0.9883643617021277,0.9890362863964359,0.9777551366955339,0.9262391588640966,1.0,0.9999999999999998,MOGFormer_BASELINE,2,2,444,0.8289058704453443,rna_methy
0.231812865497076,0.39627577716220375,0.30898809523809523,0.22040728644158808,0.0,0.0,0.0,0.2,0.12,0.6,0.7368421052631579,0.6814159292035398,0.8020833333333334,0.0,0.0,0.0,0.2222222222222222,0.5,0.14285714285714285,0.7501341805317374,0.4580936426554083,0.8257093225246092,0.5469627585616037,0.7302857142857143,0.24340529919495554,0.7900044326241135,0.7888981800787227,0.7130242825607064,0.4455934767975465,0.6916471506635441,0.26560849864421293,MOGFormer_BASELINE,2,2,444,0.8289058704453443,cnv_methy
0.8541154348753658,0.8943518610085286,0.8371782384282385,0.8410164800962658,0.9538461538461539,0.96875,0.9393939393939394,0.7857142857142857,0.8461538461538461,0.7333333333333333,0.9222797927461139,0.9175257731958762,0.9270833333333334,0.8395061728395061,0.8095238095238095,0.8717948717948718,0.7692307692307693,0.8333333333333334,0.7142857142857143,0.984987603779684,0.9033787163260113,0.9992279482725342,0.996556473829201,0.9798095238095238,0.7816644620811288,0.9801640070921985,0.9807445337070164,0.9719816607233827,0.9183795653213067,0.9937548790007806,0.8395485466914037,MOGFormer_BASELINE,2,3,444,0.8467916908589247,full
0.7367195447757509,0.8401965978694685,0.7104112554112554,0.772023625093233,0.9180327868852459,1.0,0.8484848484848485,0.46153846153846156,0.5454545454545454,0.4,0.9081081081081082,0.9438202247191011,0.875,0.7959183673469388,0.6610169491525424,1.0,0.6,1.0,0.42857142857142855,0.9772190164354004,0.8587938761081219,0.998648909476935,0.9946969696969696,0.9420952380952381,0.5691993461537749,0.9808289007092199,0.9805231033874652,0.9840380370181695,0.942690154442593,0.9804839968774395,0.8068598068598067,MOGFormer_BASELINE,2,3,444,0.8467916908589247,rna_only
0.22577207874300162,0.42952387289335864,0.28920454545454544,0.24665113530377442,0.4247787610619469,0.3,0.7272727272727273,0.0,0.0,0.0,0.7040816326530612,0.69,0.71875,0.0,0.0,0.0,0.0,0.0,0.0,0.7286719271239624,0.3529761513152746,0.7573827446438912,0.3422267428753941,0.6895238095238095,0.14214006776403246,0.750886524822695,0.7664903259772851,0.7070809984717269,0.4363396852934054,0.7384855581576892,0.07768393466625609,MOGFormer_BASELINE,2,3,444,0.8467916908589247,cnv_only
0.059192825112107626,0.051404295492093466,0.2,0.0,0.29596412556053814,0.1736842105263158,1.0,0.0,0.0,0.0,0.0,0.0,0.0,0.0,0.0,0.0,0.0,0.0,0.0,0.6646360198041086,0.2961823865103082,0.8077591198610307,0.35961396430676135,0.684952380952381,0.15252699746343829,0.6059397163120568,0.6289649600185725,0.5719137374766514,0.2721539184793147,0.652615144418423,0.06765209228345426,MOGFormer_BASELINE,2,3,444,0.8467916908589247,methy_only
0.7882314875047433,0.8792288380224426,0.7523751248751249,0.8250174206815527,0.96875,1.0,0.9393939393939394,0.6666666666666666,0.8888888888888888,0.5333333333333333,0.9230769230769231,0.9090909090909091,0.9375,0.8372093023255814,0.7659574468085106,0.9230769230769231,0.5454545454545454,0.75,0.42857142857142855,0.9839650882885461,0.8862162974573424,0.9994209612044007,0.9973501246228518,0.9714285714285714,0.7013664603864241,0.9803856382978724,0.9807928313360756,0.9763966717609102,0.926009538235971,0.9921935987509758,0.8255625327053897,MOGFormer_BASELINE,2,3,444,0.8467916908589247,rna_cnv
0.8163420578074037,0.8776292591236714,0.7892128704628705,0.8167572745819816,0.9375,0.967741935483871,0.9090909090909091,0.7407407407407407,0.8333333333333334,0.6666666666666666,0.9175257731958762,0.9081632653061225,0.9270833333333334,0.8192771084337349,0.7727272727272727,0.8717948717948718,0.6666666666666666,0.8,0.5714285714285714,0.9826458479294817,0.8900214559570419,0.9967187801582706,0.9891868593167292,0.9706666666666667,0.7027693990597217,0.980718085106383,0.9812111372159069,0.9721514688402105,0.9156630657731757,0.9929742388758782,0.8612768184196755,MOGFormer_BASELINE,2,3,444,0.8467916908589247,rna_methy
0.08441208198489752,0.11193578606710952,0.2125,0.08914192168337606,0.3055555555555556,0.18032786885245902,1.0,0.0,0.0,0.0,0.11650485436893204,0.8571428571428571,0.0625,0.0,0.0,0.0,0.0,0.0,0.0,0.7293073179730823,0.3622614952346233,0.8320787492762016,0.44257943345898654,0.7508571428571429,0.17043684973255746,0.7783687943262412,0.7877864749875592,0.488198335880455,0.23420023738092255,0.7970335675253708,0.1763044806130909,MOGFormer_BASELINE,2,3,444,0.8467916908589247,cnv_methy
0.8019321282599897,0.8572491981574406,0.8082921245421245,0.7846445426703347,0.9696969696969697,0.9411764705882353,1.0,0.896551724137931,0.9285714285714286,0.8666666666666667,0.8762886597938144,0.8673469387755102,0.8854166666666666,0.7671232876712328,0.8235294117647058,0.717948717948718,0.5,0.4444444444444444,0.5714285714285714,0.9806801706635799,0.9140396771926296,0.9998009554140127,0.9990530303030303,0.9950191570881226,0.9690476190476189,0.9619175627240144,0.9633583617266386,0.9639316239316239,0.890976027122513,0.9827315541601256,0.7477633477633476,MOGFormer_BASELINE,2,4,444,0.9086992649408756,full
0.6778532166287861,0.7726947470245824,0.6498214285714285,0.714165333006124,0.9508196721311475,1.0,0.90625,0.8666666666666667,0.8666666666666667,0.8666666666666667,0.8495575221238938,0.7384615384615385,1.0,0.5,1.0,0.3333333333333333,0.2222222222222222,0.5,0.14285714285714285,0.9643137731690787,0.8187838319373502,0.9996019108280255,0.9980764678030303,0.9773946360153256,0.9035730935730935,0.9535170250896058,0.9546906587100801,0.9365811965811965,0.8232492216994003,0.9544740973312402,0.4143297179011465,MOGFormer_BASELINE,2,4,444,0.9086992649408756,rna_only
0.19009975531714662,0.3834141473893027,0.27958333333333335,0.18451975132872522,0.0,0.0,0.0,0.2318840579710145,0.14814814814814814,0.5333333333333333,0.7186147186147186,0.6148148148148148,0.8645833333333334,0.0,0.0,0.0,0.0,0.0,0.0,0.6658420418194373,0.2846617654440294,0.625,0.23191728866041977,0.7045977011494253,0.13230256929588202,0.7095654121863799,0.6878105641383384,0.556923076923077,0.27579122183265736,0.7331240188383046,0.09548718329284936,MOGFormer_BASELINE,2,4,444,0.9086992649408756,cnv_only
0.09149243293011733,0.09274233261856563,0.19185897435897437,-0.07020962113938363,0.0,0.0,0.0,0.10526315789473684,0.25,0.06666666666666667,0.038834951456310676,0.2857142857142857,0.020833333333333332,0.31336405529953915,0.19101123595505617,0.8717948717948718,0.0,0.0,0.0,0.476031320514796,0.2174505992846644,0.4888535031847134,0.1676119280945575,0.6536398467432951,0.12440568546884741,0.4750224014336918,0.4861622120657907,0.4981196581196581,0.2820006396984237,0.2645211930926217,0.027072531095702516,MOGFormer_BASELINE,2,4,444,0.9086992649408756,methy_only
0.7355992015574558,0.8437363345468523,0.7235714285714285,0.7733903074773594,0.967741935483871,1.0,0.9375,0.9032258064516129,0.875,0.9333333333333333,0.8823529411764706,0.8333333333333334,0.9375,0.7428571428571429,0.8387096774193549,0.6666666666666666,0.18181818181818182,0.25,0.14285714285714285,0.9772347684802793,0.8816357890430118,1.0,1.0,0.9881226053639847,0.9550724637681158,0.960573476702509,0.9614990935971979,0.961025641025641,0.8834724672148243,0.9764521193092621,0.6081349206349207,MOGFormer_BASELINE,2,4,444,0.9086992649408756,rna_cnv
0.8139092791266705,0.8645585301900002,0.7758745421245421,0.8081539723969026,0.9696969696969697,0.9411764705882353,1.0,0.9285714285714286,1.0,0.8666666666666667,0.8985507246376812,0.8378378378378378,0.96875,0.7272727272727273,0.8888888888888888,0.6153846153846154,0.5454545454545454,0.75,0.42857142857142855,0.9821465928575019,0.9209939918982268,1.0,1.0,0.9957854406130269,0.9717948717948717,0.9609094982078853,0.9629365598606003,0.9658119658119658,0.8958878784850127,0.9882260596546311,0.7743506493506493,MOGFormer_BASELINE,2,4,444,0.9086992649408756,rna_methy
0.12399355877616747,0.2355391968918539,0.2625,0.13261690169312879,0.0,0.0,0.0,0.18518518518518517,0.10204081632653061,1.0,0.43478260869565216,0.7142857142857143,0.3125,0.0,0.0,0.0,0.0,0.0,0.0,0.6294842823449436,0.2872359480942535,0.38953025477707004,0.2103213283916568,0.7873563218390804,0.19307422653246262,0.712589605734767,0.6427625088092952,0.5829059829059828,0.31686313144294465,0.6750392464678179,0.07315854529490814,MOGFormer_BASELINE,2,4,444,0.9086992649408756,cnv_methy
0.830120256002609,0.8758870945248655,0.8165750915750916,0.8173191561028581,0.9411764705882353,0.8888888888888888,1.0,0.7333333333333333,0.7857142857142857,0.6875,0.9230769230769231,0.9090909090909091,0.9375,0.7837837837837838,0.8285714285714286,0.7435897435897436,0.7692307692307693,0.8333333333333334,0.7142857142857143,0.9857138674357806,0.8855329529272724,1.0,1.0,0.9885057471264368,0.9030986045802856,0.979720744680851,0.9817107835231145,0.9767362879945661,0.9072784534560394,0.9836065573770492,0.635576923076923,MOGFormer_BASELINE,3,0,444,0.8819521044992744,full
0.6799196392570106,0.8113432626566515,0.697481684981685,0.727229355094662,0.9841269841269841,1.0,0.96875,0.6363636363636364,0.5,0.875,0.8808290155440415,0.8762886597938144,0.8854166666666666,0.676056338028169,0.75,0.6153846153846154,0.2222222222222222,0.5,0.14285714285714285,0.9732741926269037,0.861057774919851,0.9996044303797469,0.9981617647058824,0.9673132183908045,0.8796981004070556,0.9725177304964538,0.9756950979665986,0.9612837493632196,0.8187407142408064,0.9656518345042935,0.6329931972789116,MOGFormer_BASELINE,3,0,444,0.8819521044992744,rna_only
0.23067643915101543,0.4570858548111001,0.29439102564102565,0.3015904386611663,0.0,0.0,0.0,0.0,0.0,0.0,0.7344632768361582,0.8024691358024691,0.6770833333333334,0.4189189189189189,0.28440366972477066,0.7948717948717948,0.0,0.0,0.0,0.6921399457054006,0.3336137897220152,0.7585047468354431,0.3544427673485401,0.6770833333333334,0.15305647986266954,0.8157690602836879,0.8042285549621558,0.6867040244523688,0.3115986958293557,0.5226385636221702,0.0447424506073551,MOGFormer_BASELINE,3,0,444,0.8819521044992744,cnv_only
0.08426501035196687,0.12023537103628637,0.20608974358974358,0.023154909108596106,0.0,0.0,0.0,0.15217391304347827,0.08333333333333333,0.875,0.17391304347826086,0.5263157894736842,0.10416666666666667,0.09523809523809523,0.6666666666666666,0.05128205128205128,0.0,0.0,0.0,0.606977610944822,0.27063219947579836,0.6865110759493671,0.26401760773685534,0.572198275862069,0.11777843923878291,0.4945700354609929,0.5000330521016944,0.7242316182713534,0.39735776944948165,0.5573770491803278,0.07397412885217763,MOGFormer_BASELINE,3,0,444,0.8819521044992744,methy_only
0.8397352523098792,0.8829850746268658,0.8425366300366299,0.8265408997288254,0.9552238805970149,0.9142857142857143,1.0,0.8125,0.8125,0.8125,0.9166666666666666,0.9166666666666666,0.9166666666666666,0.8,0.8333333333333334,0.7692307692307693,0.7142857142857143,0.7142857142857143,0.7142857142857143,0.9846578893046539,0.8982026863921408,0.9994066455696202,0.9973214285714286,0.9881465517241379,0.9217277820218996,0.9782801418439716,0.9796889851560843,0.9738495500084905,0.8899793178439448,0.9836065573770492,0.702295918367347,MOGFormer_BASELINE,3,0,444,0.8819521044992744,rna_cnv
0.7818385884031662,0.860858448384083,0.770970695970696,0.7940336698194473,0.96875,0.96875,0.96875,0.7027027027027027,0.6190476190476191,0.8125,0.9035532994923858,0.8811881188118812,0.9270833333333334,0.7887323943661971,0.875,0.717948717948718,0.5454545454545454,0.75,0.42857142857142855,0.9793618186682098,0.8649796672962642,0.9996044303797469,0.9981617647058824,0.975933908045977,0.8740132479309308,0.9740691489361702,0.9767631022611653,0.9667176091017151,0.8549612956971985,0.9804839968774396,0.6209989258861439,MOGFormer_BASELINE,3,0,444,0.8819521044992744,rna_methy
0.2994732821358208,0.4941580661476376,0.3735576923076923,0.3180317610170274,0.0,0.0,0.0,0.2857142857142857,0.18032786885245902,0.6875,0.7379679144385026,0.7582417582417582,0.71875,0.47368421052631576,0.4864864864864865,0.46153846153846156,0.0,0.0,0.0,0.7606472316651844,0.4210400634121857,0.8740110759493671,0.5610659688010701,0.7517959770114943,0.2133039681755799,0.8067375886524822,0.7799705232975438,0.7602309390388859,0.4866135646277229,0.6104605776736924,0.06424629215901194,MOGFormer_BASELINE,3,0,444,0.8819521044992744,cnv_methy
0.7864876789876789,0.868510283576073,0.8039046479835953,0.8029770991028664,0.9375,0.967741935483871,0.9090909090909091,0.6666666666666666,1.0,0.5,0.9230769230769231,0.9090909090909091,0.9375,0.8051948051948052,0.7948717948717948,0.8157894736842105,0.6,0.46153846153846156,0.8571428571428571,0.9804748862165311,0.9180770728529722,0.9996139741362672,0.9981904607573056,0.9791666666666667,0.8833791208791208,0.9772828014184398,0.9775103821920481,0.9556786703601108,0.8676690368000233,0.990632318501171,0.8636363636363635,MOGFormer_BASELINE,3,1,444,0.9040709290709291,full
0.3997792628656739,0.5740618022830386,0.4150205058099795,0.4183703784828771,0.5333333333333333,1.0,0.36363636363636365,0.2,0.5,0.125,0.803347280334728,0.6713286713286714,1.0,0.2553191489361702,0.6666666666666666,0.15789473684210525,0.20689655172413793,0.13636363636363635,0.42857142857142855,0.939488200602977,0.6742027658674299,0.9982628836132021,0.9924952348889298,0.8882902298850575,0.41021915105511214,0.9745124113475178,0.9770590741683068,0.9316135734072022,0.7649767334797408,0.9047619047619048,0.2262636357450599,MOGFormer_BASELINE,3,1,444,0.9040709290709291,rna_only
0.22198757763975158,0.4343445570447859,0.28596491228070176,0.2573067108483721,0.0,0.0,0.0,0.0,0.0,0.0,0.6956521739130435,0.7272727272727273,0.6666666666666666,0.4142857142857143,0.28431372549019607,0.7631578947368421,0.0,0.0,0.0,0.6472509503966896,0.32300470231967493,0.38216560509554137,0.22171939215065645,0.7144396551724137,0.16224007940149257,0.7525487588652482,0.7214479217419839,0.657202216066482,0.2939218259932159,0.7298985167837626,0.21569429231102596,MOGFormer_BASELINE,3,1,444,0.9040709290709291,cnv_only
0.06828703703703703,0.10672514619883042,0.20833333333333334,0.06454210028676197,0.0,0.0,0.0,0.15625,0.08522727272727272,0.9375,0.18518518518518517,0.8333333333333334,0.10416666666666667,0.0,0.0,0.0,0.0,0.0,0.0,0.5617797752513898,0.2670171397823283,0.5014475969889982,0.23991728224900702,0.49748563218390807,0.13110706172603576,0.6824024822695036,0.684157382819901,0.5358379501385042,0.22898976493896667,0.5917252146760343,0.05091420717773107,MOGFormer_BASELINE,3,1,444,0.9040709290709291,methy_only
0.7177513883965497,0.8032458317008403,0.7308185235816815,0.7130987099342649,0.9032258064516129,0.9655172413793104,0.8484848484848485,0.5833333333333334,0.875,0.4375,0.8846153846153846,0.8214285714285714,0.9583333333333334,0.6461538461538462,0.7777777777777778,0.5526315789473685,0.5714285714285714,0.42857142857142855,0.8571428571428571,0.9741260914903058,0.8794239362529298,0.9988419224088014,0.9942109408642706,0.9691091954022988,0.8072902745548404,0.9679742907801419,0.9663005529313181,0.9471952908587258,0.839831209141802,0.9875097580015613,0.789486703772418,MOGFormer_BASELINE,3,1,444,0.9040709290709291,rna_cnv
0.6844963738920226,0.7717823769738609,0.6688838573706996,0.6803138329425693,0.9,1.0,0.8181818181818182,0.5,0.75,0.375,0.867579908675799,0.7723577235772358,0.9895833333333334,0.5666666666666667,0.7727272727272727,0.4473684210526316,0.5882352941176471,0.5,0.7142857142857143,0.9750946136352303,0.8306591822775868,0.9990349353406678,0.9954256378193327,0.9820402298850575,0.7735621726914297,0.9804964539007093,0.9820535272554232,0.9404432132963988,0.8272312309513474,0.9734582357533178,0.5750233426704014,MOGFormer_BASELINE,3,1,444,0.9040709290709291,rna_methy
0.28930385848611617,0.48593465338871006,0.3209230462519936,0.26336122306482185,0.16216216216216217,0.75,0.09090909090909091,0.208955223880597,0.13725490196078433,0.4375,0.7373737373737373,0.7156862745098039,0.7604166666666666,0.3380281690140845,0.36363636363636365,0.3157894736842105,0.0,0.0,0.0,0.703354543462629,0.33230908674267023,0.6670526925303997,0.3535863216548021,0.6494252873563219,0.12550584239836596,0.762854609929078,0.7164310893349775,0.6849030470914127,0.32206478532488114,0.7525370804059328,0.1439573950003249,MOGFormer_BASELINE,3,1,444,0.9040709290709291,cnv_methy
0.7759182724473188,0.8304993393238301,0.7906060606060605,0.7527281589846481,0.9696969696969697,0.9696969696969697,0.9696969696969697,0.5217391304347826,0.75,0.4,0.8979591836734694,0.88,0.9166666666666666,0.6666666666666666,0.6666666666666666,0.6666666666666666,0.8235294117647058,0.7,1.0,0.9817427269973151,0.9267955046614651,0.9920864697934761,0.9832104832104831,0.9874285714285714,0.8423100625961037,0.969747340425532,0.9715487288107689,0.9617931737137035,0.8797653915471118,0.9976580796252927,0.9571428571428571,MOGFormer_BASELINE,3,2,444,0.8205794469631481,full
0.7399387245702276,0.793526703812869,0.7258961871461871,0.7146854294389773,0.96875,1.0,0.9393939393939394,0.38095238095238093,0.6666666666666666,0.26666666666666666,0.8439306358381503,0.948051948051948,0.7604166666666666,0.6727272727272727,0.5211267605633803,0.9487179487179487,0.8333333333333334,1.0,0.7142857142857143,0.9723882232247849,0.8985296885467662,0.9859100559737503,0.9791309319611204,0.9706666666666666,0.7562327438643228,0.960549645390071,0.9626036427909973,0.9487179487179487,0.8542049336411994,0.9960967993754879,0.9404761904761902,MOGFormer_BASELINE,3,2,444,0.8205794469631481,rna_only
0.06940256839754326,0.05500749360839284,0.1890909090909091,-0.008179328117315273,0.2914572864321608,0.1746987951807229,0.8787878787878788,0.05555555555555555,0.047619047619047616,0.06666666666666667,0.0,0.0,0.0,0.0,0.0,0.0,0.0,0.0,0.0,0.7287886398498371,0.3507767239795726,0.7346072186836519,0.3580723530439287,0.627047619047619,0.11508637416153629,0.7765403368794326,0.7618552104006284,0.7418916624214638,0.38256552732402005,0.763856362217018,0.13630415496774945,MOGFormer_BASELINE,3,2,444,0.8205794469631481,cnv_only
0.11574315222272116,0.26636920095478933,0.145,0.013597016009463362,0.0,0.0,0.0,0.061068702290076333,0.034482758620689655,0.26666666666666666,0.5176470588235295,0.5945945945945946,0.4583333333333333,0.0,0.0,0.0,0.0,0.0,0.0,0.5452841651609772,0.27129854126301883,0.7326770893649875,0.3850355025181477,0.3516190476190476,0.060621878937416225,0.588209219858156,0.5865341737176772,0.5839701137714383,0.27032636247245934,0.46994535519125685,0.05397478866939365,MOGFormer_BASELINE,3,2,444,0.8205794469631481,methy_only
0.7214571244358479,0.8267114594998134,0.7516820679320679,0.760336899329152,0.9696969696969697,0.9696969696969697,0.9696969696969697,0.3333333333333333,1.0,0.2,0.9042553191489362,0.9239130434782609,0.8854166666666666,0.7333333333333333,0.6470588235294118,0.8461538461538461,0.6666666666666666,0.5454545454545454,0.8571428571428571,0.9783686335970898,0.9158506086305479,0.9872611464968153,0.9789827776840763,0.9836190476190476,0.8274875319612162,0.9695257092198581,0.970322414794609,0.9553404652742401,0.861984128236648,0.9960967993754879,0.9404761904761902,MOGFormer_BASELINE,3,2,444,0.8205794469631481,rna_cnv
0.7756845530854483,0.8438928070348013,0.7499987512487513,0.7686492049561203,0.96875,1.0,0.9393939393939394,0.5217391304347826,0.75,0.4,0.9128205128205128,0.898989898989899,0.9270833333333334,0.7058823529411765,0.6521739130434783,0.7692307692307693,0.7692307692307693,0.8333333333333334,0.7142857142857143,0.9798334861117166,0.9209881274554128,0.9961397413626714,0.9885648942252714,0.9897142857142857,0.8851161491873565,0.9652039007092199,0.9671382466767307,0.9527933435218203,0.8545975376638963,0.9953161592505855,0.9095238095238094,MOGFormer_BASELINE,3,2,444,0.8205794469631481,rna_methy
0.22115708772476333,0.3922017493762962,0.26485431235431234,0.16904454572001532,0.18181818181818182,0.22727272727272727,0.15151515151515152,0.1553398058252427,0.09090909090909091,0.5333333333333333,0.6352941176470588,0.7297297297297297,0.5625,0.13333333333333333,0.5,0.07692307692307693,0.0,0.0,0.0,0.7290392893818137,0.3801527221353453,0.7836325033777264,0.4505999842187757,0.6007619047619047,0.16366426582048083,0.7460106382978723,0.7171098147747746,0.73883511631856,0.45037505695024715,0.7759562841530054,0.1190144889124481,MOGFormer_BASELINE,3,2,444,0.8205794469631481,cnv_methy
0.7571874041346751,0.8432003562547894,0.7816575091575091,0.7683415870567215,0.9565217391304348,0.9166666666666666,1.0,0.6486486486486487,0.5454545454545454,0.8,0.9148936170212766,0.9347826086956522,0.8958333333333334,0.6944444444444444,0.7575757575757576,0.6410256410256411,0.5714285714285714,0.5714285714285714,0.5714285714285714,0.9740156124344352,0.8306835600562794,1.0,0.9999999999999998,0.9733333333333333,0.7399155136802195,0.9844858156028369,0.9860090532019835,0.9380200373577858,0.8162687436032761,0.9742388758782201,0.6112244897959183,MOGFormer_BASELINE,3,3,444,0.8361090490971644,full
0.47942189925823697,0.5445968422868452,0.5291666666666666,0.5192418691517147,0.9705882352941176,0.9428571428571428,1.0,0.45454545454545453,0.7142857142857143,0.3333333333333333,0.46875,0.9375,0.3125,0.5032258064516129,0.33620689655172414,1.0,0.0,0.0,0.0,0.9521754298110375,0.8160885665736781,0.998648909476935,0.9931286897820195,0.9386666666666668,0.7839546055755438,0.9717420212765957,0.9691010286312574,0.9533027678723043,0.8402768649842076,0.8985167837626854,0.4939816438953626,MOGFormer_BASELINE,3,3,444,0.8361090490971644,rna_only
0.20624285588674934,0.42691693623401683,0.24871794871794872,0.18324099917738815,0.0,0.0,0.0,0.0,0.0,0.0,0.7174887892376681,0.6299212598425197,0.8333333333333334,0.3137254901960784,0.25396825396825395,0.41025641025641024,0.0,0.0,0.0,0.6874896427275342,0.32014924393021443,0.6049025284694075,0.25799481021086923,0.7817142857142857,0.32852410625043355,0.7162012411347517,0.6434223408510652,0.6226863644082187,0.27129219347038913,0.7119437939110072,0.09951276886831506,MOGFormer_BASELINE,3,3,444,0.8361090490971644,cnv_only
0.07460239059567322,0.05804811346750755,0.21743589743589747,0.05645824847040794,0.0,0.0,0.0,0.14659685863874344,0.07954545454545454,0.9333333333333333,0.0,0.0,0.0,0.22641509433962265,0.42857142857142855,0.15384615384615385,0.0,0.0,0.0,0.6354015218171603,0.33352337508646734,0.7382744643891141,0.45138352380710794,0.4982857142857143,0.08014546115271959,0.6831781914893618,0.7079796637193805,0.662421463745967,0.3772762911833856,0.594847775175644,0.05083193556974327,MOGFormer_BASELINE,3,3,444,0.8361090490971644,methy_only
0.7890089779501543,0.8627579733647847,0.8284340659340659,0.8034603652746928,0.9705882352941176,0.9428571428571428,1.0,0.7142857142857143,0.7692307692307693,0.6666666666666666,0.8914285714285715,0.9873417721518988,0.8125,0.8131868131868132,0.7115384615384616,0.9487179487179487,0.5555555555555556,0.45454545454545453,0.7142857142857143,0.9808095526480933,0.8607067609944679,1.0,0.9999999999999998,0.9817142857142858,0.8032024213109406,0.9859264184397163,0.9870090229967446,0.9645101035829513,0.8631492004914936,0.9718969555035128,0.6501731601731602,MOGFormer_BASELINE,3,3,444,0.8361090490971644,rna_cnv
0.709703640076572,0.8354494069991298,0.7439239926739927,0.7692946015885329,0.9850746268656716,0.9705882352941176,1.0,0.717948717948718,0.5833333333333334,0.9333333333333333,0.8876404494382022,0.9634146341463414,0.8229166666666666,0.735632183908046,0.6666666666666666,0.8205128205128205,0.2222222222222222,0.5,0.14285714285714285,0.9697461373904892,0.8125659068940877,0.9994209612044007,0.9972434910603358,0.9828571428571429,0.8112665397010749,0.9772828014184397,0.9778077936155527,0.9227373068432672,0.7684978985082346,0.966432474629196,0.5080138115852402,MOGFormer_BASELINE,3,3,444,0.8361090490971644,rna_methy
0.2437678363677946,0.4008016650852822,0.34970238095238093,0.2193215144585509,0.0,0.0,0.0,0.0,0.0,0.0,0.620253164556962,0.7903225806451613,0.5104166666666666,0.3880597014925373,0.2736842105263158,0.6666666666666666,0.21052631578947367,0.12903225806451613,0.5714285714285714,0.7779412163978637,0.4157735754469879,0.8980891719745223,0.5838989958143523,0.7668571428571429,0.1865665284171981,0.8323359929078015,0.8634380699214359,0.6656478179656988,0.321223772931365,0.7267759562841529,0.12374051015058815,MOGFormer_BASELINE,3,3,444,0.8361090490971644,cnv_methy
0.8002056686482917,0.8604749465990685,0.824459706959707,0.791915168242429,0.9846153846153847,0.9696969696969697,1.0,0.7333333333333333,0.7333333333333333,0.7333333333333333,0.8961748633879781,0.9425287356321839,0.8541666666666666,0.7619047619047619,0.7111111111111111,0.8205128205128205,0.625,0.5555555555555556,0.7142857142857143,0.9669466525608172,0.8724315480456679,0.9996019108280255,0.9980764678030303,0.9796934865900384,0.8177080017792092,0.9667338709677419,0.9704375428829262,0.9577777777777778,0.8603941265072872,0.9309262166405025,0.7155416012558871,MOGFormer_BASELINE,3,4,444,0.87314271422491,full
0.8187197414267375,0.8733814792498087,0.8152930402930403,0.809437645827577,0.96875,0.96875,0.96875,0.7142857142857143,0.7692307692307693,0.6666666666666666,0.9157894736842105,0.925531914893617,0.90625,0.7804878048780488,0.7441860465116279,0.8205128205128205,0.7142857142857143,0.7142857142857143,0.7142857142857143,0.9668920248571153,0.8903001373162265,0.9988057324840764,0.9938330789847667,0.9693486590038314,0.8413744773744773,0.9712141577060932,0.9758873340859506,0.961025641025641,0.8810220426345373,0.9340659340659341,0.7593837535014005,MOGFormer_BASELINE,3,4,444,0.87314271422491,rna_only
0.1788398154251813,0.3344389685853101,0.26458333333333334,0.19519729959874368,0.35365853658536583,0.2196969696969697,0.90625,0.0,0.0,0.0,0.5405405405405406,0.7692307692307693,0.4166666666666667,0.0,0.0,0.0,0.0,0.0,0.0,0.6493387475914462,0.29960058758600494,0.6425159235668789,0.26381428838872867,0.4563218390804598,0.116186889511957,0.7829301075268817,0.7848956038115902,0.6357264957264958,0.25986102758759755,0.7291993720565149,0.07324512863015135,MOGFormer_BASELINE,3,4,444,0.87314271422491,cnv_only
0.029411764705882353,0.011671335200746966,0.2,0.0,0.0,0.0,0.0,0.14705882352941177,0.07936507936507936,1.0,0.0,0.0,0.0,0.0,0.0,0.0,0.0,0.0,0.0,0.5809412080146751,0.2628183046437005,0.7657245222929936,0.44180456695160364,0.5927203065134099,0.09825092569237423,0.5175851254480287,0.49583034192644926,0.5051282051282051,0.20628439204148613,0.5235478806907378,0.07192129660658916,MOGFormer_BASELINE,3,4,444,0.87314271422491,methy_only
0.7992118820222779,0.8586781984910183,0.8183699633699634,0.7876600734907672,0.9846153846153847,0.9696969696969697,1.0,0.7333333333333333,0.7333333333333333,0.7333333333333333,0.8936170212765957,0.9130434782608695,0.875,0.759493670886076,0.75,0.7692307692307693,0.625,0.5555555555555556,0.7142857142857143,0.9732181823358429,0.8881212044145942,0.9996019108280255,0.9980764678030303,0.9831417624521073,0.8647641047641047,0.9638216845878136,0.9685237257682129,0.9603418803418804,0.8751776633308519,0.9591836734693877,0.7340640604067714,MOGFormer_BASELINE,3,4,444,0.87314271422491,rna_cnv
0.8047730179028134,0.8605294613819763,0.8202930402930404,0.7908963046597277,0.96875,0.96875,0.96875,0.7333333333333333,0.7333333333333333,0.7333333333333333,0.9021739130434783,0.9431818181818182,0.8645833333333334,0.7529411764705882,0.6956521739130435,0.8205128205128205,0.6666666666666666,0.625,0.7142857142857143,0.9667070654621803,0.8847537696111966,0.9996019108280255,0.9980764678030303,0.9697318007662836,0.8633878057704343,0.9721102150537635,0.9757659510746819,0.9627350427350427,0.8711901142391026,0.9293563579277866,0.7153485091687339,MOGFormer_BASELINE,3,4,444,0.87314271422491,rna_methy
0.142984126984127,0.15989250020996051,0.24711538461538457,0.12144878097070029,0.31746031746031744,0.1910828025477707,0.9375,0.0,0.0,0.0,0.08,1.0,0.041666666666666664,0.31746031746031744,0.4166666666666667,0.2564102564102564,0.0,0.0,0.0,0.7441024118347208,0.381926233152302,0.8296178343949044,0.5020116066031413,0.5900383141762452,0.13623172437151349,0.8095878136200717,0.8036265629408615,0.7141880341880341,0.3588431994862986,0.7770800627943484,0.10891807235969528,MOGFormer_BASELINE,3,4,444,0.87314271422491,cnv_methy
0.9193023553507425,0.9269786024200287,0.9145375457875458,0.8892971199157249,0.9841269841269841,1.0,0.96875,0.967741935483871,1.0,0.9375,0.9375,0.9375,0.9375,0.85,0.8292682926829268,0.8717948717948718,0.8571428571428571,0.8571428571428571,0.8571428571428571,0.9888951884738457,0.9614397346741029,0.9940664556962026,0.9848790322580645,0.9996408045977011,0.9963235294117647,0.9790558510638298,0.9797290337736978,0.9763966717609102,0.9122011438610538,0.9953161592505855,0.9340659340659339,MOGFormer_BASELINE,4,0,444,0.9336655160696081,full
0.9042066504020962,0.9120873301216355,0.9317307692307694,0.867385509422582,0.9841269841269841,1.0,0.96875,0.967741935483871,1.0,0.9375,0.9206349206349206,0.9354838709677419,0.90625,0.825,0.8048780487804879,0.8461538461538461,0.8235294117647058,0.7,1.0,0.9877018492369434,0.9613393156455899,0.9978243670886076,0.9920058139534884,0.9992816091954022,0.9924172794117647,0.9707446808510638,0.9719820239520651,0.9730005094243505,0.9024456559219687,0.9976580796252927,0.947845804988662,MOGFormer_BASELINE,4,0,444,0.9336655160696081,rna_only
0.07374075200162157,0.02418374912654089,0.34285714285714286,0.07253570747594423,0.0,0.0,0.0,0.22377622377622378,0.12598425196850394,1.0,0.0,0.0,0.0,0.0,0.0,0.0,0.14492753623188406,0.08064516129032258,0.7142857142857143,0.6393412162571844,0.3031088332882526,0.33109177215189867,0.13061695082589375,0.7173132183908046,0.25270044635134925,0.7839095744680852,0.7232241223295148,0.6704024452368823,0.33518098778819533,0.6939890710382514,0.07382165914630998,MOGFormer_BASELINE,4,0,444,0.9336655160696081,cnv_only
0.031067961165048542,0.013081246806336228,0.2,0.0,0.0,0.0,0.0,0.1553398058252427,0.08421052631578947,1.0,0.0,0.0,0.0,0.0,0.0,0.0,0.0,0.0,0.0,0.5925501662951226,0.27695487557633997,0.65625,0.3351929416893737,0.5334051724137931,0.12353486216999147,0.6431737588652482,0.6268423511800343,0.43827474953302764,0.22583886913536771,0.6916471506635441,0.07336535370693278,MOGFormer_BASELINE,4,0,444,0.9336655160696081,methy_only
0.8934842087485222,0.9174609552084908,0.9062042124542125,0.8742112515637173,0.967741935483871,1.0,0.9375,0.967741935483871,1.0,0.9375,0.9319371727748691,0.9368421052631579,0.9270833333333334,0.85,0.8292682926829268,0.8717948717948718,0.75,0.6666666666666666,0.8571428571428571,0.9881385455636451,0.9619724354121519,0.9912974683544304,0.981907894736842,0.9992816091954023,0.9930555555555556,0.9768395390070922,0.9781094441239627,0.9763966717609102,0.9087373345924519,0.9968774395003903,0.9480519480519478,MOGFormer_BASELINE,4,0,444,0.9336655160696081,rna_cnv
0.880552071129508,0.8980923148240147,0.8728250915750916,0.8491097209284107,0.9841269841269841,1.0,0.96875,0.9411764705882353,0.8888888888888888,1.0,0.9137055837563451,0.8910891089108911,0.9375,0.7945205479452054,0.8529411764705882,0.7435897435897436,0.7692307692307693,0.8333333333333334,0.7142857142857143,0.9875560299826915,0.9558297680969586,0.9948575949367089,0.9859913793103449,0.9996408045977011,0.9963235294117647,0.9750664893617021,0.9756416216496747,0.9736797418916625,0.9075345393123806,0.994535519125683,0.9136577708006279,MOGFormer_BASELINE,4,0,444,0.9336655160696081,rna_methy
0.031067961165048542,0.013081246806336228,0.2,0.0,0.0,0.0,0.0,0.1553398058252427,0.08421052631578947,1.0,0.0,0.0,0.0,0.0,0.0,0.0,0.0,0.0,0.0,0.6653198169675539,0.3357913751367501,0.3850870253164557,0.13297961000896483,0.7600574712643678,0.2546338980337185,0.8127216312056738,0.7806647510759975,0.6099507556461199,0.3986622325099045,0.7587822014051523,0.11201638405516509,MOGFormer_BASELINE,4,0,444,0.9336655160696081,cnv_methy
0.834922968855859,0.8962569208412003,0.7969782410571884,0.847807016715065,0.9846153846153847,1.0,0.9696969696969697,0.8387096774193549,0.8666666666666667,0.8125,0.9246231155778895,0.8932038834951457,0.9583333333333334,0.8266666666666667,0.8378378378378378,0.8157894736842105,0.6,1.0,0.42857142857142855,0.9813129069808898,0.914757477740064,1.0,0.9999999999999998,0.985632183908046,0.9058341877420825,0.9775044326241135,0.9804593099718142,0.9660664819944598,0.8949768841837029,0.9773614363778298,0.792517006802721,MOGFormer_BASELINE,4,1,444,0.8783840552217363,full
0.6092374491029304,0.7813107147914236,0.5816615402141718,0.6994346658708022,0.9523809523809523,1.0,0.9090909090909091,0.3,0.75,0.1875,0.8932038834951457,0.8363636363636363,0.9583333333333334,0.6506024096385542,0.6,0.7105263157894737,0.25,1.0,0.14285714285714285,0.9513791645361565,0.7987555533940955,0.9998069870681335,0.9991087344028519,0.9339080459770115,0.6443148473719512,0.9779476950354609,0.9806581732730567,0.9264196675900278,0.7204935045111553,0.9188134270101483,0.6492025074114627,MOGFormer_BASELINE,4,1,444,0.8783840552217363,rna_only
0.13816831683168318,0.13093147472642,0.24385964912280703,0.0808017398280869,0.275,0.1732283464566929,0.6666666666666666,0.0,0.0,0.0,0.0,0.0,0.0,0.4158415841584158,0.3333333333333333,0.5526315789473685,0.0,0.0,0.0,0.7313789769671675,0.3826314358238441,0.8280254777070064,0.6069350263186857,0.5535201149425287,0.11427434136782565,0.767896719858156,0.7527211878744929,0.6990997229916898,0.3319578398919172,0.808352849336456,0.10726878366629919,MOGFormer_BASELINE,4,1,444,0.8783840552217363,cnv_only
0.03121951219512195,0.013145057766367138,0.2,-0.007297185046821516,0.0,0.0,0.0,0.15609756097560976,0.08465608465608465,1.0,0.0,0.0,0.0,0.0,0.0,0.0,0.0,0.0,0.0,0.583837447718401,0.2731669883850176,0.6392588303416329,0.3047184809724412,0.5933908045977011,0.1339285573214738,0.6022828014184397,0.6365297132093366,0.5924515235457064,0.25124635389641276,0.4918032786885246,0.0394118365254236,MOGFormer_BASELINE,4,1,444,0.8783840552217363,methy_only
0.7914256292569546,0.8838040111090207,0.7550296195033037,0.8330337087567481,0.9846153846153847,1.0,0.9696969696969697,0.7857142857142857,0.9166666666666666,0.6875,0.9230769230769231,0.9090909090909091,0.9375,0.8192771084337349,0.7555555555555555,0.8947368421052632,0.4444444444444444,1.0,0.2857142857142857,0.9805443201375622,0.9032755811419815,1.0,0.9999999999999998,0.9823994252873564,0.8862619114290988,0.977061170212766,0.9793330317535426,0.9627770083102493,0.8785889729419727,0.9804839968774395,0.7721939895852938,MOGFormer_BASELINE,4,1,444,0.8783840552217363,rna_cnv
0.7600318937519109,0.8434580207603706,0.7255041011619958,0.7753619431090956,0.96875,1.0,0.9393939393939394,0.7878787878787878,0.7647058823529411,0.8125,0.8932038834951457,0.8363636363636363,0.9583333333333334,0.7058823529411765,0.8,0.631578947368421,0.4444444444444444,1.0,0.2857142857142857,0.9761977004518686,0.9014585049043887,1.0,0.9999999999999998,0.973778735632184,0.8890511209804688,0.976174645390071,0.978231943495725,0.9606994459833794,0.8672650991434941,0.9703356752537081,0.7727443609022555,MOGFormer_BASELINE,4,1,444,0.8783840552217363,rna_methy
0.09115815691158156,0.06289571999737825,0.2481060606060606,0.058616767683049666,0.273972602739726,0.25,0.30303030303030304,0.18181818181818182,0.10067114093959731,0.9375,0.0,0.0,0.0,0.0,0.0,0.0,0.0,0.0,0.0,0.6851441653055095,0.3192616495166597,0.6145531750627292,0.3199266305807331,0.6382902298850575,0.11748719972441801,0.7296099290780143,0.722590060459629,0.7203947368421053,0.3564781338246883,0.7228727556596409,0.07982622299382983,MOGFormer_BASELINE,4,1,444,0.8783840552217363,cnv_methy
0.7412715763903488,0.8321272436925823,0.768095238095238,0.7542059540381673,0.9850746268656716,0.9705882352941176,1.0,0.5,0.6666666666666666,0.4,0.8888888888888888,0.8627450980392157,0.9166666666666666,0.7323943661971831,0.8125,0.6666666666666666,0.6,0.46153846153846156,0.8571428571428571,0.969063420255478,0.8525063804177915,0.9994209612044007,0.9972434910603358,0.9657142857142857,0.7044763593894028,0.9576684397163121,0.9510490861941568,0.945151978264561,0.8512286426250251,0.9773614363778298,0.758534322820037,MOGFormer_BASELINE,4,2,444,0.8577374979029724,full
0.6702434444369929,0.7699234001441132,0.6380685980685981,0.68367147677531,0.8709677419354839,0.9310344827586207,0.8181818181818182,0.6153846153846154,0.7272727272727273,0.5333333333333333,0.8648648648648649,0.7619047619047619,1.0,0.5714285714285714,0.9411764705882353,0.41025641025641024,0.42857142857142855,0.42857142857142855,0.42857142857142855,0.9551069796162557,0.8206063644590411,0.9905423663385446,0.9518828428373498,0.923047619047619,0.6589881602475973,0.9459219858156028,0.9315374087938324,0.9324163695024621,0.8366695864626023,0.9836065573770492,0.7239538239538239,MOGFormer_BASELINE,4,2,444,0.8577374979029724,rna_only
0.14788799240626482,0.2634076886568581,0.23461538461538461,0.13373625726928381,0.0,0.0,0.0,0.0,0.0,0.0,0.37209302325581395,0.7272727272727273,0.25,0.3673469387755102,0.22929936305732485,0.9230769230769231,0.0,0.0,0.0,0.5416349065719025,0.2571200590461743,0.24319629415170815,0.12632962387742808,0.44952380952380955,0.08538139030670015,0.7087765957446809,0.6585133233304726,0.5916114790286976,0.2733417514697931,0.7150663544106167,0.14203420624647733,MOGFormer_BASELINE,4,2,444,0.8577374979029724,cnv_only
0.24556390977443607,0.41352987732489116,0.25,0.11992139918848194,0.3142857142857143,0.2972972972972973,0.3333333333333333,0.0,0.0,0.0,0.5714285714285714,0.56,0.5833333333333334,0.34210526315789475,0.35135135135135137,0.3333333333333333,0.0,0.0,0.0,0.6387541876086599,0.29900609806122175,0.689056166763173,0.296432557318132,0.6171428571428571,0.1714828220144668,0.6039450354609929,0.6320419175729202,0.6388181355068773,0.324749721016678,0.6448087431693988,0.07032347238391194,MOGFormer_BASELINE,4,2,444,0.8577374979029724,methy_only
0.7837245063556094,0.8457046976531606,0.794740675990676,0.7764268813400443,0.9846153846153847,1.0,0.9696969696969697,0.4166666666666667,0.5555555555555556,0.3333333333333333,0.9081632653061225,0.89,0.9270833333333334,0.7341772151898734,0.725,0.7435897435897436,0.875,0.7777777777777778,1.0,0.9746610263900142,0.8979843116188665,0.9994209612044007,0.9974747474747473,0.9691428571428571,0.7278423743360222,0.9621010638297871,0.9552681478571691,0.944982170147733,0.8614904834377319,0.9976580796252927,0.947845804988662,MOGFormer_BASELINE,4,2,444,0.8577374979029724,rna_cnv
0.7084800973567559,0.7915730007737283,0.701010656010656,0.7069755577358704,0.9253731343283582,0.9117647058823529,0.9393939393939394,0.6923076923076923,0.8181818181818182,0.6,0.8679245283018868,0.7931034482758621,0.9583333333333334,0.5862068965517241,0.8947368421052632,0.4358974358974359,0.47058823529411764,0.4,0.5714285714285714,0.9522133421403696,0.7917445932941225,0.9917004439297433,0.9511152957846702,0.9622857142857143,0.729528264274641,0.9469193262411346,0.9384369478460126,0.9405671591102055,0.8273577574508004,0.9195940671350507,0.5122847011144884,MOGFormer_BASELINE,4,2,444,0.8577374979029724,rna_methy
0.21587301587301586,0.43583959899749375,0.2637820512820513,0.22083271448654512,0.0,0.0,0.0,0.0,0.0,0.0,0.7142857142857143,0.7,0.7291666666666666,0.36507936507936506,0.26436781609195403,0.5897435897435898,0.0,0.0,0.0,0.7167758526730521,0.39281565262961077,0.8249372707971434,0.518343412076661,0.6007619047619048,0.10245059479335349,0.7671764184397163,0.7353439922168812,0.618950585838003,0.37105235364585026,0.7720530835284933,0.23688791041530768,MOGFormer_BASELINE,4,2,444,0.8577374979029724,cnv_methy
0.8275197856245586,0.8947386916145869,0.827111222111222,0.8412142571606843,0.9230769230769231,0.9375,0.9090909090909091,0.7096774193548387,0.6875,0.7333333333333333,0.9484536082474226,0.9387755102040817,0.9583333333333334,0.8421052631578947,0.8648648648648649,0.8205128205128205,0.7142857142857143,0.7142857142857143,0.7142857142857143,0.9868273361356996,0.9250577759907206,0.9988419224088014,0.9946493197830095,0.9862857142857143,0.8507377566820291,0.9883643617021277,0.9882760875822735,0.9707930039055866,0.9232783769707167,0.9898516783762686,0.8683473389355743,MOGFormer_BASELINE,4,3,444,0.8662720340661517,full
0.7131257296229409,0.8398629582347157,0.7028837828837828,0.7810529189330184,0.9180327868852459,1.0,0.8484848484848485,0.8,0.7,0.9333333333333333,0.9056603773584906,0.8275862068965517,1.0,0.7419354838709677,1.0,0.5897435897435898,0.2,0.3333333333333333,0.14285714285714285,0.9730432787151271,0.8345822842707943,0.9980698706813357,0.9929527836504579,0.9832380952380952,0.818508621008621,0.9829343971631206,0.9822595717576372,0.9665478009848871,0.9114245290877163,0.9344262295081968,0.4677659158495396,MOGFormer_BASELINE,4,3,444,0.8662720340661517,rna_only
0.16072167997633838,0.36929902395740904,0.21121794871794872,0.08176298175326768,0.0,0.0,0.0,0.0,0.0,0.0,0.6811594202898551,0.5222222222222223,0.9791666666666666,0.12244897959183673,0.3,0.07692307692307693,0.0,0.0,0.0,0.7041896689530336,0.3329751363413999,0.7017950202663579,0.3820983092908084,0.7508571428571429,0.17767958428727199,0.739804964539007,0.7156893436175216,0.629818305314994,0.308118690549443,0.6986729117876659,0.08128975396195452,MOGFormer_BASELINE,4,3,444,0.8662720340661517,cnv_only
0.039411764705882354,0.02187306501547988,0.20512820512820512,0.05511331920819704,0.0,0.0,0.0,0.14705882352941177,0.07936507936507936,1.0,0.0,0.0,0.0,0.05,1.0,0.02564102564102564,0.0,0.0,0.0,0.47820612974078996,0.2345724029041604,0.485813549507817,0.21863267535322523,0.34019047619047615,0.059105493109494756,0.49833776595744683,0.48747347517278145,0.6029886228561725,0.31015413676863535,0.4637002341920375,0.09749623411666515,MOGFormer_BASELINE,4,3,444,0.8662720340661517,methy_only
0.787034646545184,0.87257016856427,0.7977222777222777,0.810059007478285,0.8524590163934426,0.9285714285714286,0.7878787878787878,0.72,0.9,0.6,0.9458128078817734,0.897196261682243,1.0,0.8169014084507042,0.90625,0.7435897435897436,0.6,0.46153846153846156,0.8571428571428571,0.9787501669787814,0.8199330180505029,0.9922794827253426,0.9669044380295362,0.9836190476190476,0.8451716188747673,0.9863696808510638,0.9838528476881478,0.9595856681949397,0.8945481514720287,0.9718969555035128,0.40918803418803423,MOGFormer_BASELINE,4,3,444,0.8662720340661517,rna_cnv
0.7736898310738516,0.8700273288461704,0.762746003996004,0.8096890019167439,0.96875,1.0,0.9393939393939394,0.7428571428571429,0.65,0.8666666666666667,0.9175257731958762,0.9081632653061225,0.9270833333333334,0.7948717948717948,0.7948717948717948,0.7948717948717948,0.4444444444444444,1.0,0.2857142857142857,0.9794338835472436,0.88906877143769,0.998648909476935,0.9946969696969696,0.984,0.81613788988789,0.9841533687943262,0.98380476398023,0.9670572253353711,0.9121087954480902,0.9633099141295863,0.7385954381752702,MOGFormer_BASELINE,4,3,444,0.8662720340661517,rna_methy
0.227228271132745,0.4284914687837993,0.31038461538461537,0.25180969078153936,0.0,0.0,0.0,0.24324324324324326,0.15254237288135594,0.6,0.7533632286995515,0.6614173228346457,0.875,0.13953488372093023,0.75,0.07692307692307693,0.0,0.0,0.0,0.6934177161368204,0.32249270368734007,0.6240108087241846,0.28025589142113405,0.7177142857142857,0.16064410209772612,0.7560948581560284,0.6937782585970448,0.6534216335540839,0.35710654535734426,0.7158469945355191,0.120678720963451,MOGFormer_BASELINE,4,3,444,0.8662720340661517,cnv_methy
0.8129605278442489,0.88297221420145,0.8022847985347985,0.8274886895850565,0.9846153846153847,0.9696969696969697,1.0,0.8571428571428571,0.9230769230769231,0.8,0.9090909090909091,0.9340659340659341,0.8854166666666666,0.813953488372093,0.7446808510638298,0.8974358974358975,0.5,0.6,0.42857142857142855,0.9846451988342183,0.9081860929101737,1.0,1.0,0.9957854406130269,0.9657936507936508,0.9809587813620071,0.9812165747726741,0.9770940170940171,0.9122566644638261,0.9693877551020409,0.6816635745207174,MOGFormer_BASELINE,4,4,444,0.9450481203933888,full
0.6027237671305468,0.7267625458370683,0.5592261904761904,0.6326087723746737,0.9152542372881356,1.0,0.84375,0.5,1.0,0.3333333333333333,0.8311688311688312,0.7111111111111111,1.0,0.48148148148148145,0.8666666666666667,0.3333333333333333,0.2857142857142857,0.2857142857142857,0.2857142857142857,0.9504687809153287,0.7718541261777909,0.9992038216560509,0.9965277777777778,0.9896551724137932,0.9237525632262473,0.9779345878136201,0.9799357703956723,0.9268376068376067,0.7612124703162411,0.8587127158555731,0.19784204917301632,MOGFormer_BASELINE,4,4,444,0.9450481203933888,rna_only
0.13714285714285715,0.34829931972789113,0.2,0.06740703694672635,0.0,0.0,0.0,0.0,0.0,0.0,0.6857142857142857,0.5217391304347826,1.0,0.0,0.0,0.0,0.0,0.0,0.0,0.6447786566957088,0.2954872079761497,0.7404458598726115,0.29087722900710417,0.6739463601532567,0.13117031780556046,0.7300627240143369,0.740132455868312,0.6673504273504274,0.281566637479924,0.41208791208791207,0.033689399719848044,MOGFormer_BASELINE,4,4,444,0.9450481203933888,cnv_only
0.07163636363636364,0.08597402597402598,0.18365384615384617,-0.06940590792370646,0.0,0.0,0.0,0.0,0.0,0.0,0.04,0.5,0.020833333333333332,0.3181818181818182,0.19337016574585636,0.8974358974358975,0.0,0.0,0.0,0.5000561465692905,0.25076048901582376,0.6912818471337581,0.33660225527618454,0.5406130268199234,0.09260526403000578,0.6863799283154122,0.6270305574656524,0.38341880341880347,0.1725732136517742,0.19858712715855573,0.024991154655501946,MOGFormer_BASELINE,4,4,444,0.9450481203933888,methy_only
0.8068305672420019,0.8813104934665181,0.7899267399267398,0.8225678894997529,0.9538461538461539,0.9393939393939394,0.96875,0.7692307692307693,0.9090909090909091,0.6666666666666666,0.9238578680203046,0.900990099009901,0.9479166666666666,0.8157894736842105,0.8378378378378378,0.7948717948717948,0.5714285714285714,0.5714285714285714,0.5714285714285714,0.9866231130911233,0.9155172687119647,0.9996019108280255,0.9981617647058824,0.9934865900383142,0.9218757947705315,0.9829749103942651,0.9837296401091931,0.971965811965812,0.9099302550853275,0.9850863422291993,0.7638888888888888,MOGFormer_BASELINE,4,4,444,0.9450481203933888,rna_cnv
0.7481688681688683,0.87345740679074,0.7207188644688645,0.8218236982152247,0.9846153846153847,0.9696969696969697,1.0,0.8,1.0,0.6666666666666666,0.9191919191919192,0.8921568627450981,0.9479166666666666,0.8148148148148148,0.7857142857142857,0.8461538461538461,0.2222222222222222,0.5,0.14285714285714285,0.9807388619290732,0.889186727708395,1.0,1.0,0.9881226053639847,0.9325515334338863,0.9775985663082437,0.9768586858101248,0.9709401709401708,0.8897685450994809,0.9670329670329669,0.6467548741984832,MOGFormer_BASELINE,4,4,444,0.9450481203933888,rna_methy
0.12457904872642708,0.13176439194389122,0.30625,0.11529556508029311,0.410958904109589,0.36585365853658536,0.46875,0.0,0.0,0.0,0.11538461538461539,0.75,0.0625,0.0,0.0,0.0,0.09655172413793103,0.050724637681159424,1.0,0.7308688500133925,0.38935475718652435,0.8941082802547771,0.7028449585989534,0.7375478927203065,0.18955022894090806,0.7563284050179211,0.7079942036702739,0.6321367521367522,0.2914137525123873,0.6342229199372056,0.05497064221009898,MOGFormer_BASELINE,4,4,444,0.9450481203933888,cnv_methy
