gene,meandiff_BmA,cohens_d,mwu_p,fdr_bh,is_cellcycle
AURKA,0.2997523315509918,0.44516646131870535,0.00029002408083719333,0.0590922944215219,True
UBE2C,0.2813730569565669,0.3814706839771412,0.0003625368733354792,0.0590922944215219,True
TPX2,0.2966509751278915,0.41565426867611666,0.00040941543479114476,0.0590922944215219,False
MYBL2,0.26934649966055113,0.38216017775617134,0.0005685324936465235,0.061543642437236167,True
E2F1,0.29440479671033193,0.3951670792081804,0.0007939356602727858,0.06875482817962325,False
CCNB1,0.279858741158133,0.37599483350350643,0.001353827660469704,0.078905260404833,True
CDKN3,0.25653628899763503,0.36942120570358183,0.001428131671893493,0.078905260404833,False
MAPRE1,0.31085175289709044,0.38999436086157996,0.001614171910369652,0.078905260404833,False
PLK1,0.2362460363172899,0.35585490719406504,0.001667419288768756,0.078905260404833,False
PTTG1,0.24380496381273076,0.33358849064709317,0.0018222923881023789,0.078905260404833,True
RACGAP1,0.2639927435946899,0.352070401578774,0.003183961705160665,0.11623653912261238,False
GAPDH,0.21112799581252223,0.29589197724072686,0.0034370226199035825,0.11623653912261238,False
DLGAP5,0.25200494465711243,0.3456589081909083,0.0034897806203093786,0.11623653912261238,False
EIF3K,0.22158109318683183,0.26855556229980526,0.004044150115541611,0.1250797857163941,False
NEK2,0.24713530123133765,0.29247014745777494,0.004407423831906177,0.12722763461435832,False
FOXM1,0.2160600751368299,0.32920023321107705,0.0049712333848883706,0.13403769252256245,True
KIF2C,0.21142328346283923,0.3145148581902656,0.005262449821901991,0.13403769252256245,True
LAPTM4B,0.25493738169977453,0.2961225003025398,0.005702261325405475,0.13717106410558727,False
EXO1,0.2105142000321607,0.29140605924432866,0.006163829709284253,0.1404704349536885,True
ALDOC,0.2626352158588934,0.2833746023189344,0.006611279274961755,0.14313419630292198,False
CDCA7,0.1583799536634088,0.28262826063823593,0.007050005388147697,0.14536439681275967,False
CLDN4,0.2629640028500525,0.3111608962624583,0.00892191170421057,0.14952183097077776,False
MRPL36,0.2337579108316521,0.2826400045353295,0.009141084487023277,0.14952183097077776,False
MELK,0.19681544040629462,0.3015817233498579,0.009365050794960672,0.14952183097077776,True
BLVRA,0.19426082492446145,0.22027641907324608,0.009626996234124687,0.14952183097077776,False
RUNX1,-0.25565650126586914,-0.2950237477595707,0.009827721544108133,0.14952183097077776,False
CLDN3,0.22142490283647148,0.2815519982972099,0.009895453968586071,0.14952183097077776,False
KDELR2,0.2783098974107457,0.3219736108720163,0.010153163503632824,0.14952183097077776,False
BCL2,-0.15723452061981702,-0.26310739805669253,0.010170561148670343,0.14952183097077776,False
AKT2,0.2636046757330859,0.33522826484847135,0.010632152312963356,0.14952183097077776,False
SMAD4,-0.21482268188737602,-0.29448689536459094,0.010704796212688477,0.14952183097077776,False
ANLN,0.21352949670579058,0.2977305754759757,0.011074675934629557,0.14980789308404,True
MCM2,0.269405360178062,0.36669944299932933,0.011417229726959167,0.14980789308404,False
CDC20,0.1854366536506361,0.26140026358462576,0.015648060635482887,0.19869189089496928,True
RRM2,0.22482758665570035,0.28741497049775194,0.016060545453403983,0.19869189089496928,True
BUB1,0.20276000689467544,0.2906799670824898,0.016670222686224645,0.20050573397597976,True
BIRC5,0.17238448713506938,0.2461871687124907,0.017524080982147982,0.20507910987216424,True
CHCHD2,0.2517089159639348,0.278147244632551,0.02074013913528493,0.2363284275152204,False
AURKB,0.18634366554192616,0.28629149836446455,0.021334571988628655,0.23686845310451812,False
MAPK3,0.24644668524665392,0.30221752984529165,0.024685863067371628,0.26722446770429786,False
IL17RB,-0.25587348225447226,-0.2700578510762981,0.02561131947650302,0.2704805203250197,False
CAPN8,-0.17178081608883838,-0.2429235059033791,0.026891845073275755,0.277242117064962,False
CRNKL1,0.1851115346563661,0.25467110650018826,0.029265993219411344,0.29017304824929574,False
CDK4,0.23451928154360538,0.3187929513480459,0.02961946414702829,0.29017304824929574,False
PLTP,0.27651925279457334,0.30307457492801004,0.030156552358471846,0.29017304824929574,False
CEP55,0.17610937554290584,0.2530261729338406,0.031629876721674055,0.2966333160831011,True
CHEK1,0.13821595480339777,0.20386070599929498,0.032198073570221135,0.2966333160831011,False
MCM6,0.19422695380670985,0.28840289659771906,0.03621408572912421,0.32668123168147467,False
TMEM97,0.21439436939517062,0.25003698718837825,0.03804600020051209,0.33427229106634576,False
CDH1,0.24309570789678736,0.2367457952232895,0.0385995717166681,0.33427229106634576,False
HOXB13,0.13189247361137513,0.1386350040743915,0.043438206388404496,0.3580068456062715,False
UBE2T,0.15709362134197224,0.2195240299050178,0.0440212112205712,0.3580068456062715,False
MAP2K4,-0.16994454420365557,-0.18085465676388823,0.04452164839045962,0.3580068456062715,False
CENPA,0.1379217188155506,0.22985836818402441,0.04464750499477751,0.3580068456062715,False
TMEM147,0.178268995377578,0.20556008194048495,0.04762609836676701,0.3749472835056385,False
CHAD,-0.21534758291422507,-0.26734416936129013,0.04938234430611959,0.3786980802288752,False
HTATIP2,0.1728125557079444,0.2072509582913651,0.05105140834552589,0.3786980802288752,False
CCNB2,0.15144876270331287,0.2180427230011918,0.05176066252388282,0.3786980802288752,False
TUBB2A,0.24528281390017528,0.28473932367020394,0.05247814278678445,0.3786980802288752,False
MDM4,-0.20418155522435405,-0.22858637066806847,0.05335005694094551,0.3786980802288752,False
NUF2,0.18003725435148987,0.22033410064811493,0.053350075967578264,0.3786980802288752,True
EZH2,0.15380348422071943,0.2176140621842712,0.05634435777530693,0.3935017244630306,False
YWHAZ,0.1683238542806607,0.20767454078543013,0.058207168306445595,0.400058791693507,False
TM4SF1,-0.16370928367111903,-0.2027149999839608,0.060607354424433345,0.41004663227780686,False
NDUFS6,0.17976702565422015,0.1984939815042301,0.06342613041178131,0.4172234436863552,False
NCOA3,0.2374745462530829,0.2749732252126473,0.06359525931477931,0.4172234436863552,False
RAD51,0.17241671243126455,0.2355703561110583,0.06705681587408532,0.43336718318625295,False
ECH1,0.19345787694068262,0.2155941619091862,0.0684841922016536,0.43608316504876476,False
PHGDH,0.13544991418855543,0.1940971450619683,0.07253864826626508,0.45520629998975043,False
TFAP2C,0.21388780222430598,0.22582926576844556,0.07425300257761511,0.45754978572712046,False
ATP6V1C1,0.17221449833608643,0.2019527780178713,0.07502548449567102,0.45754978572712046,False
FSCN1,0.15641914634574786,0.23368946588393416,0.0761965006305488,0.45823728851427264,False
LPL,0.20651135855591854,0.1947655191974206,0.07778100175999086,0.4613585446859732,False
CCNE2,0.13131740467171504,0.19062294743697422,0.08332781699373944,0.48758033457147537,False
ATP6V1B2,0.2002817795939379,0.22947976020551847,0.08720059109936065,0.5034380792803088,False
BNIPL,-0.15911997756513258,-0.21156237403847988,0.08986225519814015,0.5119783750104564,False
POLD2,0.16194326933905723,0.19210515020915012,0.09752006100761793,0.5334286210244388,False
MARCKS,0.2583601774512402,0.27590264866622927,0.0977600153242575,0.5334286210244388,False
SLC2A10,0.07336153795431452,0.09849852296944804,0.09872455405678476,0.5334286210244388,False
HOXB7,0.1736020215180477,0.2082126562950137,0.0988456268592959,0.5334286210244388,False
TOP2A,0.13750761518637805,0.1634515633276826,0.09994089484057803,0.5334286210244388,True
PITX2,0.0996858706650637,0.12692859389376476,0.10290875293070846,0.5334286210244388,False
NECAB3,0.16871885490961522,0.20295235228367417,0.10290889025489623,0.5334286210244388,False
MMP9,0.22452774542509524,0.22480263929355654,0.10416606137545287,0.5334286210244388,False
SLC2A3,0.16119135841087096,0.17193426461098194,0.10581856039207517,0.5334286210244388,False
DSTN,0.1961552110983438,0.26778943854417203,0.10594656214342202,0.5334286210244388,False
SQLE,0.11937999056801973,0.14571104617179037,0.11037116416233937,0.5473471536963262,False
KIF23,0.14376748211584234,0.1957039740367676,0.11223495542637722,0.5473471536963262,True
BAG1,-0.17148914424268283,-0.20159521135246017,0.11250322558654283,0.5473471536963262,False
SOX9,-0.10249508671049427,-0.12113768778560106,0.11548767229391704,0.5531880199077259,False
PXMP4,0.15338169287980064,0.24163801481983607,0.11797549948425316,0.5531880199077259,False
SLC39A6,-0.10247749056860211,-0.13765713231616766,0.11825450058136763,0.5531880199077259,False
CD4,0.15953571649394366,0.182215297499808,0.11881405508410742,0.5531880199077259,False
TPD52,0.19136492747193562,0.22962322339293945,0.12107305330838786,0.5544359470519368,False
MTOR,-0.10344504359960019,-0.11798370772183193,0.1216429906926882,0.5544359470519368,False
EFR3A,0.12821762005649165,0.15117195619719942,0.12365444084853834,0.5577330509105949,False
ARID1A,-0.06256552791886691,-0.07367059839260524,0.13410335115163605,0.5986262994707052,False
MKI67,0.12650462008834817,0.16393662575128248,0.13596124021114875,0.6007267041982388,True
GSTM1,0.19799168847672993,0.18525984163428538,0.14159056521455693,0.6192799468475065,False
NET1,0.20696166603981447,0.21363033409929366,0.14952758666308294,0.6474544502511491,False
PGR,-0.1337089852623649,-0.16320757584484624,0.15324593252372706,0.6569850374532061,False
RFC4,0.093702909696042,0.16109315346266898,0.15530354472467073,0.657932142694002,False
OXCT1,-0.12812445349822732,-0.14296116614423815,0.15668689451559956,0.657932142694002,False
CST1,-0.17444862968437402,-0.17561218236087892,0.15842521078924465,0.657932142694002,False
FPR3,0.17118069065814276,0.1893464661424597,0.15983356807288107,0.657932142694002,False
RARRES2,0.18973615975283253,0.2104405491174862,0.1630277962479837,0.657932142694002,False
KCTD3,-0.17966359956877495,-0.22325000776098797,0.1641031672308365,0.657932142694002,False
LYPLA1,0.14459952558166364,0.16245941710937942,0.1641031672308365,0.657932142694002,False
FABP4,0.164788605895546,0.17163680527230848,0.16772634290546207,0.6662890502574778,False
RGS2,0.11421251240543052,0.12152199783791606,0.1732732839231902,0.6669028308895546,False
KCNK1,-0.16407085112364184,-0.155690908675913,0.17402311699333317,0.6669028308895546,False
FOXA1,-0.0362729922617423,-0.12567788724175044,0.1751524072340812,0.6669028308895546,False
CRABP2,0.12604489092771923,0.15286541162153675,0.1793399376187218,0.6669028308895546,False
CENPF,0.10984192384540092,0.1378780385795209,0.18010923846128823,0.6669028308895546,True
GREB1,-0.10520669810715377,-0.13970924142556448,0.18126778307943314,0.6669028308895546,False
CDC6,0.09864187911706745,0.140601160152546,0.18379688815738293,0.6669028308895546,True
RUNDC1,-0.09414700961868505,-0.13526313884050595,0.18399254952003652,0.6669028308895546,False
FGFR1,0.1295810371640611,0.16244392971224186,0.18635210409734038,0.6669028308895546,False
TSPYL5,0.14170306370496075,0.1851683199812793,0.1871435704354304,0.6669028308895546,False
VWF,0.15862419580449627,0.18207557851536357,0.18873390992055084,0.6669028308895546,False
COL1A2,0.1821060200570909,0.19828129184677185,0.18873394519988906,0.6669028308895546,False
SELENBP1,0.11509113884427846,0.17803515369604325,0.18993325101023417,0.6669028308895546,False
TWIST1,0.09426612911160678,0.10051045950004298,0.1927534465693842,0.6669028308895546,False
ABCC11,-0.14603102742522656,-0.174508773658871,0.19356484081810454,0.6669028308895546,False
PPM1D,0.12396910103897964,0.1551231194488351,0.19397147727648978,0.6669028308895546,False
GIMAP4,0.12800980846281343,0.15592185284602408,0.19519514870900534,0.6669028308895546,False
PLEKHF2,0.09070532880304474,0.12177077913868277,0.19560429451033123,0.6669028308895546,False
ACLY,-0.07015718956382505,-0.07297140325306474,0.2009805062777582,0.670811871322779,False
PLAT,-0.12217473585242494,-0.14928506002925315,0.2013984833070699,0.670811871322779,False
ISM1,0.10247289226067968,0.11327789562602275,0.2013984833070699,0.670811871322779,False
GABRP,0.10969140846950032,0.1436970325081313,0.20370865701868024,0.6730815552136681,False
ATM,-0.14396205151875127,-0.15309122460876112,0.2051888343838434,0.6730815552136681,False
NRN1,0.13545279015275197,0.15066583692514035,0.2116208602546621,0.6834772872492493,False
ACTR3B,0.0988001903024591,0.16875201679854332,0.2133604223461717,0.6834772872492493,True
CCDC3,0.14092895348335274,0.1452249811847463,0.21379688436108923,0.6834772872492493,False
AKR1B1,0.16975293093804947,0.21573252457665204,0.21467185003671574,0.6834772872492493,False
CDH3,0.10946824276419892,0.12999154164444157,0.22176431893684623,0.7000563090971935,False
S100A4,0.16866009206105112,0.1883045818911698,0.22311263430811246,0.7000563090971935,False
EPHX2,-0.10465440863995151,-0.1249869794971957,0.22994220870972837,0.7162947940382186,False
COL1A1,0.1778393459305844,0.18933427729821967,0.23271525269371107,0.7197550315455493,False
MMP2,0.13196712879108882,0.1435184688194353,0.23644943307470467,0.7233792937638052,False
SEZ6L2,-0.07859436948059266,-0.0856207325368602,0.23738956205536643,0.7233792937638052,False
SEC14L2,-0.14049336243502186,-0.1571183847667045,0.239277735521364,0.7233792937638052,False
SFRP1,0.11440203215042068,0.13399462625520617,0.24500572703271317,0.7233792937638052,False
MTDH,0.131321758920289,0.16395521892850562,0.2474205627309266,0.7233792937638052,False
PRRX1,0.16423725755765942,0.17470045193529246,0.24839114774329363,0.7233792937638052,False
CLEC2B,0.16151888899916567,0.18389461767214824,0.24985201392449619,0.7233792937638052,False
GRAMD1A,0.11517860124424248,0.12050795059189189,0.2515638933312331,0.7233792937638052,False
BUB1B,0.1306810053579599,0.16726535561306233,0.2532840132894736,0.7233792937638052,False
RTP4,0.10601601234044442,0.13460224829097622,0.2532840132894736,0.7233792937638052,False
GPR160,0.05697958962677613,0.10406406506490176,0.2537769662887416,0.7233792937638052,False
TBX3,-0.0876203463237415,-0.11731963524673725,0.2577446370020299,0.7233792937638052,False
C1S,0.1855463536769773,0.20842656806098614,0.2587432417642225,0.7233792937638052,False
COTL1,0.12034411559431929,0.1540554911354499,0.26276445600433185,0.7233792937638052,False
AGR2,0.08948785564091138,0.17372432407205382,0.26377646584615855,0.7233792937638052,False
GOLT1A,-0.10297522602469739,-0.1091694882762777,0.264283477709086,0.7233792937638052,False
WASL,0.1304341447954322,0.1598595709247699,0.264283477709086,0.7233792937638052,False
FXYD5,-0.07259392555589385,-0.09191517178135525,0.26529951620104575,0.7233792937638052,False
SLC30A1,0.14154632764872044,0.1514880001032778,0.267851373272432,0.7233792937638052,False
NME4,0.13192056641516695,0.1500847407391306,0.27042004823090826,0.7233792937638052,False
COL10A1,0.1539228915936965,0.17931420087394098,0.27042004823090826,0.7233792937638052,False
NMU,0.1314346758987664,0.19680405994823555,0.2706407519393451,0.7233792937638052,False
ADAMTS2,0.15784750322465993,0.169828905657683,0.27404448503520296,0.7249184583125055,False
PTMS,0.12708021991859675,0.1340929132369867,0.27456495880658405,0.7249184583125055,False
CX3CL1,0.1047306542071653,0.11324582376419026,0.2771774510664968,0.7273808261320795,False
MIR635,-0.06651202775848153,-0.07711461393900662,0.2851162999991319,0.736310802650839,False
ARID1B,-0.0464329938699366,-0.056188740091552655,0.28565096994060846,0.736310802650839,False
OLR1,0.11333706272560254,0.12682303771836564,0.2891427999632963,0.736310802650839,False
FLT1,0.1057092689713093,0.1121360316723768,0.2899527209969248,0.736310802650839,False
AQP1,0.09140174628220549,0.10907288484458369,0.29103493776855205,0.736310802650839,False
DNMT3A,-0.085157499878523,-0.11643143503188648,0.29211986761425957,0.736310802650839,False
TIMP2,0.14227850309995646,0.15461001347400655,0.29484406635381344,0.736310802650839,False
BNIP3L,0.09725724329018676,0.1158992441184499,0.296486731010441,0.736310802650839,False
RPRD2,-0.11950212928482623,-0.13345244759806232,0.29703564390821546,0.736310802650839,False
INHBA,0.12951544414352725,0.13695925866865322,0.29758519737620515,0.736310802650839,False
LMOD1,0.08573166120267023,0.09621283726009773,0.30145140083694133,0.7372895648460417,False
EXT1,0.11136103154416485,0.13666478503240043,0.3025621349670068,0.7372895648460417,False
KAT2A,-0.08867023612529609,-0.09608702575068863,0.3042333340676847,0.7372895648460417,False
SLC2A4RG,0.12637239655252414,0.1430792082460848,0.30479176006337516,0.7372895648460417,False
IGFBP4,0.10655915736474669,0.15818346852249343,0.3098481934438515,0.7407582435838034,False
CTHRC1,0.1598137051350628,0.1611111550858493,0.3104134199212838,0.7407582435838034,False
SCNN1A,0.024376644455290142,0.04457633686543838,0.3143890522678504,0.7407582435838034,False
TRAM1,0.08854389101648619,0.10300076058727783,0.318398020186916,0.7407582435838034,False
LOX,0.16056914976634723,0.16858013603224498,0.319549562714056,0.7407582435838034,False
ASPM,0.07145875322928619,0.09674592325999187,0.32012635448455473,0.7407582435838034,True
CTSS,0.10704529580323097,0.12814007193137314,0.3230205180115241,0.7407582435838034,False
DNMT1,0.09141709796336711,0.11262341904016122,0.32418290671980643,0.7407582435838034,False
GIMAP7,0.09322416564890929,0.11194395544735487,0.3265159623335385,0.7407582435838034,False
GOLPH3L,-0.15234095129387054,-0.17899306395785264,0.33003589031050695,0.7407582435838034,False
NF1,-0.0886168144333737,-0.10210300367944211,0.33417340689713604,0.7407582435838034,False
AEBP1,0.1511156932028313,0.1690961622918115,0.33476719928886445,0.7407582435838034,False
MUC1,-0.09387203434363062,-0.12690371478378826,0.33476719928886445,0.7407582435838034,False
PTPRC,0.09564690243444075,0.10908582212702699,0.3359568224704823,0.7407582435838034,False
ID4,0.10311447775539806,0.12040045945401838,0.3359568224704823,0.7407582435838034,False
MIA,-0.05140734782881978,-0.11358494549737397,0.3385431354389553,0.7407582435838034,False
SLPI,0.06980684246946284,0.08724130580414349,0.3389427681815066,0.7407582435838034,False
CHEK2,-0.05081996933451899,-0.06966005938362511,0.3425483100709613,0.7407582435838034,False
SLAMF7,0.09796820156686985,0.11795952728006492,0.34436024267713095,0.7407582435838034,False
SHC1,-0.010566733002006112,-0.011974215160965829,0.3498326584520606,0.7407582435838034,False
CFH,0.14325122790500358,0.1550751261062018,0.3498326584520606,0.7407582435838034,False
RSL1D1,0.11582600884864531,0.12527419747600577,0.35044409307533375,0.7407582435838034,False
TBC1D20,0.1332858543083702,0.18981669908397314,0.35166899410950603,0.7407582435838034,False
RAB25,-0.0951361525100386,-0.12220862080199202,0.3519756041471892,0.7407582435838034,False
PIP,-0.09997165764408728,-0.12291448315402072,0.35228246029591304,0.7407582435838034,False
NDC80,0.06409954078853142,0.09942999103755193,0.3528965266054668,0.7407582435838034,True
ZNF83,-0.1013241230179833,-0.12045193640673824,0.3528966034421569,0.7407582435838034,False
RGS5,-0.07395080943066212,-0.08391716087644172,0.3541269201428344,0.7407582435838034,False
FGF3,0.0013430070354706475,0.0017294187053089138,0.3560872175973778,0.7412777174022336,False
ADAMTS12,0.1269911027067216,0.13466914800448765,0.36783879135448905,0.7597496662796894,False
PCOLCE,0.15768281094236491,0.16971870826436158,0.3684698150548148,0.7597496662796894,False
FAM107B,-0.09624492597432868,-0.10272431422160114,0.3729058220894229,0.7616425517203779,False
ID1,0.10018661046810073,0.11199098340762002,0.3729058220894229,0.7616425517203779,False
CDK6,0.08513776070516119,0.11049116835246862,0.3764143212217811,0.7651990661456863,False
ECM1,-0.09414230578945078,-0.10559553128019009,0.37865763443101497,0.7655210550809886,False
CACNG4,0.08549001110508264,0.11399035142782855,0.3818765540357818,0.7655210550809886,False
MDFIC,0.16116463721353694,0.16778775307868773,0.3818765540357818,0.7655210550809886,False
SND1,0.13067280998151815,0.1488669729414048,0.38967016888537676,0.7695166699611028,False
COL14A1,0.10435210352404439,0.12743018509654414,0.38967016888537676,0.7695166699611028,False
DNMT3B,0.0647348968959861,0.09152635616215864,0.3903239746250792,0.7695166699611028,False
LY96,0.14929179704433643,0.16406044895672534,0.39097844663150716,0.7695166699611028,False
MT1E,-0.07442720044792717,-0.08768638578498297,0.39557838554426905,0.7715560402732815,False
VEGFA,-0.07187212890877054,-0.08542421437664828,0.39557838554426905,0.7715560402732815,False
MLPH,-0.03802581155091084,-0.08969880874516292,0.40420741445911645,0.7848511679856387,False
PTEN,-0.056604758853978726,-0.07177955304012126,0.40957312607501817,0.7917194803146557,False
XRCC4,0.11626097027148931,0.13857665669842764,0.41227179254979107,0.7933941607735979,False
CD163,0.11178923167152918,0.11837545622726567,0.4143026563392628,0.7937745583845167,False
TFF3,-0.06269473289789945,-0.10519896971690457,0.4266118135143607,0.8034510834145322,False
IGFBP5,0.09333194395508738,0.0993304471528172,0.4266118135143607,0.8034510834145322,False
CDC42SE1,-0.06235624218456802,-0.07344480712746077,0.4328454899041151,0.8034510834145322,False
EGLN1,0.09587017308346435,0.10462658515523716,0.433541323064204,0.8034510834145322,False
GMFG,0.08760166165492211,0.09806209221067914,0.43388950044846575,0.8034510834145322,False
FZD6,0.10500255926976552,0.11579688092490058,0.43773014120194864,0.8034510834145322,False
CLEC11A,0.11486680753509712,0.12088105320736993,0.44123851000064207,0.8034510834145322,False
CST7,0.08213934367879662,0.08781262504026209,0.441942111858572,0.8034510834145322,False
CPXM1,0.1098752935445769,0.10556169312930137,0.4426463554796263,0.8034510834145322,False
FCER1A,-0.06158119490248504,-0.07272051328396825,0.444762932854609,0.8034510834145322,False
ELN,0.09720741976584912,0.12285943151552102,0.44546973945036583,0.8034510834145322,False
SCG5,-0.043061926874232645,-0.04161379043391118,0.448303358791337,0.8034510834145322,False
TGFB1,0.07378173118426923,0.09004059797672864,0.4532867403839942,0.8034510834145322,False
PI4KB,-0.07138619692189985,-0.08779893889369239,0.45686535761872227,0.8034510834145322,False
WFDC2,0.06408617814825857,0.0700258655421989,0.45902012498630795,0.8034510834145322,False
LXN,-0.07177813201362143,-0.08401402076857553,0.459739644238902,0.8034510834145322,False
SFRP2,0.09461412412904108,0.10521924830429104,0.4604597944619814,0.8034510834145322,False
NDRG1,0.09283273736063274,0.1386842574237376,0.4604597944619814,0.8034510834145322,False
THRSP,0.09025741944364557,0.09586971015043207,0.46190198597744636,0.8034510834145322,False
S100A10,0.08098862523929667,0.09634046790773862,0.46334669582664245,0.8034510834145322,False
CBFB,0.11980818906708779,0.1456805001070934,0.46334669582664245,0.8034510834145322,False
GMPS,0.10752812477188084,0.14113838383897923,0.46479388463945637,0.8034510834145322,False
MNDA,0.07789360883798989,0.09071085140305984,0.46479388463945637,0.8034510834145322,False
ANXA9,-0.06532333303502796,-0.11013650582119383,0.4662436555278915,0.8034510834145322,False
RB1,-0.036538440837334235,-0.050005723837582644,0.4698789534088077,0.8034510834145322,False
CD55,0.08756521359424396,0.09020871537941925,0.47060785251929316,0.8034510834145322,False
NCOR1,-0.05284750591304457,-0.06215408691618676,0.47206762800391733,0.8034510834145322,False
RASSF7,-0.08800696893251601,-0.0871867446411882,0.47206762800391733,0.8034510834145322,False
EGFR,0.08078766301492374,0.0893444787320168,0.4731640329577499,0.8034510834145322,False
PRKAR1A,-0.018084483757998843,-0.02264731917024169,0.4764617807544078,0.8058174052465942,False
PABPC1,0.028614881005905757,0.03820330714626361,0.47866723177967574,0.8058174052465942,False
CCND1,0.057658741210408926,0.09161962915632799,0.4801406248351531,0.8058174052465942,False
EFNA4,-0.039675678359405546,-0.04115929784059703,0.4823553426240027,0.8064087388270007,False
VIM,0.10864209758771415,0.11515427159417436,0.48680138774600945,0.810711541900085,False
COPZ2,0.08672507985596123,0.106857603089026,0.4912694827299302,0.8112802051838862,False
CMTM3,0.10803088523831536,0.11604885247672098,0.49201630072685865,0.8112802051838862,False
SEMA3C,0.05639608782960204,0.07537671903246218,0.49276372739806484,0.8112802051838862,False
PLAU,0.08814288611093017,0.09241702252680058,0.5010254328527797,0.8157092808182171,False
BRCA1,0.05723489015584296,0.0725541110521942,0.5029132089480687,0.8157092808182171,False
KRT15,0.054191927479898844,0.056546116845607196,0.5032912965565991,0.8157092808182171,False
SNAI2,0.07602491503214706,0.08483585600997275,0.5040477854668586,0.8157092808182171,False
MRC2,0.10528831798157115,0.11660434579414732,0.5063208469938133,0.8157092808182171,False
SYCP2,0.043496502735255016,0.04869955776333725,0.5078392110810499,0.8157092808182171,False
VANGL2,-0.031226155947182567,-0.03645150467308722,0.5124086013453928,0.8157092808182171,False
CD40,0.10918624278043079,0.1394511437056647,0.5124086013453928,0.8157092808182171,False
FMOD,0.08013320762676329,0.09808909123748749,0.5124086013453928,0.8157092808182171,False
S100A6,0.09994313966139134,0.12771208418933247,0.5239251672781455,0.8298146035823889,False
GIT1,0.02116069010558122,0.025395376684566765,0.525470675585638,0.8298146035823889,False
NID1,0.13307584191502603,0.14181013551030647,0.527018512667799,0.8298146035823889,False
AR,-0.032906844007133396,-0.07001949068258666,0.5289565430432277,0.8298484896294116,False
FGF4,-0.03680297802914197,-0.08201742206443746,0.5315785938984317,0.8309513760217361,False
ESM1,0.07606017804510784,0.07709277741029345,0.544984274394599,0.8399423489748307,False
KRT5,0.03963446852005116,0.045838317205382395,0.5465608028509522,0.8399423489748307,False
RBBP8,-0.1131438395254783,-0.12290705410392816,0.548139554830058,0.8399423489748307,False
FGF19,0.12324357732371964,0.1287038484214815,0.5481807478423392,0.8399423489748307,False
BBC3,0.07651241443304682,0.07932335033010891,0.5520962658253423,0.8399423489748307,False
IL25,-0.1305067815007659,-0.1202620425754174,0.5545693609072098,0.8399423489748307,False
SNRPE,0.08934001759677646,0.09742658085955341,0.5552716992828532,0.8399423489748307,False
CTF1,0.0062418251639877464,0.007034869537687419,0.5592534958506007,0.8399423489748307,False
ZNF880,-0.033412856444665656,-0.037015495684588486,0.5616492077863816,0.8399423489748307,False
RSAD1,0.014520209282549768,0.019052604132043346,0.5632491008978354,0.8399423489748307,False
RASSF1,-0.0059520139121762294,-0.006281142594706212,0.5648511884958436,0.8399423489748307,False
CD93,0.08045456058471945,0.09163926369960834,0.5656530533500057,0.8399423489748307,False
LMO1,0.021133623834989207,0.03563839126863011,0.5665434625404906,0.8399423489748307,False
ZEB2,0.10470484156871884,0.10828805628638315,0.5684638471306791,0.8399423489748307,False
SIAH2,-0.05759234091987553,-0.06417335075859308,0.5712813630317894,0.8399423489748307,False
NUSAP1,0.07095292220440606,0.08069675560392217,0.5720834069398402,0.8399423489748307,False
CLSTN2,-0.028254141770711505,-0.04141272348631604,0.5728943322345854,0.8399423489748307,False
ELF3,0.049932757220994814,0.05759695015052746,0.5728943322345854,0.8399423489748307,False
AZGP1,-0.050262591314590876,-0.08546525445776022,0.5753178302119353,0.8399423489748307,False
KRT19,-0.05765339006340066,-0.06795282154646559,0.5761267382113735,0.8399423489748307,False
CD9,0.10344621736127999,0.13156853907898933,0.580179308069062,0.8410449225768227,False
PIK3CA,0.0652671984467084,0.06922323244131405,0.5826172455000203,0.8410449225768227,False
FGFR2,-0.06178694867819831,-0.08024434218375434,0.5834309524707828,0.8410449225768227,False
FOXC1,0.04385481711464215,0.07565184715078264,0.5846524750476296,0.8410449225768227,False
CCND2,0.07524430489046441,0.091110809286415,0.596932895607529,0.848936889368871,False
ANKH,-0.025281715109022728,-0.029038796175616333,0.5998151567965515,0.848936889368871,False
GATA3,-0.026606488610824708,-0.06591428252868868,0.6006398071063139,0.848936889368871,False
MT2A,-0.10158965825730906,-0.10449017792275221,0.602290642901254,0.848936889368871,False
MFAP5,0.08891808588187351,0.09271154672270862,0.603116826698705,0.848936889368871,False
PTN,0.05015833292742705,0.05241279026685379,0.6039435199677283,0.848936889368871,False
CD44,-0.054883974257127544,-0.06356957327191771,0.6072553707551476,0.848936889368871,False
TYMS,0.046689674375365864,0.0670949812245292,0.6080845413567405,0.848936889368871,True
ZHX1,0.0592455479720578,0.06992127201763898,0.6089143308179945,0.848936889368871,False
COX7A1,0.08010547891876979,0.08886814573493014,0.6097445094543161,0.848936889368871,False
S100A9,0.07400077620376827,0.08956007503164881,0.6122382859034317,0.8496768519108523,False
IGF1R,-0.005900240043073046,-0.008270572862601954,0.6189101414437956,0.853465258742559,False
ENPP2,0.06865487877388993,0.07252364059505306,0.6189101414437956,0.853465258742559,False
ETV3,-0.0005721303608234238,-0.0006769728148249963,0.6247739132693502,0.8584001251934091,False
PPP1R1B,0.0016133856948493952,0.0019462837969508279,0.6264536710418414,0.8584001251934091,False
PLOD2,0.09534843705070026,0.10353743206467915,0.6315045548407374,0.8625913950979157,False
SERPINE1,0.021246696083655023,0.021723184757120487,0.6348814134583965,0.863992457774279,False
MAL2,0.04823219483227487,0.06089332382010523,0.6399609588690756,0.863992457774279,False
SELL,0.021863778554051527,0.025304073232699103,0.6408092012807224,0.863992457774279,False
SEC62,-0.0270548496961735,-0.0315521005197866,0.6408092012807224,0.863992457774279,False
ZNF703,0.03600171858604989,0.052771531198832954,0.6425070933102028,0.863992457774279,False
LIN9,0.026803404071620685,0.03378810141416815,0.6450574353310792,0.8647364380754095,False
IL6ST,-0.035590258894952154,-0.05516174580050512,0.6493172865740369,0.8669741868427707,False
SCUBE2,-0.0060860682985147685,-0.009150163752820739,0.6510244534114034,0.8669741868427707,False
STC2,0.05296243426603886,0.06429175385495138,0.6527334524497534,0.8669741868427707,False
AP2B1,-0.04262978356156508,-0.057481866468764804,0.6553003696325015,0.8677218961800401,False
SYNGR2,-0.01722001653253028,-0.019793975083695868,0.6587292668991118,0.8680894778208611,False
KRT14,0.01357415115738278,0.015549178073148043,0.6595876170971439,0.8680894778208611,False
F12,-0.018373357323141562,-0.019250403811672947,0.6621653542624621,0.8688412072595336,False
SERPINB9,0.041607368253038825,0.04900097755962296,0.6656085693483693,0.8707205756128216,False
APOD,0.05746989152362414,0.06971412562254244,0.6716511576144039,0.8740991450354282,False
CYB5R1,-0.019599730842849494,-0.02690624874543608,0.6725161309425709,0.8740991450354282,False
IFI16,0.013613945984972002,0.016079343768867896,0.6742473774638176,0.8740991450354282,False
STAC2,0.04872706205306811,0.051591930336242785,0.6798857863717027,0.8787777477580515,False
ASAP1,0.07397560464510074,0.08234067035912015,0.6864139927578667,0.8830694408258193,False
C6orf62,0.06062775407195013,0.07457225147335929,0.6872861768775089,0.8830694408258193,False
LAMB3,-0.03712976257691955,-0.043627894469399235,0.6916534645804009,0.8830694408258193,False
ELMO3,0.02609409877554804,0.029591054002763885,0.6925281552298013,0.8830694408258193,False
BRCA2,-0.03284993442610501,-0.043173405770611704,0.6934032560757011,0.8830694408258193,False
NOTCH3,0.09373301688983741,0.11414649104775874,0.7004187049574827,0.889387974330176,False
MAP3K1,-0.06295679479108013,-0.073976041395107,0.7048163977767155,0.8923552638518064,False
PRR14,0.08452588407590181,0.08382835428510246,0.7145260110777091,0.897139657716317,False
VEZF1,-0.018332730272807907,-0.024922102280084974,0.7162964218627004,0.897139657716317,False
CDKN1B,0.024742217089367052,0.030357461291455348,0.7180683590229944,0.897139657716317,False
APC,0.0708559351762531,0.08210270381368513,0.7180683590229944,0.897139657716317,False
GPR18,-0.07592897191127444,-0.08573926376836656,0.718954875814231,0.897139657716317,False
STC1,0.056502138008762914,0.05648274381341087,0.7242820340847087,0.9008146050193898,False
AGR3,0.02038940660264421,0.05049455051416963,0.7260607324521179,0.9008146050193898,False
ZEB1,0.10347269361148437,0.1170320297543257,0.7305139274028671,0.9037500873298328,False
C1orf115,-0.043722237027656374,-0.051557696457471935,0.7412384703138301,0.9095708353222989,False
RHOD,0.05178502547330474,0.05862799745960738,0.7421344887347809,0.9095708353222989,False
RPL37,0.015315700301015048,0.016891024262794742,0.7430308567823234,0.9095708353222989,False
SSH3,0.02866672142594967,0.03939197177619247,0.7439275733322299,0.9095708353222989,False
GSTP1,-0.04469899663999376,-0.05706642008141427,0.7457220474351411,0.9095708353222989,False
PRC1,0.008124215042132787,0.012430247008563539,0.7538136583607435,0.9160966160547475,False
RIN2,0.05703444314605094,0.06656661311452838,0.7565175648647492,0.9160966160547475,False
CPA3,0.047592396434403605,0.059189567312984144,0.7574193730891445,0.9160966160547475,False
QSOX1,-0.014532577335563346,-0.01639861013397957,0.7601267751191795,0.916810288653495,False
GCC1,0.12386668977444568,0.1496157493052252,0.7673608118328987,0.9185789016865853,False
ERBB2,0.040168335306394805,0.05973864334786484,0.7691725204532756,0.9185789016865853,False
IGFBP3,-0.0027664732220772058,-0.0032572029668170802,0.7700788482961443,0.9185789016865853,False
NPEPPS,0.03482665086831385,0.042065500720981655,0.7700788482961443,0.9185789016865853,False
GRB7,0.04264418317817509,0.06277018550023128,0.7755233713427254,0.9225319225038464,False
SFRP4,-0.007699705503039722,-0.00934262891155591,0.7818892708440308,0.9246166327866825,False
HOXB2,0.018588569286250856,0.022745478551659842,0.7846220202213878,0.9246166327866825,False
CA12,0.014879799059335674,0.029907950681379976,0.7882698150676958,0.9246166327866825,False
CDKN2A,0.0190449514376822,0.039280820337846974,0.7900954606887474,0.9246166327866825,False
TRPS1,-0.03655659085329749,-0.046488640541566345,0.7928360875645327,0.9246166327866825,False
S100A16,-0.06753235893803522,-0.07953676333582199,0.7937502006646997,0.9246166327866825,False
TP53,-0.02416804693907082,-0.03455655438408502,0.7942073475158046,0.9246166327866825,False
MDM2,0.07848664720969313,0.1014388937776621,0.7946645971751836,0.9246166327866825,False
RAB4A,0.005300336378427334,0.00617946466515711,0.7964942356337934,0.9246166327866825,False
NES,0.06101484005445176,0.08148109097524862,0.8010732074564021,0.9260309214238722,False
A2M,0.06614387033786687,0.0855641390263417,0.801989828022984,0.9260309214238722,False
PPP1R2,-0.022284098502151184,-0.027606127259773065,0.8074952334081559,0.9289233216513125,False
SSR3,0.0805825537546078,0.08862979437611394,0.8176130939986624,0.9289233216513125,False
PYCARD,0.03676522705408933,0.03908189570665573,0.8194560273640148,0.9289233216513125,False
RAB34,0.022393015031933278,0.02831039907325353,0.8203778688222335,0.9289233216513125,False
PPP2R5A,0.020581994485896093,0.026110049208635768,0.8222222951457178,0.9289233216513125,False
ESR1,0.008062911610246082,0.017710906116555965,0.8231448775502844,0.9289233216513125,False
ALDH1A3,0.00698469618272355,0.008104999307248955,0.8240676906653315,0.9289233216513125,False
C1orf116,-0.044880706410774,-0.04830502265917241,0.8240677044745666,0.9289233216513125,False
SMAD3,-0.06368214210084838,-0.08016501032242096,0.8286854637051833,0.9289233216513125,False
METRN,0.01094471857313023,0.013018230884043688,0.8296097318218248,0.9289233216513125,False
BRD4,0.002312881581864372,0.0026312370423500317,0.8314589744205558,0.9289233216513125,False
RSF1,-0.023109316081553838,-0.027633532611674238,0.8314589744205558,0.9289233216513125,False
RARRES1,-0.004652372332741794,-0.006041198367461149,0.8323839464219613,0.9289233216513125,False
TM4SF18,0.04033358045799995,0.04205445932420421,0.8416462290931201,0.9351352101218555,False
TP53INP1,-0.012051159065416872,-0.016108121243515353,0.8425736861913619,0.9351352101218555,False
JUP,0.013529013121154482,0.01598531199131563,0.8444292544056478,0.9351352101218555,False
WIF1,0.014004276697062279,0.014780367136664361,0.8471353480895627,0.9357387901091343,False
TSPAN14,0.019046770130244525,0.023995420060981182,0.8500011008587174,0.9365152078163477,False
ERBB3,-0.002012639934715399,-0.00311079159624912,0.8574418511869357,0.9423155369643228,False
LRP5,0.03987105795109655,0.04359346743534978,0.8648952904744978,0.9481004070264748,False
SDCBP,0.01934503809079735,0.023240336645077984,0.8760978182490946,0.9561928383276864,False
RGS1,-0.005721472438116049,-0.005634217918156654,0.8770325158095944,0.9561928383276864,False
MAGEF1,0.019500352197789672,0.022822397245458998,0.8789024241441552,0.9561928383276864,False
SNHG9,0.012175550830211004,0.01319841425612753,0.8845161623868105,0.9567597038894041,False
SCGB3A1,0.03387002414379331,0.03301228658168059,0.8859205056001479,0.9567597038894041,False
PRR15L,0.029817438882081326,0.04998734430025394,0.8873252252788549,0.9567597038894041,False
NME3,0.005913131887006651,0.006347542205682446,0.8882618959897008,0.9567597038894041,False
ELOVL2,0.018451793034520714,0.019956527066874456,0.8966987998345043,0.9634505715343433,False
ALDH3B2,-0.02323352235467164,-0.025894482581137752,0.9051474007295109,0.9701208527620749,False
SKAP1,-0.06143666527748304,-0.07110816077516609,0.9079660367792859,0.9707389973467426,False
FGFR4,0.01822847082026094,0.019655113088229908,0.9154879715716238,0.9727009597790505,False
KDM2A,0.025113429992406264,0.029966365799364528,0.9173696650620299,0.9727009597790505,False
RBP1,0.01233468444660285,0.01368870083137129,0.9192518215513974,0.9727009597790505,False
MYC,0.02115700696329836,0.0239192767294517,0.920193070148245,0.9727009597790505,False
NDUFS2,-0.0013243749550564815,-0.0014913770353337122,0.9211344305669394,0.9727009597790505,False
DHX9,0.08598770914302825,0.10732542074544334,0.9249009642475347,0.9727009597790505,False
S100A14,-0.04155022151878693,-0.05257871428176097,0.9314964003476299,0.9727009597790505,False
MGP,0.05732872395599137,0.07032644313072581,0.9380965437476647,0.9727009597790505,False
DSP,0.041427579795560096,0.04721628308010924,0.9399831004347009,0.9727009597790505,False
FKBP10,0.016172426380869714,0.0203333243341668,0.9409265057608655,0.9727009597790505,False
PAK1,0.04511256108311687,0.048873215927373356,0.9409265057608655,0.9727009597790505,False
LGALS3BP,0.020189362167157755,0.02222176952290542,0.9437572138422595,0.9727009597790505,False
PDK4,-0.004247141183592706,-0.004512115882760527,0.947532590250577,0.9727009597790505,False
CHI3L1,-0.0056402539211135305,-0.006669122016925807,0.9513091451330311,0.9727009597790505,False
GRHL2,0.036873855412282115,0.0468774962203047,0.9513091451330311,0.9727009597790505,False
RARA,0.04210646709774413,0.06331573222885252,0.9513091451330311,0.9727009597790505,False
SLC7A2,0.030743436400238244,0.037751651230973446,0.9550867938835914,0.9727009597790505,False
C17orf58,0.06688502845664537,0.08579120482270002,0.956031367066253,0.9727009597790505,False
KRT23,0.0029814201636878743,0.0038594456141982634,0.9569760019997126,0.9727009597790505,False
AKT1,0.02576490974557026,0.031276768929003954,0.9569760019997126,0.9727009597790505,False
TMEM45B,0.013645471522914648,0.016648925917343845,0.9569760019997126,0.9727009597790505,False
KRT10,0.02805395752626122,0.036635352789522055,0.961227584767447,0.9738908874052835,False
CALD1,0.08292240276689018,0.08801732294134493,0.9626450342019892,0.9738908874052835,False
RSPO2,0.0008045712735305077,0.00268421465795582,0.9701824409188152,0.9769755164715734,False
TMEM204,0.03912870406947222,0.04558788845450351,0.9702066329856273,0.9769755164715734,False
PIK3R1,-0.004493593320566314,-0.005312701892061536,0.9815538424927043,0.9861086167038072,False
SERPINB5,0.006026094432763793,0.007269279557633199,0.9929047831727744,0.9929047854374448,False
CREG1,-0.003455375803206276,-0.0041457723147524175,0.9929047854374448,0.9929047854374448,False
