gene,methyl_diff_BmA,cohens_d,mwu_p,fdr_bh,direction
PPP2R5A,-0.4453906204862043,-0.49409909725668394,3.65982881352304e-05,0.015847058762554763,hypo_in_B
SLPI,-0.32819578298437624,-0.43651735800427205,0.00010959555533605305,0.01751329380874176,hypo_in_B
STC1,-0.3918978561326432,-0.43147403771352677,0.00012133921807442326,0.01751329380874176,hypo_in_B
ECH1,-0.36549629581467247,-0.412550257223748,0.0002953912955028979,0.0319761077381887,hypo_in_B
MNDA,-0.397515080402869,-0.41343638725841736,0.0003775747054052902,0.03269796948809813,hypo_in_B
MIR635,-0.298704852681771,-0.36678392979700636,0.0006768941575058565,0.048849195033339315,hypo_in_B
SLAMF7,-0.31414865380018,-0.3608550673273706,0.0012725316341009253,0.07871517108081438,hypo_in_B
NCOA3,-0.29341878170088403,-0.3463073970321479,0.0017859760645507453,0.07924981678360608,hypo_in_B
ANLN,-0.30030422318915095,-0.3771563483360827,0.0019902864508639876,0.07924981678360608,hypo_in_B
FABP4,-0.38501685992713863,-0.3866838860783891,0.0022027278707135952,0.07924981678360608,hypo_in_B
IFI16,-0.36487790275900367,-0.3714196096688619,0.002369651111929104,0.07924981678360608,hypo_in_B
MTOR,-0.26785238484112883,-0.29323009949539036,0.002728090394476061,0.07924981678360608,hypo_in_B
TPD52,-0.3122368815747658,-0.3562839457610223,0.0027600910606815805,0.07924981678360608,hypo_in_B
DSP,-0.2695420948963123,-0.37139397258171764,0.0027708339089290075,0.07924981678360608,hypo_in_B
PABPC1,-0.2811051413827124,-0.29763550124893934,0.0030521316095356577,0.07924981678360608,hypo_in_B
COL14A1,0.23548470258015242,0.29896353275825593,0.0030994827110079146,0.07924981678360608,hyper_in_B
ELN,0.32682054684466944,0.34681475466428247,0.0031114246774164053,0.07924981678360608,hyper_in_B
KDM2A,0.2998010486438748,0.3387391915073322,0.004358422221563714,0.10463588713572312,hyper_in_B
INHBA,-0.36078937692275515,-0.404409109870165,0.0045914130613827694,0.10463588713572312,hypo_in_B
PPP1R2,0.2227638683011748,0.28904609373045836,0.005224027351259824,0.11310019215477518,hyper_in_B
KDELR2,-0.2852235236293684,-0.3189843283684708,0.00557913785869062,0.11503650918157327,hypo_in_B
F12,-0.25900469317760944,-0.29201699191275965,0.005977473964202015,0.11764755574997603,hypo_in_B
SLC2A4RG,0.2557500730621944,0.31904126008872236,0.006611279274961755,0.12295431991348113,hyper_in_B
CREG1,-0.29287824441557864,-0.3140587336498879,0.007176427130581416,0.12295431991348113,hypo_in_B
CD163,-0.3102522369742819,-0.32631368840495584,0.0072019543246864765,0.12295431991348113,hypo_in_B
CD40,0.24962415011539563,0.3052183506252739,0.007382938378176696,0.12295431991348113,hyper_in_B
ASAP1,-0.29628683489422525,-0.35338570233930294,0.010345941628325344,0.16038725893667327,hypo_in_B
RGS1,-0.3630917396048555,-0.36313258434913176,0.010488178467062462,0.16038725893667327,hypo_in_B
PTN,-0.25756311078576566,-0.30570626547860474,0.0108514092399263,0.16038725893667327,hypo_in_B
PLEKHF2,-0.27324899719120394,-0.3098794209915326,0.011112281219630942,0.16038725893667327,hypo_in_B
CENPF,-0.23541679469180748,-0.2824774027207353,0.011650792881089249,0.16273526830682725,hypo_in_B
COL1A2,0.24059507042621864,0.28866271810677,0.012294479460946856,0.1651417856249555,hyper_in_B
IL25,-0.292858981609322,-0.2972862218010164,0.012585863569569356,0.1651417856249555,hypo_in_B
ABCC11,-0.2035561443225424,-0.29192907345504043,0.01327495313480437,0.16906043256971445,hypo_in_B
PRC1,-0.27413253984683367,-0.29123209810434847,0.01580163727405529,0.1954888268475983,hypo_in_B
OLR1,-0.2669353868590195,-0.26613291503402375,0.01658957154025091,0.19922388187067372,hypo_in_B
GPR160,-0.2106451761277248,-0.2848523823719762,0.01702374972105064,0.19922388187067372,hypo_in_B
EIF3K,0.20137931735264036,0.23777622535217516,0.018801769560494,0.2087826436075864,hyper_in_B
ERBB3,-0.2371328337266976,-0.27120453810558975,0.019594455698850825,0.2087826436075864,hypo_in_B
TMEM147,0.27460893531950525,0.29726305082867227,0.019907019969064018,0.2087826436075864,hyper_in_B
CTHRC1,-0.18873138998493194,-0.2113242725383263,0.020351918671988396,0.2087826436075864,hypo_in_B
NES,0.21743538902516424,0.2764559295916798,0.020480615238473342,0.2087826436075864,hyper_in_B
TM4SF1,0.22280637367873513,0.27152694526393895,0.0208709728278391,0.2087826436075864,hyper_in_B
AGR2,-0.2398091519374583,-0.2885097962509927,0.021334571988628655,0.2087826436075864,hypo_in_B
PTPRC,-0.2849260158679717,-0.2856753688725156,0.021697965270996277,0.2087826436075864,hypo_in_B
SND1,0.12321217762119213,0.17128627966816148,0.02249796320349619,0.2092117224369563,hyper_in_B
NUSAP1,-0.15819218254307962,-0.1711859954490822,0.02270889365943867,0.2092117224369563,hypo_in_B
SEMA3C,-0.24472492412531574,-0.29278190549298727,0.024610065979923795,0.21708792172619368,hypo_in_B
CPXM1,0.21936244948915662,0.27274103200345196,0.02499107720112656,0.21708792172619368,hyper_in_B
CHAD,0.28815368755517384,0.34963289565356215,0.02506788934482606,0.21708792172619368,hyper_in_B
EXO1,-0.3404842982745139,-0.36621531359352655,0.027552582286970616,0.23392682608349563,hypo_in_B
FCER1A,-0.21956640278414732,-0.23666239516581483,0.028656149387644273,0.23861755163173018,hypo_in_B
ID1,0.200384126053911,0.24303982047938552,0.029797572242893446,0.24344054304099738,hyper_in_B
FOXC1,0.18746281741643525,0.2253094788734974,0.03267823105294474,0.2541788018850842,hyper_in_B
MAL2,-0.1603437785921955,-0.211881617133898,0.03316450751859638,0.2541788018850842,hypo_in_B
MKI67,-0.19446401010296316,-0.1973328228539921,0.03527506318308237,0.2541788018850842,hypo_in_B
MAP3K1,-0.15895581382481463,-0.1704376490884624,0.035585735032090865,0.2541788018850842,hypo_in_B
ALDH3B2,-0.24775923568867192,-0.2913786829572812,0.035898738046710205,0.2541788018850842,hypo_in_B
CCNB1,-0.23988772891093874,-0.2398212940499067,0.036108708481160524,0.2541788018850842,hypo_in_B
GABRP,-0.13138893822335534,-0.23196773803583193,0.03621408572912421,0.2541788018850842,hypo_in_B
ID4,0.1622461415406005,0.19584103387072224,0.03706657883315879,0.2541788018850842,hyper_in_B
ANKH,0.23197697394762104,0.2871905249334481,0.03739063981937997,0.2541788018850842,hyper_in_B
CA12,-0.22781694988691525,-0.27353137880161327,0.03804600020051209,0.2541788018850842,hypo_in_B
PRR15L,-0.25325600143612037,-0.30793149866220615,0.03815617118367314,0.2541788018850842,hypo_in_B
NDUFS6,-0.2256962054057911,-0.24886110003822087,0.03815617118367314,0.2541788018850842,hypo_in_B
MRPL36,-0.22334200557721312,-0.2467457597983465,0.04123496802527748,0.27052638113553257,hypo_in_B
KAT2A,0.21310093180157194,0.24391322128284404,0.04291256865871014,0.2740289784739475,hyper_in_B
ZNF703,-0.11669942706151881,-0.17930571902012007,0.043034573986670745,0.2740289784739475,hypo_in_B
SYCP2,-0.23652444171691867,-0.2683680325081291,0.04464750499477751,0.2746005312242001,hypo_in_B
COPZ2,0.23198982388598322,0.24437382877573982,0.04502687694438385,0.2746005312242001,hyper_in_B
RUNX1,-0.18220480409590956,-0.2594572973954401,0.04502687694438385,0.2746005312242001,hypo_in_B
SLC2A10,-0.20366946279005638,-0.2797038005397335,0.04618133805642436,0.2771236499656212,hypo_in_B
ADAMTS12,0.15294194607480616,0.2000175676539605,0.046833406697626596,0.2771236499656212,hyper_in_B
AKT2,-0.16659285313960634,-0.19277407789453394,0.04736062378165351,0.2771236499656212,hypo_in_B
SCNN1A,-0.14100833118200828,-0.18958318570150098,0.049108667250513195,0.28352070559296283,hypo_in_B
LY96,-0.19404062778340436,-0.20502620204433844,0.05176066252388282,0.29469869656239345,hypo_in_B
CFH,-0.19384847471300343,-0.21023207271098102,0.052406003776684286,0.29469869656239345,hypo_in_B
CDH3,0.20501023639225613,0.21638804567858955,0.053350075967578264,0.29616131915335114,hyper_in_B
SKAP1,-0.1822694340293884,-0.21941441093579406,0.054085899973434104,0.29644550238603756,hypo_in_B
MFAP5,-0.16022378667311774,-0.17749069993120867,0.055582970183012316,0.30084282611555413,hypo_in_B
MDM4,-0.22531287568701716,-0.28968898469645404,0.05742487005416346,0.3024854649906884,hypo_in_B
KCNK1,0.22647456717810827,0.20707087684891518,0.057736733840071164,0.3024854649906884,hyper_in_B
NET1,-0.25118150354040797,-0.23028695006307542,0.05836468575946329,0.3024854649906884,hypo_in_B
LMOD1,0.20060137463317956,0.21540212497051872,0.058680783046692435,0.3024854649906884,hyper_in_B
EGLN1,-0.17759963362363806,-0.18807628954489033,0.0607702411961704,0.3095707580934327,hypo_in_B
CEP55,-0.18020400364778577,-0.22752204639128848,0.06359525931477931,0.3121626566995483,hypo_in_B
NPEPPS,-0.20275736337785477,-0.2514527959390931,0.06530712636951451,0.3121626566995483,hypo_in_B
GIT1,0.1319419756487894,0.1972328279471684,0.06565401980710683,0.3121626566995483,hyper_in_B
GAPDH,0.16886814059074107,0.18595856781644202,0.0658280353186566,0.3121626566995483,hyper_in_B
TMEM97,0.1962649037126793,0.23458208694856314,0.06635236403029618,0.3121626566995483,hyper_in_B
APOD,-0.21763621218209328,-0.24038915090754193,0.06670382416126543,0.3121626566995483,hypo_in_B
ZNF83,0.20663468821809408,0.21758716156407504,0.06741134384937351,0.3121626566995483,hyper_in_B
AR,-0.2904960978090308,-0.3213219583494491,0.06758918539897336,0.3121626566995483,hypo_in_B
RARRES2,0.22733917208731247,0.23802189293697545,0.06776741277080263,0.3121626566995483,hyper_in_B
FGFR2,0.24234987613797365,0.31061398263899304,0.06957103570412233,0.31544252437537973,hyper_in_B
PPP1R1B,0.17634812701369507,0.20718520699589027,0.06993644882225508,0.31544252437537973,hyper_in_B
CX3CL1,0.1606176671263144,0.20479460857142093,0.0731064783500715,0.3263412899544429,hyper_in_B
EZH2,-0.22561123790306634,-0.21032211908786394,0.07778100175999086,0.3307623855649543,hypo_in_B
NRN1,0.1295728257873791,0.20705107597307407,0.0779809376963109,0.3307623855649543,hyper_in_B
MELK,-0.17306047189764506,-0.2877899879930557,0.07878486999944326,0.3307623855649543,hypo_in_B
SMAD4,-0.2157905311879521,-0.21692431564105574,0.07898690317884298,0.3307623855649543,hypo_in_B
NME4,-0.05015645942375827,-0.051588063925914085,0.07939223381257389,0.3307623855649543,hypo_in_B
GPR18,-0.12164653383573087,-0.14974968557522356,0.08000339934650758,0.3307623855649543,hypo_in_B
RGS5,-0.18689912717993726,-0.2207470016622108,0.0802079687859589,0.3307623855649543,hypo_in_B
MCM2,-0.06732759856962507,-0.07589515757751918,0.0802079687859589,0.3307623855649543,hypo_in_B
TRAM1,-0.16737113118492333,-0.20651018056795215,0.08103050033766301,0.3310019494925291,hypo_in_B
COX7A1,0.20989303268197607,0.2100587331955791,0.08698171560942787,0.35199142858768473,hyper_in_B
PLAU,0.20034500445924164,0.23005588972905294,0.0909904005936086,0.3622827255810127,hyper_in_B
DNMT3B,-0.15738899749452445,-0.21372913117208675,0.09258890728464879,0.3622827255810127,hypo_in_B
PTTG1,-0.1710878557326332,-0.1865563927464137,0.09351241549982407,0.3622827255810127,hypo_in_B
CBFB,-0.14535302001117764,-0.1828144938657576,0.09374444344478593,0.3622827255810127,hypo_in_B
PRR14,0.14377007852104043,0.15228101372534886,0.09397693292778693,0.3622827255810127,hyper_in_B
IGFBP3,0.15108403294318087,0.19200896808976292,0.0949115180497013,0.3622827255810127,hyper_in_B
MMP9,0.15050118510285382,0.17087730680679028,0.09538159518761073,0.3622827255810127,hyper_in_B
FAM107B,-0.12907981643370778,-0.16529335239129922,0.10043076495829333,0.3724020077090732,hypo_in_B
MAPK3,-0.1959230250267996,-0.208119754445264,0.1006764167496385,0.3724020077090732,hypo_in_B
RTP4,-0.14420198311675853,-0.1651540680642485,0.10141624608463849,0.3724020077090732,hypo_in_B
MDFIC,-0.18563275971167958,-0.19937583394590333,0.10265890996670968,0.3724020077090732,hypo_in_B
TWIST1,0.14300731851304976,0.1659016996616769,0.10265890996670968,0.3724020077090732,hyper_in_B
PLOD2,-0.16408768860814263,-0.17118343000889144,0.10366173665733774,0.3724020077090732,hypo_in_B
ANXA9,-0.13867661751436783,-0.1879030123966378,0.10492620078639014,0.3724020077090732,hypo_in_B
MTDH,-0.19917637844456632,-0.19647943828175407,0.10492620078639014,0.3724020077090732,hypo_in_B
CLDN4,-0.21806083327411357,-0.2561011801578211,0.10801088309691775,0.38023343399158854,hypo_in_B
CLSTN2,-0.15632656875651593,-0.18725243651728554,0.11169992867664255,0.39004894449182437,hypo_in_B
EFNA4,-0.13861479056760606,-0.15513152085728613,0.11576204366361642,0.3978171817963961,hypo_in_B
QSOX1,0.14780646896280294,0.15764158109448148,0.11576204366361642,0.3978171817963961,hyper_in_B
BRD4,-0.19918110959176846,-0.20973538612945455,0.11909460961982234,0.40604697610537854,hypo_in_B
CENPA,-0.147625957597906,-0.14845574043028234,0.12050517770632835,0.4076464214596889,hypo_in_B
DNMT3A,-0.14576184479206994,-0.1817025058256737,0.12510699595687924,0.41993278487851715,hypo_in_B
TPX2,-0.16284302693653618,-0.1623525294373715,0.12657281839479567,0.42158484896112713,hypo_in_B
AGR3,-0.15221756619092738,-0.20630244647080923,0.1316567833816295,0.43287659567226033,hypo_in_B
CAPN8,-0.10133501490423857,-0.1315018312947661,0.13226515782142315,0.43287659567226033,hypo_in_B
PDK4,-0.09138587595941267,-0.1042652109132375,0.13348843737756358,0.43287659567226033,hypo_in_B
CD9,0.08034262919267746,0.10655028347465678,0.13502982644724335,0.43287659567226033,hyper_in_B
FXYD5,0.1914525058478987,0.2110335138259315,0.13565021934321964,0.43287659567226033,hyper_in_B
PLAT,0.1697602312629636,0.1894843443741496,0.13596124021114875,0.43287659567226033,hyper_in_B
CACNG4,-0.11928558531252256,-0.13244277831497597,0.1391018049755328,0.43964293105405616,hypo_in_B
VEZF1,-0.1627568332167311,-0.20458468242342462,0.14101278096577805,0.44245314607378183,hypo_in_B
ENPP2,0.1686895302471038,0.23035713925477821,0.14359206191129484,0.4473047683999329,hyper_in_B
EGFR,0.14436703231485865,0.14316587596499786,0.14719745975096488,0.4552607148011985,hyper_in_B
CDH1,-0.18716577896170364,-0.2198434410804004,0.14919299874491623,0.4581600599755229,hypo_in_B
BUB1B,-0.20539046311969897,-0.2105537243031251,0.15392948687414074,0.4693765339190348,hypo_in_B
WFDC2,0.007220963973069455,0.007092674595868106,0.15703418752606937,0.47533647804477963,hyper_in_B
SFRP2,0.11632291546115228,0.1550928473919303,0.15807956775623155,0.47533647804477963,hyper_in_B
NDUFS2,0.1395990071022169,0.15340331326047343,0.16267052271535742,0.4856246788182653,hyper_in_B
CCNE2,-0.13321225617203783,-0.1366599681779268,0.163744118031101,0.4856246788182653,hypo_in_B
MT2A,-0.12746840476008106,-0.15330460824964287,0.16554529711755916,0.48762662348233415,hypo_in_B
WASL,-0.16483716591696373,-0.1797235602458434,0.16772634290546207,0.4907128816085478,hypo_in_B
S100A9,-0.15038270172874932,-0.17608509252321608,0.16992889933312405,0.49152459504561097,hypo_in_B
TIMP2,0.1408470896667936,0.2120785443786255,0.1710382752031281,0.49152459504561097,hyper_in_B
TBC1D20,0.13909888691766384,0.1641666739049307,0.17140926986579041,0.49152459504561097,hyper_in_B
LYPLA1,0.07304868415538288,0.09002521392399486,0.1766666221266323,0.5032674169791566,hyper_in_B
IGFBP5,0.18295091787214118,0.2003159462940886,0.17819057105809255,0.5042209773162003,hyper_in_B
ZEB1,0.11319573901155945,0.13500792252748756,0.18010923846128823,0.5042209773162003,hyper_in_B
FOXA1,-0.1624739160328981,-0.1864180604681451,0.18049480712242738,0.5042209773162003,hypo_in_B
EXT1,0.18027598805347148,0.20524023471894876,0.18399254952003652,0.5106972688601014,hyper_in_B
VIM,0.07944878238882724,0.10878304681304488,0.18674752752274115,0.5128681392312744,hyper_in_B
STC2,-0.17634281425728954,-0.19797046763458176,0.1871435704354304,0.5128681392312744,hypo_in_B
C1orf115,0.13296532961744276,0.14800777016053404,0.18833542022038952,0.512888282738545,hyper_in_B
RSPO2,0.10496339309348743,0.13328657974300542,0.19033426459171143,0.5140548074116582,hyper_in_B
NUF2,0.17798114008133784,0.18139469196164748,0.19113816164729092,0.5140548074116582,hyper_in_B
TMEM45B,-0.12433243737921773,-0.1535439769625863,0.19356484081810454,0.5166586711498806,hypo_in_B
KRT14,-0.16664688210977205,-0.18269308661804567,0.19519514870900534,0.5166586711498806,hypo_in_B
NMU,0.09712990935926182,0.10327378911136463,0.19601406862300697,0.5166586711498806,hyper_in_B
MT1E,0.14578841060065917,0.17020748024363005,0.19765945592778444,0.5166586711498806,hyper_in_B
ERBB2,-0.17883771616312077,-0.22149843910270445,0.19807237739233297,0.5166586711498806,hypo_in_B
MAPRE1,-0.14147163702293525,-0.15062301155761207,0.20391966474519752,0.5287258373333564,hypo_in_B
PPM1D,-0.07948681060786159,-0.08522298001754512,0.21075493375492593,0.5410900617830325,hypo_in_B
NDC80,-0.16579595675262457,-0.17042414383536067,0.21118757607698035,0.5410900617830325,hypo_in_B
ELMO3,-0.11928377100572608,-0.1363395006147569,0.22176431893684623,0.5528963308072394,hypo_in_B
CTF1,0.13089819754644258,0.14091416958034253,0.2222131072780208,0.5528963308072394,hyper_in_B
SIAH2,-0.1309265939556043,-0.12694841033944554,0.22356337361305179,0.5528963308072394,hypo_in_B
ADAMTS2,-0.12160494268756969,-0.12566411414989415,0.22356337361305179,0.5528963308072394,hypo_in_B
RRM2,-0.03216028353688466,-0.11130964367295247,0.2240147638529595,0.5528963308072394,hypo_in_B
GMPS,-0.13270792135216827,-0.14157970356261773,0.22446680533237917,0.5528963308072394,hypo_in_B
SSH3,-0.1309635962934319,-0.166943497035276,0.22491949835446057,0.5528963308072394,hypo_in_B
MAP2K4,-0.1114816265065923,-0.11537800799953096,0.22673679188347085,0.5528963308072394,hypo_in_B
CLDN3,-0.1524477492539512,-0.18760003243326528,0.22810661787413145,0.5528963308072394,hypo_in_B
CDKN3,-0.07994287484002617,-0.11917493440435706,0.2285645339826694,0.5528963308072394,hypo_in_B
PTEN,-0.0650612564158178,-0.079564837861135,0.23598035710388687,0.5676638590332389,hypo_in_B
NECAB3,-0.11006134851367014,-0.1143427756390331,0.24356478892269096,0.5790978576350877,hypo_in_B
GIMAP4,-0.13980261850853148,-0.14577413179030524,0.2459696693030725,0.5790978576350877,hypo_in_B
KRT10,-0.09626292300014963,-0.11226227784268598,0.2464526362086883,0.5790978576350877,hypo_in_B
LIN9,-0.10596594471752285,-0.11404772095918371,0.24693626727381257,0.5790978576350877,hypo_in_B
CCND1,-0.1588530107416569,-0.17527673202656463,0.2474205627309266,0.5790978576350877,hypo_in_B
LAPTM4B,-0.07235842067877862,-0.07431301473862591,0.25131887188423463,0.5836676764587434,hypo_in_B
MDM2,-0.13407272586766786,-0.1350515428732931,0.2532840132894736,0.5836676764587434,hypo_in_B
CD4,-0.0900656082378171,-0.10816203386447579,0.2537769662887416,0.5836676764587434,hypo_in_B
FPR3,-0.11010212671922076,-0.1258150550390062,0.25476487494388567,0.5836676764587434,hypo_in_B
CTSS,-0.10983014368750099,-0.11894483459674973,0.25849330157606876,0.5883852081351834,hypo_in_B
SEC62,-0.10934685683321568,-0.12272671366061194,0.2597445245226142,0.5883852081351834,hypo_in_B
IGF1R,-0.07083849315566583,-0.07026950565956719,0.26125147325590015,0.5883852081351834,hypo_in_B
MMP2,0.0905194935844306,0.12115250153763621,0.26225945766764525,0.5883852081351834,hyper_in_B
CALD1,-0.18941965259992588,-0.20291659899322068,0.2683637621791426,0.5989768506369523,hypo_in_B
RARRES1,0.11297876235526393,0.13513253088472357,0.27042004823090826,0.6004711840204271,hyper_in_B
CST7,-0.05804163214218855,-0.09219353818538517,0.28033473114366325,0.6078822024464469,hypo_in_B
CLEC11A,0.1054770873160751,0.11792569662316908,0.28086331033102696,0.6078822024464469,hyper_in_B
ARID1A,-0.07690837085556579,-0.10244570342080528,0.28086331033102696,0.6078822024464469,hypo_in_B
PITX2,0.08163176288060744,0.09078912419952997,0.2813925658041696,0.6078822024464469,hyper_in_B
CD93,-0.10604124524609071,-0.1391488647549301,0.28245310608708607,0.6078822024464469,hypo_in_B
FGFR4,-0.06390036526383773,-0.08019011582489868,0.2851162999991319,0.6078822024464469,hypo_in_B
GRHL2,-0.1325894121640614,-0.14941608547521515,0.2867223418427446,0.6078822024464469,hypo_in_B
S100A10,-0.19977515994942674,-0.22761411777138235,0.2867223418427446,0.6078822024464469,hypo_in_B
SLC2A3,0.12352641420893741,0.14406630604311382,0.287796423791043,0.6078822024464469,hyper_in_B
RAD51,-0.019740591527172367,-0.01886799353720737,0.287796423791043,0.6078822024464469,hypo_in_B
GSTP1,0.1201256150887479,0.1313455613023437,0.292663350155171,0.6129442471054409,hyper_in_B
HOXB13,0.11556618506003047,0.13351096747205318,0.2937523508878995,0.6129442471054409,hyper_in_B
VANGL2,0.12714624235184474,0.15621417630352413,0.29484406635381344,0.6129442471054409,hyper_in_B
CDK4,-0.10846421409077557,-0.11946625354255985,0.296486731010441,0.6129442471054409,hypo_in_B
LPL,-0.12610618496608128,-0.13992267920811802,0.2981355071355003,0.6129442471054409,hypo_in_B
RFC4,-0.16069452913341284,-0.17152328272570302,0.29868645759641577,0.6129442471054409,hypo_in_B
ELOVL2,-0.14060772366260332,-0.17579833019385982,0.3042333340676847,0.6213822342042805,hypo_in_B
SCGB3A1,0.06608803737850394,0.078683945876676,0.30647111753392997,0.6222639390088699,hyper_in_B
MUC1,-0.09694049562462742,-0.10324324530218151,0.308719781023739,0.6222639390088699,hypo_in_B
THRSP,-0.07924255339605313,-0.10507395180389206,0.30928364715327494,0.6222639390088699,hypo_in_B
LOX,-0.10854454659944554,-0.12456696902503502,0.3104134199212838,0.6222639390088699,hypo_in_B
MCM6,0.11154662971757437,0.13421667370616674,0.33239610719842516,0.6630666831736768,hyper_in_B
TUBB2A,-0.08914974650753442,-0.09356647286126883,0.33417340689713604,0.6630666831736768,hypo_in_B
TSPYL5,-0.10089912792220548,-0.1200182562950769,0.33536167116636306,0.6630666831736768,hypo_in_B
ACTR3B,-0.0956238345664574,-0.09936110339024422,0.3407424845098198,0.6706431626943272,hypo_in_B
NF1,-0.13694028908666994,-0.14294903252102406,0.3425483100709613,0.6711466889625621,hypo_in_B
RSAD1,0.06407804481719337,0.08652179668996711,0.3486118215391709,0.6779480235916904,hyper_in_B
ALDH1A3,-0.042948554273197104,-0.05815516342374097,0.3498326584520606,0.6779480235916904,hypo_in_B
PGR,-0.0912357601522456,-0.10865558605814878,0.35166899410950603,0.6779480235916904,hypo_in_B
ISM1,0.11029218449933638,0.1180537476208612,0.35228246029591304,0.6779480235916904,hyper_in_B
GMFG,0.06614202628605753,0.08262667584782575,0.3653214323375793,0.6999300008945657,hyper_in_B
ASPM,-0.10494785596323164,-0.11096470065872269,0.3735422268468592,0.7125276838092073,hypo_in_B
ESR1,-0.07990207445493844,-0.08095789267857902,0.37930007864930804,0.720337430066449,hypo_in_B
CHEK2,-0.07700158772588864,-0.0786080256276165,0.38771275165547725,0.7323668427802825,hypo_in_B
PRKAR1A,-0.1074689149880338,-0.10591152388447672,0.3890170296523441,0.7323668427802825,hypo_in_B
SFRP4,0.10927775430434868,0.12768185401854576,0.39097844663150716,0.732873019010574,hyper_in_B
DHX9,-0.07121259584051082,-0.09080818393248999,0.3936029924514074,0.7346124816011181,hypo_in_B
SQLE,0.06942985906011373,0.07107119963289539,0.39888398927800517,0.737409821884706,hyper_in_B
CHI3L1,-0.0204216578492456,-0.0380048992971811,0.39888398927800517,0.737409821884706,hypo_in_B
GIMAP7,-0.12780594580413712,-0.13079973339375475,0.40021087330925154,0.737409821884706,hypo_in_B
CHCHD2,-0.010466728916340498,-0.011149371884163102,0.40554488374596565,0.7409322137637262,hypo_in_B
SMAD3,-0.10996441954792596,-0.15123277095840873,0.40554488374596565,0.7409322137637262,hypo_in_B
ESM1,-0.16987710376859555,-0.17954359049369137,0.40890010464960214,0.7419358030024666,hypo_in_B
GOLPH3L,-0.07301176685468305,-0.1027593402120708,0.40957312607501817,0.7419358030024666,hypo_in_B
EFR3A,-0.10667780057250392,-0.10832614653840052,0.41227179254979107,0.7419358030024666,hypo_in_B
SELENBP1,-0.11391486597580569,-0.1425102432217466,0.41294810282585326,0.7419358030024666,hypo_in_B
TGFB1,0.23205184217764693,0.22350670879716883,0.4170197470544047,0.7455123234334926,hyper_in_B
S100A14,-0.062459803422227206,-0.06739851676868576,0.41838220460586306,0.7455123234334926,hypo_in_B
ARID1B,-0.02840169969741172,-0.028571012085612333,0.4224852688704923,0.7497382025447671,hypo_in_B
ATP6V1C1,0.08654848682743467,0.09838854333313247,0.4245456108084824,0.7503193856329505,hyper_in_B
RB1,-0.08463241344151126,-0.09539320869003398,0.4300684826130994,0.7569904592336262,hypo_in_B
AURKA,-0.06668455945111186,-0.07486430088748562,0.43215026688852254,0.75757516422158,hypo_in_B
CHEK1,0.04148964715427744,0.08409952958353616,0.43563284656533796,0.7606008974306102,hyper_in_B
PHGDH,-0.010901638027634532,-0.011740169943602323,0.43913155902905887,0.7617911598776538,hypo_in_B
CDCA7,-0.04607008909996774,-0.049321752472446405,0.4398332331857123,0.7617911598776538,hypo_in_B
SERPINB9,0.08333921162608812,0.09424006692836234,0.4440567663865109,0.7630023009736477,hyper_in_B
AZGP1,0.07662069774217535,0.10094152051111095,0.4440567663865109,0.7630023009736477,hyper_in_B
VEGFA,0.09766032674777034,0.13925811180667985,0.448303358791337,0.7648567595838012,hyper_in_B
UBE2C,-0.1079949576676425,-0.11704339085439089,0.44901335976737555,0.7648567595838012,hypo_in_B
CDC20,-0.06249133355019635,-0.05763423345042671,0.45043527411979056,0.7648567595838012,hypo_in_B
RASSF1,0.034592372591426834,0.046085449059369475,0.4532867403839942,0.7666920257276152,hyper_in_B
SCG5,0.15543723698340658,0.15230541842092446,0.45830123716201565,0.7710084519678543,hyper_in_B
FSCN1,0.0912781689812692,0.09471271179463824,0.46118057519555256,0.7710084519678543,hyper_in_B
UBE2T,-0.05238973384311392,-0.05052020078076239,0.46118057519555256,0.7710084519678543,hypo_in_B
DNMT1,-0.06874153802425131,-0.07011947400136163,0.4713374462918535,0.7819506292887838,hypo_in_B
ETV3,0.10212043380381669,0.10947331392741923,0.4713374462918535,0.7819506292887838,hyper_in_B
METRN,-0.06252542344511354,-0.07039930409430802,0.4890326863077975,0.8051374645295677,hypo_in_B
RUNDC1,-0.08185685036119769,-0.08954761831323627,0.4890326863077975,0.8051374645295677,hypo_in_B
CDKN2A,-0.11289986021126121,-0.11158300852008868,0.49276372739806484,0.8063795963298351,hypo_in_B
FGF4,0.04457764922514933,0.05263983520329733,0.4935117621880053,0.8063795963298351,hyper_in_B
C1S,-0.07991859268980309,-0.09940855771507799,0.4957595096823624,0.8070070214002365,hypo_in_B
POLD2,0.061793889574205174,0.06561856153282758,0.5032912965565991,0.8161989940412262,hyper_in_B
TP53,-0.06635623670059874,-0.07799797147240353,0.5093599613845222,0.8162818424634294,hypo_in_B
BBC3,0.050521100939360526,0.05696523393409377,0.510121229863967,0.8162818424634294,hyper_in_B
VWF,-0.05460949388787893,-0.06175406767105717,0.510121229863967,0.8162818424634294,hypo_in_B
CCNB2,0.07969251636111936,0.07879051833117454,0.5108830930891209,0.8162818424634294,hyper_in_B
FGF19,0.04874104370439811,0.07558309593905149,0.5147013090715657,0.8175717699618124,hyper_in_B
LGALS3BP,-0.07053272101697347,-0.08495755040999742,0.5154667279435907,0.8175717699618124,hypo_in_B
AURKB,-0.07779127491904332,-0.08500827360991713,0.5262443033546016,0.8316196472720528,hypo_in_B
XRCC4,-0.10025894826139989,-0.10846624402006395,0.530121152289317,0.8328947332009449,hypo_in_B
CDC42SE1,0.06398536548125702,0.07121167261213923,0.5308982594999094,0.8328947332009449,hyper_in_B
GRB7,-0.08085066787970052,-0.0923959983676699,0.5347924462231144,0.8359751957206084,hypo_in_B
TSPAN14,-0.07238598333412216,-0.08612181292808138,0.5434100713539372,0.8463905068210604,hypo_in_B
KCTD3,-0.04905167797979876,-0.05013115483532813,0.5513038029326355,0.855607694157101,hypo_in_B
RPRD2,0.07135841522324271,0.08252166699905324,0.5560669494959931,0.8599178183277323,hyper_in_B
MARCKS,-0.06520028004796621,-0.06557034559574992,0.562448879656857,0.8636183152177981,hypo_in_B
SYNGR2,-0.06543272895746713,-0.07456679077379716,0.562448879656857,0.8636183152177981,hypo_in_B
SELL,-0.0920748760156537,-0.09532224261165688,0.566455464568939,0.8660944108821395,hypo_in_B
FKBP10,0.10227618918493583,0.11949672347748809,0.568061923072812,0.8660944108821395,hyper_in_B
SLC30A1,-0.07735216877491002,-0.08963860662781033,0.5720875775056955,0.8661325911187627,hypo_in_B
SHC1,0.07549789620791475,0.08397970725880172,0.5720875775056955,0.8661325911187627,hyper_in_B
PIP,-0.0655673071354459,-0.07179300809732488,0.5753178302119353,0.8679882246751498,hypo_in_B
RPL37,0.12424897031305872,0.1326213121498094,0.5777461625375927,0.8686253068707558,hyper_in_B
NCOR1,0.041393196982252245,0.041399395468458056,0.5826172455000203,0.8729178799360165,hyper_in_B
FZD6,-0.08266128300551404,-0.08394139847154486,0.5875074100189082,0.8766941941513986,hypo_in_B
PYCARD,0.07767875289109354,0.08155320247770513,0.5915969980628515,0.8766941941513986,hyper_in_B
MLPH,-0.10528964664592733,-0.13263852535060544,0.5932364870354729,0.8766941941513986,hypo_in_B
AQP1,0.053922647805668224,0.06346447868726346,0.5932364870354729,0.8766941941513986,hyper_in_B
PCOLCE,0.028236716719492558,0.03162596404866881,0.5998151567965515,0.8810535418116318,hyper_in_B
C17orf58,-0.06536887262570107,-0.07604994368262934,0.602290642901254,0.8810535418116318,hypo_in_B
WIF1,0.06800514153727616,0.0780169169007665,0.602290642901254,0.8810535418116318,hyper_in_B
CCND2,0.04414708249963578,0.053530752989103814,0.6047707218595677,0.8817027695797738,hyper_in_B
TMEM204,0.034624279389737306,0.04588557055256682,0.6080845986116743,0.8818057031578315,hyper_in_B
SLC39A6,-0.0893593167560357,-0.09237628493067071,0.6089143308179945,0.8818057031578315,hypo_in_B
AKR1B1,0.043248955148992976,0.05514938488348865,0.6130705269134509,0.8848651271784141,hyper_in_B
SERPINB5,-0.021315452973744847,-0.02699625490755403,0.6189101414437956,0.8897763641754457,hypo_in_B
ECM1,0.05567080179555889,0.05872540063279716,0.6205830530738674,0.8897763641754457,hyper_in_B
BRCA1,0.08966358607366136,0.131866974183811,0.6230961025976797,0.8904310641082354,hyper_in_B
HOXB7,-0.018158968167993644,-0.021366567184551735,0.6264536710418414,0.8917462775568386,hypo_in_B
TFAP2C,0.10549968654061134,0.10582295959940602,0.6281353687178655,0.8917462775568386,hyper_in_B
SLC7A2,-0.08322049447744198,-0.0923808528552791,0.6331920287426488,0.89269680603649,hypo_in_B
RACGAP1,0.1141866748242083,0.1283067695947716,0.6348814134583965,0.89269680603649,hyper_in_B
OXCT1,0.09237431295332472,0.10316118236541905,0.6374190572280171,0.89269680603649,hyper_in_B
SOX9,0.021945342934373446,0.029699197423001394,0.6382658859132297,0.89269680603649,hyper_in_B
PLTP,0.09116591000161967,0.10792359628915757,0.6391131867697735,0.89269680603649,hyper_in_B
DLGAP5,0.17565848059366093,0.17375574204640346,0.6467599883676977,0.9004729098495599,hyper_in_B
GOLT1A,-0.011714219867408004,-0.011516862378642072,0.6501706404903277,0.9018002800572357,hypo_in_B
FOXM1,0.003719067785499037,0.003734629965709397,0.651878724383175,0.9018002800572357,hyper_in_B
HOXB2,-0.02317441436311926,-0.023088288198063113,0.6570139156230099,0.9031334141738517,hypo_in_B
RIN2,0.029209040715181683,0.03039558711173743,0.6570139156230099,0.9031334141738517,hyper_in_B
MIA,0.047964614939249695,0.09302482274771663,0.6621653542624621,0.9073341721381206,hyper_in_B
ZNF880,0.061781488531240665,0.06470719202026587,0.6664704794740915,0.9081582500340938,hyper_in_B
STAC2,0.0734093776045518,0.08968945850320068,0.6690588493322769,0.9081582500340938,hyper_in_B
TFF3,-0.07461011116454003,-0.12476709079745013,0.6690588493322769,0.9081582500340938,hypo_in_B
S100A16,0.07259683087845657,0.08053468496113762,0.6794514437407901,0.9180024528805327,hyper_in_B
E2F1,0.03998991145859514,0.0469756172915014,0.6820592357604003,0.9180024528805327,hyper_in_B
RGS2,-0.03319302612492067,-0.03474657798513915,0.682929346180686,0.9180024528805327,hypo_in_B
ATM,-0.06396186048671926,-0.06993199508307414,0.68554220242299,0.9180024528805327,hypo_in_B
EPHX2,0.04299037663878033,0.047001977913978366,0.6881588246597707,0.9180024528805327,hyper_in_B
RAB34,0.05046115586684916,0.05555734222235752,0.6890318641713005,0.9180024528805327,hyper_in_B
CD55,0.003791662946486196,0.004311134222745839,0.7004187049574827,0.9303107338852455,hyper_in_B
RAB4A,-0.07392847424240359,-0.08268521116137763,0.7039360819188749,0.9321233133665836,hypo_in_B
C1orf116,-0.039036677285066476,-0.04501305144260732,0.7083417179409257,0.9340640254279368,hypo_in_B
ELF3,-0.07289150687419359,-0.08634255326654747,0.7109898031380737,0.9340640254279368,hypo_in_B
NOTCH3,-0.07559195999714614,-0.09652214456185103,0.7118732757302982,0.9340640254279368,hypo_in_B
TBX3,-0.017109003179570786,-0.02109212250901005,0.7154110251331951,0.9358700117301314,hypo_in_B
LAMB3,0.06418591712246771,0.08668039153623786,0.7260607324521179,0.9425555123157626,hyper_in_B
PLK1,-0.014606941762109,-0.016272633329407177,0.7296225557799525,0.9425555123157626,hypo_in_B
ALDOC,-0.010817884023596958,-0.011703201298527904,0.7296225557799525,0.9425555123157626,hypo_in_B
AEBP1,0.06242583706430735,0.07024393851893468,0.7314056631364809,0.9425555123157626,hyper_in_B
APC,-0.04052948329780992,-0.04093130859160055,0.7314056631364809,0.9425555123157626,hypo_in_B
RHOD,-0.05658542149037063,-0.07001325617214665,0.7340830439398964,0.9431986885043774,hypo_in_B
IL17RB,0.02983051986174369,0.0318194545416428,0.7403428026422775,0.9484273181778289,hyper_in_B
SNRPE,0.04842467589523437,0.05808996318470995,0.7484163441702776,0.9518849876584569,hyper_in_B
RARA,-0.025436644327851532,-0.03040017144938171,0.7511137164435131,0.9518849876584569,hypo_in_B
FGF3,0.012093620711468661,0.01357266996487019,0.7556160881116077,0.9518849876584569,hyper_in_B
C6orf62,0.037298594711104874,0.03646952193588564,0.7556160881116077,0.9518849876584569,hyper_in_B
SNHG9,-0.047276751038167975,-0.052280833981889825,0.7574193730891445,0.9518849876584569,hypo_in_B
COL1A1,0.047683875433659775,0.06144138649161856,0.7583215116384004,0.9518849876584569,hyper_in_B
GSTM1,-0.08553825062221679,-0.0935105662761974,0.7584303019449599,0.9518849876584569,hypo_in_B
BUB1,0.07741371606329503,0.07191861396323865,0.7655503737170968,0.9575424539586315,hyper_in_B
FGFR1,0.0378223050704723,0.04086859499392346,0.7673608118328987,0.9575424539586315,hyper_in_B
IL6ST,-0.055560725104526976,-0.08126315903624784,0.7709854902747255,0.959300911749874,hypo_in_B
KRT19,-0.042182397219456234,-0.042914802369388695,0.7818892708440308,0.9700803847434537,hypo_in_B
ZEB2,0.041184140482781795,0.04840982436554053,0.7891824931867796,0.9711763814149132,hyper_in_B
PAK1,-0.05195523299326722,-0.06071137428262556,0.7928360875645327,0.9711763814149132,hypo_in_B
CLEC2B,0.0599870071619556,0.062024557463490365,0.7937502006646997,0.9711763814149132,hyper_in_B
A2M,-0.046736874900325645,-0.047256293792693464,0.7983249933421396,0.9711763814149132,hypo_in_B
MYBL2,0.0737830711084636,0.07261506111193929,0.8029067211760705,0.9711763814149132,hyper_in_B
SSR3,0.031114965079138107,0.03282071808031021,0.80565902406539,0.9711763814149132,hyper_in_B
SEC14L2,-0.0203655315742087,-0.02354509689908905,0.8084137366661366,0.9711763814149132,hypo_in_B
CDKN1B,0.0027857119496964844,0.0027800512199811617,0.8084137366661366,0.9711763814149132,hyper_in_B
S100A6,0.05284300004832356,0.06822870283828796,0.8093325040288951,0.9711763814149132,hyper_in_B
RASSF7,0.012097864440326372,0.01227598496829032,0.8120903785795872,0.9711763814149132,hyper_in_B
LXN,0.03935940026025617,0.0437461276972538,0.8130101901897901,0.9711763814149132,hyper_in_B
FLT1,-0.0057808406248356925,-0.00631473615490626,0.8148505862293598,0.9711763814149132,hypo_in_B
GATA3,-0.049926457882178595,-0.05529506725628312,0.8148505862293598,0.9711763814149132,hypo_in_B
BAG1,0.007325566300871653,0.010055657579420837,0.8166920045460397,0.9711763814149132,hyper_in_B
BNIPL,-0.030756868278142946,-0.04101105268004286,0.8185344353468995,0.9711763814149132,hypo_in_B
TRPS1,0.031487601734887405,0.039502585367630454,0.8194560273640148,0.9711763814149132,hyper_in_B
SNAI2,0.05729743368042778,0.0610461283393788,0.8222222951457178,0.9711763814149132,hyper_in_B
JUP,-0.06164786829120929,-0.0683000199529962,0.8231448775502844,0.9711763814149132,hypo_in_B
LMO1,0.061235600398214844,0.06047766897275185,0.8277614326958511,0.9716556565959724,hyper_in_B
YWHAZ,-0.023990163991940816,-0.02696308844043361,0.8314589744205558,0.9716556565959724,hypo_in_B
CDK6,0.03344899571280441,0.03892311399831708,0.8323839464219613,0.9716556565959724,hyper_in_B
CDC6,-0.05898600965762271,-0.05961687867209967,0.8370122637486361,0.9716556565959724,hypo_in_B
RBP1,-0.0021591764695775006,-0.0025487687476774025,0.8425736861913619,0.9716556565959724,hypo_in_B
FMOD,0.07069488194760515,0.08002104698271449,0.8453573630147061,0.9716556565959724,hyper_in_B
ZHX1,0.03552591507064168,0.03587070616459996,0.84721422296244,0.9716556565959724,hyper_in_B
ACLY,0.01267604893696847,0.013694328356577086,0.8490719315069735,0.9716556565959724,hyper_in_B
SFRP1,-0.07448014053205623,-0.07641439428520307,0.8500011008587174,0.9716556565959724,hypo_in_B
PI4KB,0.00252117077151906,0.0029099476415474636,0.8555804486939624,0.9716556565959724,hyper_in_B
TM4SF18,0.026009944303205357,0.03263515417296804,0.8574418511869357,0.9716556565959724,hyper_in_B
NID1,-0.025744406416660093,-0.03036019951689439,0.8630307765581329,0.9716556565959724,hypo_in_B
SDCBP,0.037051313987622764,0.04126254618702535,0.8648952904744978,0.9716556565959724,hyper_in_B
GRAMD1A,0.02527272097979122,0.034054655542886975,0.8667605568359384,0.9716556565959724,hyper_in_B
MRC2,0.057631853055500115,0.06537421713718768,0.8676934689997672,0.9716556565959724,hyper_in_B
CCDC3,0.029148839088736528,0.0331932632743945,0.8686265654527539,0.9716556565959724,hyper_in_B
CST1,0.02769846922071384,0.03111642876297055,0.8686265654527539,0.9716556565959724,hyper_in_B
BNIP3L,-0.06755112301222657,-0.07423690045279734,0.869559844919249,0.9716556565959724,hypo_in_B
MGP,-0.05747222575708269,-0.07202802566417078,0.8700248567560692,0.9716556565959724,hypo_in_B
RSF1,0.027072750761515357,0.027936215155266335,0.8714269477863473,0.9716556565959724,hyper_in_B
S100A4,-0.007444590080325164,-0.01030138615158553,0.8732947673806637,0.9716556565959724,hypo_in_B
PRRX1,0.03655598069894814,0.03792435299721384,0.874228942753372,0.9716556565959724,hyper_in_B
PIK3CA,0.029543164527880767,0.030097595023786596,0.8751632934698135,0.9716556565959724,hyper_in_B
TP53INP1,0.026132524042096428,0.03179115161905859,0.8807730082061641,0.9728946748807884,hyper_in_B
BIRC5,-0.06253106043976722,-0.0689559928806255,0.8807730082061641,0.9728946748807884,hypo_in_B
KRT15,0.02316642554267732,0.025047560475939097,0.8873252252788549,0.9745326235317542,hyper_in_B
AP2B1,0.05644719440316883,0.07179047437629174,0.8891987227568374,0.9745326235317542,hyper_in_B
KRT23,-0.03713324403276773,-0.039201917106345185,0.890135704289006,0.9745326235317542,hypo_in_B
CRNKL1,-0.01460781695007407,-0.018986903580738707,0.8920101264801668,0.9745326235317542,hypo_in_B
BCL2,0.044173215582607485,0.05016537146347019,0.894822888186175,0.9745326235317542,hyper_in_B
COL10A1,-0.008143560081571362,-0.008083100408827211,0.8957597786735293,0.9745326235317542,hypo_in_B
CMTM3,0.0427813912703083,0.049532408966943345,0.9004523456965116,0.9763643779600892,hyper_in_B
AKT1,-0.04748233977907493,-0.04823511117373108,0.9032689714524705,0.9763643779600892,hypo_in_B
COTL1,0.020713471655122967,0.02105800730683758,0.9042081190808218,0.9763643779600892,hyper_in_B
RBBP8,-0.012942103311141429,-0.015837632756382454,0.9126663223490925,0.9830460636247689,hypo_in_B
NDRG1,-0.03863226713452622,-0.04399041502447549,0.9164287597877094,0.9846492629977126,hypo_in_B
SEZ6L2,0.06858893900014802,0.06961647924223725,0.9267848679296742,0.9869990017937831,hyper_in_B
MYC,0.003951434203856588,0.004105518896006075,0.9286691821725116,0.9869990017937831,hyper_in_B
KRT5,-0.021893705486854452,-0.02279426542920644,0.9305538964669722,0.9869990017937831,hypo_in_B
TOP2A,0.03846458176843111,0.040749638610176275,0.9343244831409848,0.9869990017937831,hyper_in_B
SERPINE1,-0.0037473705230865184,-0.005183166998260438,0.9352673634029117,0.9869990017937831,hypo_in_B
GREB1,-0.05811031006424702,-0.07604099228108456,0.9371533950235003,0.9869990017937831,hypo_in_B
CPA3,0.034479194450060646,0.041658724884390604,0.9409265057608655,0.9869990017937831,hyper_in_B
BRCA2,0.007573032251824707,0.013134445107477306,0.9428135637840535,0.9869990017937831,hyper_in_B
TYMS,-0.04829249916361623,-0.04990867890612408,0.9428135637840535,0.9869990017937831,hypo_in_B
NME3,0.008484557236085405,0.009716569831695611,0.9456447494523096,0.9869990017937831,hyper_in_B
NEK2,-0.03491852952351865,-0.040086110107554106,0.9465886323633254,0.9869990017937831,hypo_in_B
PTMS,-0.013126947550976875,-0.015222876941172912,0.9494207256686193,0.9869990017937831,hypo_in_B
MAGEF1,0.05203159926857471,0.05736036588822732,0.9503649005560559,0.9869990017937831,hyper_in_B
ATP6V1B2,0.0038138913698490956,0.0037636164484427252,0.9513091451330311,0.9869990017937831,hyper_in_B
DSTN,-0.006447632958252876,-0.007038137871356253,0.954142283775534,0.9869990017937831,hypo_in_B
KIF2C,-0.018477649020700825,-0.0215360634498384,0.9550867938835914,0.9869990017937831,hypo_in_B
CRABP2,0.058408069842834184,0.059970451807328795,0.9598102640629457,0.9887073408609722,hyper_in_B
PXMP4,0.03350744076324394,0.04411513446317729,0.9617000565778557,0.9887073408609722,hyper_in_B
KIF23,-0.029785287308422094,-0.028671345913135773,0.9635900643033032,0.9887073408609722,hypo_in_B
RSL1D1,0.007719717367757839,0.008571651873168178,0.9692612726762209,0.9908006417046618,hyper_in_B
CYB5R1,0.024353626165789455,0.02910323011547709,0.9702066329856273,0.9908006417046618,hyper_in_B
HTATIP2,0.0026261638327103078,0.003409307823783877,0.9730429597980919,0.9913590625707618,hyper_in_B
LRP5,-0.008576243098673303,-0.00925859317353148,0.9768252530478955,0.9928763722294336,hypo_in_B
PIK3R1,0.008216240175881961,0.00956428320160584,0.9824996434806633,0.9963052590799233,hyper_in_B
IGFBP4,0.06667947818969391,0.07271246320478271,0.990066825292494,0.9965618439909545,hyper_in_B
CD44,0.013609231060256313,0.013896845062586427,0.990066825292494,0.9965618439909545,hyper_in_B
RAB25,-0.058549542601235495,-0.07237445527171714,0.991012799816591,0.9965618439909545,hypo_in_B
SCUBE2,-0.03805226532133266,-0.058288415645923984,0.9919587869748301,0.9965618439909545,hypo_in_B
BLVRA,-0.06922727943753113,-0.07450459137056065,0.9966888657347741,0.998996015886938,hypo_in_B
GCC1,0.011440709746629946,0.012072235789195144,0.9995269794892624,0.9995269794892624,hyper_in_B
